{
	"credit": "Made with Blockbench",
	"textures": {
		"0": "block/custom/moghead",
		"1": "block/custom/mogglasses",
		"2": "block/custom/goodgold",
		"3": "block/custom/crownstickers",
		"4": "block/custom/mogrobe",
		"5": "block/custom/mogleg",
		"6": "block/custom/mogarm",
		"7": "block/custom/cape",
		"particle": "block/custom/moghead"
	},
	"elements": [
		{
			"name": "head",
			"from": [4, 5, 6],
			"to": [11, 12, 13],
			"faces": {
				"north": {"uv": [0, 0, 7, 7], "texture": "#0"},
				"east": {"uv": [7, 7, 0, 14], "texture": "#0"},
				"south": {"uv": [7, 0, 14, 7], "texture": "#0"},
				"west": {"uv": [0, 7, 7, 14], "texture": "#0"},
				"up": {"uv": [14, 14, 7, 7], "texture": "#0"},
				"down": {"uv": [3.5, 10.5, 0, 14], "texture": "#0"}
			}
		},
		{
			"from": [3.725, 10.5, 5.725],
			"to": [11.225, 11.8, 5.975],
			"rotation": {"angle": 0, "axis": "y", "origin": [7.125, 12, 9.5]},
			"faces": {
				"north": {"uv": [0, 3, 8.5, 5.3], "texture": "#2"},
				"east": {"uv": [0, 0, 0.25, 1.3], "texture": "#2"},
				"south": {"uv": [0, 3, 8.5, 5.3], "texture": "#2"},
				"west": {"uv": [0, 0, 0.25, 1.3], "texture": "#2"},
				"up": {"uv": [0, 0, 0.25, 7.5], "rotation": 270, "texture": "#2"},
				"down": {"uv": [0, 0, 0.25, 7.5], "rotation": 90, "texture": "#2"}
			}
		},
		{
			"from": [3.725, 10.5, 13.025],
			"to": [11.225, 11.8, 13.275],
			"rotation": {"angle": 0, "axis": "y", "origin": [7.125, 12, 9.5]},
			"faces": {
				"north": {"uv": [0, 0, 7.5, 1.3], "texture": "#2"},
				"east": {"uv": [0, 0, 0.25, 1.3], "texture": "#2"},
				"south": {"uv": [0, 2, 8.5, 4.3], "texture": "#2"},
				"west": {"uv": [0, 0, 0.25, 1.3], "texture": "#2"},
				"up": {"uv": [0, 0, 0.25, 7.5], "rotation": 270, "texture": "#2"},
				"down": {"uv": [0, 0, 0.25, 7.5], "rotation": 90, "texture": "#2"}
			}
		},
		{
			"from": [11, 10.5, 5.75],
			"to": [11.25, 11.8, 13.25],
			"faces": {
				"north": {"uv": [0, 0, 0.25, 1.3], "texture": "#2"},
				"east": {"uv": [0, 0, 8.5, 2.3], "texture": "#2"},
				"south": {"uv": [0, 0, 0.25, 1.3], "texture": "#2"},
				"west": {"uv": [0, 0, 7.5, 1.3], "texture": "#2"},
				"up": {"uv": [0, 0, 0.25, 7.5], "texture": "#2"},
				"down": {"uv": [0, 0, 0.25, 7.5], "texture": "#2"}
			}
		},
		{
			"from": [3.75, 10.5, 5.75],
			"to": [4, 11.8, 13.25],
			"faces": {
				"north": {"uv": [0, 0, 0.25, 1.3], "texture": "#2"},
				"east": {"uv": [0, 0, 7.5, 1.3], "texture": "#2"},
				"south": {"uv": [0, 0, 0.25, 1.3], "texture": "#2"},
				"west": {"uv": [0, 0, 8.5, 2.3], "texture": "#2"},
				"up": {"uv": [0, 0, 0.25, 7.5], "texture": "#2"},
				"down": {"uv": [0, 0, 0.25, 7.5], "texture": "#2"}
			}
		},
		{
			"from": [3.75, 11.75, 5.75],
			"to": [4, 12.75, 7.5],
			"faces": {
				"north": {"uv": [0, 0, 0.25, 1], "texture": "#2"},
				"east": {"uv": [0, 0, 1.75, 1], "texture": "#2"},
				"south": {"uv": [0, 0, 0.25, 1], "texture": "#2"},
				"west": {"uv": [7, 2, 10.75, 4], "texture": "#2"},
				"up": {"uv": [0, 0, 0.25, 1.75], "texture": "#2"},
				"down": {"uv": [0, 0, 0.25, 1.75], "texture": "#2"}
			}
		},
		{
			"from": [3.75, 11.75, 8.75],
			"to": [4, 12.75, 10.4],
			"faces": {
				"north": {"uv": [0, 0, 0.25, 1], "texture": "#2"},
				"east": {"uv": [0, 0, 1.65, 1], "texture": "#2"},
				"south": {"uv": [0, 0, 0.25, 1], "texture": "#2"},
				"west": {"uv": [0, 0.25, 3.65, 2.25], "texture": "#2"},
				"up": {"uv": [0, 0, 0.25, 1.65], "texture": "#2"},
				"down": {"uv": [0, 0, 0.25, 1.65], "texture": "#2"}
			}
		},
		{
			"from": [3.75, 11.75, 11.5],
			"to": [4, 12.75, 13.25],
			"faces": {
				"north": {"uv": [0, 0, 0.25, 1], "texture": "#2"},
				"east": {"uv": [0, 0, 1.75, 1], "texture": "#2"},
				"south": {"uv": [0, 0, 0.25, 1], "texture": "#2"},
				"west": {"uv": [8, 0, 11.75, 2], "texture": "#2"},
				"up": {"uv": [0, 0, 0.25, 1.75], "texture": "#2"},
				"down": {"uv": [0, 0, 0.25, 1.75], "texture": "#2"}
			}
		},
		{
			"from": [11, 11.75, 8.75],
			"to": [11.25, 12.75, 10.4],
			"faces": {
				"north": {"uv": [0, 0, 0.25, 1], "texture": "#2"},
				"east": {"uv": [6, 0, 9.65, 2], "texture": "#2"},
				"south": {"uv": [0, 0, 0.25, 1], "texture": "#2"},
				"west": {"uv": [0, 0, 1.65, 1], "texture": "#2"},
				"up": {"uv": [0, 0, 0.25, 1.65], "texture": "#2"},
				"down": {"uv": [0, 0, 0.25, 1.65], "texture": "#2"}
			}
		},
		{
			"from": [11, 11.75, 5.75],
			"to": [11.25, 12.75, 7.5],
			"faces": {
				"north": {"uv": [0, 0, 0.25, 1], "texture": "#2"},
				"east": {"uv": [6, 0, 9.75, 2], "texture": "#2"},
				"south": {"uv": [0, 0, 0.25, 1], "texture": "#2"},
				"west": {"uv": [0, 0, 1.75, 1], "texture": "#2"},
				"up": {"uv": [0, 0, 0.25, 1.75], "texture": "#2"},
				"down": {"uv": [0, 0, 0.25, 1.75], "texture": "#2"}
			}
		},
		{
			"from": [11, 11.75, 11.5],
			"to": [11.25, 12.75, 13.25],
			"faces": {
				"north": {"uv": [0, 0, 0.25, 1], "texture": "#2"},
				"east": {"uv": [5, 0, 6.75, 1.25], "texture": "#2"},
				"south": {"uv": [0, 0, 0.25, 1], "texture": "#2"},
				"west": {"uv": [0, 0, 1.75, 1], "texture": "#2"},
				"up": {"uv": [0, 0, 0.25, 1.75], "texture": "#2"},
				"down": {"uv": [0, 0, 0.25, 1.75], "texture": "#2"}
			}
		},
		{
			"from": [6.75, 11.75, 13],
			"to": [8.4, 12.75, 13.25],
			"rotation": {"angle": 0, "axis": "y", "origin": [7.625, 12.25, 9.5]},
			"faces": {
				"north": {"uv": [0, 0, 1.65, 1], "texture": "#2"},
				"east": {"uv": [0, 0, 0.25, 1], "texture": "#2"},
				"south": {"uv": [7, 0, 10.65, 2], "texture": "#2"},
				"west": {"uv": [0, 0, 0.25, 1], "texture": "#2"},
				"up": {"uv": [0, 0, 0.25, 1.65], "rotation": 270, "texture": "#2"},
				"down": {"uv": [0, 0, 0.25, 1.65], "rotation": 90, "texture": "#2"}
			}
		},
		{
			"from": [3.75, 11.75, 13],
			"to": [5.5, 12.75, 13.25],
			"rotation": {"angle": 0, "axis": "y", "origin": [7.625, 12.25, 9.5]},
			"faces": {
				"north": {"uv": [0, 0, 1.75, 1], "texture": "#2"},
				"east": {"uv": [0, 0, 0.25, 1], "texture": "#2"},
				"south": {"uv": [3, 0, 6.75, 2], "texture": "#2"},
				"west": {"uv": [0, 0, 0.25, 1], "texture": "#2"},
				"up": {"uv": [0, 0, 0.25, 1.75], "rotation": 270, "texture": "#2"},
				"down": {"uv": [0, 0, 0.25, 1.75], "rotation": 90, "texture": "#2"}
			}
		},
		{
			"from": [9.5, 11.75, 13],
			"to": [11.25, 12.75, 13.25],
			"rotation": {"angle": 0, "axis": "y", "origin": [7.625, 12.25, 9.5]},
			"faces": {
				"north": {"uv": [0, 0, 1.75, 1], "texture": "#2"},
				"east": {"uv": [8, 1, 8.25, 2], "texture": "#2"},
				"south": {"uv": [5, 0, 8.75, 2], "texture": "#2"},
				"west": {"uv": [0, 0, 0.25, 1], "texture": "#2"},
				"up": {"uv": [0, 0, 0.25, 1.75], "rotation": 270, "texture": "#2"},
				"down": {"uv": [0, 0, 0.25, 1.75], "rotation": 90, "texture": "#2"}
			}
		},
		{
			"from": [6.75, 11.75, 5.75],
			"to": [8.4, 12.75, 6],
			"rotation": {"angle": 0, "axis": "y", "origin": [7.625, 12.25, 9.5]},
			"faces": {
				"north": {"uv": [9, 0, 12.65, 2], "texture": "#2"},
				"east": {"uv": [0, 0, 0.25, 1], "texture": "#2"},
				"south": {"uv": [0, 0, 1.65, 1], "texture": "#2"},
				"west": {"uv": [0, 0, 0.25, 1], "texture": "#2"},
				"up": {"uv": [0, 0, 0.25, 1.65], "rotation": 270, "texture": "#2"},
				"down": {"uv": [0, 0, 0.25, 1.65], "rotation": 90, "texture": "#2"}
			}
		},
		{
			"from": [3.75, 11.75, 5.75],
			"to": [5.5, 12.75, 6],
			"rotation": {"angle": 0, "axis": "y", "origin": [7.625, 12.25, 9.5]},
			"faces": {
				"north": {"uv": [4, 0, 7.75, 2], "texture": "#2"},
				"east": {"uv": [0, 0, 0.25, 1], "texture": "#2"},
				"south": {"uv": [0, 0, 1.75, 1], "texture": "#2"},
				"west": {"uv": [0, 0, 0.25, 1], "texture": "#2"},
				"up": {"uv": [0, 0, 0.25, 1.75], "rotation": 270, "texture": "#2"},
				"down": {"uv": [0, 0, 0.25, 1.75], "rotation": 90, "texture": "#2"}
			}
		},
		{
			"from": [9.5, 11.75, 5.75],
			"to": [11.25, 12.75, 6],
			"rotation": {"angle": 0, "axis": "y", "origin": [7.625, 12.25, 9.5]},
			"faces": {
				"north": {"uv": [4, 0, 7.75, 2], "texture": "#2"},
				"east": {"uv": [0, 0, 0.25, 1], "texture": "#2"},
				"south": {"uv": [0, 0, 1.75, 1], "texture": "#2"},
				"west": {"uv": [0, 0, 0.25, 1], "texture": "#2"},
				"up": {"uv": [0, 0, 0.25, 1.75], "rotation": 270, "texture": "#2"},
				"down": {"uv": [0, 0, 0.25, 1.75], "rotation": 90, "texture": "#2"}
			}
		},
		{
			"from": [3.7, 11.5, 9.25],
			"to": [3.7, 12.25, 10],
			"rotation": {"angle": 45, "axis": "x", "origin": [3.7, 11.875, 9.625]},
			"faces": {
				"north": {"uv": [0, 0, 0, 1], "texture": "#3"},
				"east": {"uv": [0, 0, 1, 1], "texture": "#3"},
				"south": {"uv": [0, 0, 0, 1], "texture": "#3"},
				"west": {"uv": [0, 1, 1, 2], "texture": "#3"},
				"up": {"uv": [0, 1, 0, 0], "texture": "#3"},
				"down": {"uv": [0, 0, 0, 1], "texture": "#3"}
			}
		},
		{
			"from": [3.7, 11.5, 12.125],
			"to": [3.7, 12, 12.625],
			"rotation": {"angle": 45, "axis": "x", "origin": [3.7, 11.75, 12.375]},
			"faces": {
				"north": {"uv": [0, 0, 0, 1], "texture": "#3"},
				"east": {"uv": [1, 0, 2, 1], "texture": "#3"},
				"south": {"uv": [0, 0, 0, 1], "texture": "#3"},
				"west": {"uv": [1, 1, 2, 2], "texture": "#3"},
				"up": {"uv": [0, 1, 0, 0], "texture": "#3"},
				"down": {"uv": [0, 0, 0, 1], "texture": "#3"}
			}
		},
		{
			"from": [3.7, 11.5, 6.375],
			"to": [3.7, 12, 6.875],
			"rotation": {"angle": 45, "axis": "x", "origin": [3.7, 11.75, 6.625]},
			"faces": {
				"north": {"uv": [0, 0, 0, 1], "texture": "#3"},
				"east": {"uv": [0, 2, 1, 3], "texture": "#3"},
				"south": {"uv": [0, 0, 0, 1], "texture": "#3"},
				"west": {"uv": [2, 0, 3, 1], "texture": "#3"},
				"up": {"uv": [0, 1, 0, 0], "texture": "#3"},
				"down": {"uv": [0, 0, 0, 1], "texture": "#3"}
			}
		},
		{
			"from": [11.3, 11.5, 12.125],
			"to": [11.3, 12, 12.625],
			"rotation": {"angle": 45, "axis": "x", "origin": [3.7, 11.75, 12.375]},
			"faces": {
				"north": {"uv": [0, 0, 0, 1], "texture": "#3"},
				"east": {"uv": [1, 2, 2, 3], "texture": "#3"},
				"south": {"uv": [0, 0, 0, 1], "texture": "#3"},
				"west": {"uv": [2, 1, 3, 2], "texture": "#3"},
				"up": {"uv": [0, 1, 0, 0], "texture": "#3"},
				"down": {"uv": [0, 0, 0, 1], "texture": "#3"}
			}
		},
		{
			"from": [11.3, 11.5, 9.25],
			"to": [11.3, 12.25, 10],
			"rotation": {"angle": 45, "axis": "x", "origin": [3.7, 11.875, 9.625]},
			"faces": {
				"north": {"uv": [0, 0, 0, 1], "texture": "#3"},
				"east": {"uv": [2, 2, 3, 3], "texture": "#3"},
				"south": {"uv": [0, 0, 0, 1], "texture": "#3"},
				"west": {"uv": [0, 3, 1, 4], "texture": "#3"},
				"up": {"uv": [0, 1, 0, 0], "texture": "#3"},
				"down": {"uv": [0, 0, 0, 1], "texture": "#3"}
			}
		},
		{
			"from": [11.3, 11.5, 6.375],
			"to": [11.3, 12, 6.875],
			"rotation": {"angle": 45, "axis": "x", "origin": [3.7, 11.75, 6.625]},
			"faces": {
				"north": {"uv": [0, 0, 0, 1], "texture": "#3"},
				"east": {"uv": [3, 0, 4, 1], "texture": "#3"},
				"south": {"uv": [0, 0, 0, 1], "texture": "#3"},
				"west": {"uv": [1, 3, 2, 4], "texture": "#3"},
				"up": {"uv": [0, 1, 0, 0], "texture": "#3"},
				"down": {"uv": [0, 0, 0, 1], "texture": "#3"}
			}
		},
		{
			"from": [10.025, 11.5, 13.275],
			"to": [10.525, 12, 13.275],
			"rotation": {"angle": 45, "axis": "z", "origin": [10.275, 11.75, 5.7]},
			"faces": {
				"north": {"uv": [3, 1, 4, 2], "texture": "#3"},
				"east": {"uv": [0, 0, 0, 1], "texture": "#3"},
				"south": {"uv": [2, 3, 3, 4], "texture": "#3"},
				"west": {"uv": [0, 0, 0, 1], "texture": "#3"},
				"up": {"uv": [1, 0, 0, 0], "texture": "#3"},
				"down": {"uv": [1, 0, 0, 0], "texture": "#3"}
			}
		},
		{
			"from": [7.15, 11.5, 13.275],
			"to": [7.9, 12.25, 13.275],
			"rotation": {"angle": 45, "axis": "z", "origin": [7.525, 11.875, 5.7]},
			"faces": {
				"north": {"uv": [3, 2, 4, 3], "texture": "#3"},
				"east": {"uv": [0, 0, 0, 1], "texture": "#3"},
				"south": {"uv": [3, 3, 4, 4], "texture": "#3"},
				"west": {"uv": [0, 0, 0, 1], "texture": "#3"},
				"up": {"uv": [1, 0, 0, 0], "texture": "#3"},
				"down": {"uv": [1, 0, 0, 0], "texture": "#3"}
			}
		},
		{
			"from": [4.275, 11.5, 13.275],
			"to": [4.775, 12, 13.275],
			"rotation": {"angle": 45, "axis": "z", "origin": [4.525, 11.75, 5.7]},
			"faces": {
				"north": {"uv": [0, 4, 1, 5], "texture": "#3"},
				"east": {"uv": [0, 0, 0, 1], "texture": "#3"},
				"south": {"uv": [4, 0, 5, 1], "texture": "#3"},
				"west": {"uv": [0, 0, 0, 1], "texture": "#3"},
				"up": {"uv": [1, 0, 0, 0], "texture": "#3"},
				"down": {"uv": [1, 0, 0, 0], "texture": "#3"}
			}
		},
		{
			"from": [4.275, 11.5, 5.7],
			"to": [4.775, 12, 5.7],
			"rotation": {"angle": 45, "axis": "z", "origin": [4.525, 11.75, 5.7]},
			"faces": {
				"north": {"uv": [1, 4, 2, 5], "texture": "#3"},
				"east": {"uv": [0, 0, 0, 1], "texture": "#3"},
				"south": {"uv": [4, 1, 5, 2], "texture": "#3"},
				"west": {"uv": [0, 0, 0, 1], "texture": "#3"},
				"up": {"uv": [1, 0, 0, 0], "texture": "#3"},
				"down": {"uv": [1, 0, 0, 0], "texture": "#3"}
			}
		},
		{
			"from": [7.15, 11.5, 5.7],
			"to": [7.9, 12.25, 5.7],
			"rotation": {"angle": 45, "axis": "z", "origin": [7.525, 11.875, 5.7]},
			"faces": {
				"north": {"uv": [2, 4, 3, 5], "texture": "#3"},
				"east": {"uv": [0, 0, 0, 1], "texture": "#3"},
				"south": {"uv": [4, 2, 5, 3], "texture": "#3"},
				"west": {"uv": [0, 0, 0, 1], "texture": "#3"},
				"up": {"uv": [1, 0, 0, 0], "texture": "#3"},
				"down": {"uv": [1, 0, 0, 0], "texture": "#3"}
			}
		},
		{
			"from": [10.025, 11.5, 5.7],
			"to": [10.525, 12, 5.7],
			"rotation": {"angle": 45, "axis": "z", "origin": [10.275, 11.75, 5.7]},
			"faces": {
				"north": {"uv": [3, 4, 4, 5], "texture": "#3"},
				"east": {"uv": [0, 0, 0, 1], "texture": "#3"},
				"south": {"uv": [4, 3, 5, 4], "texture": "#3"},
				"west": {"uv": [0, 0, 0, 1], "texture": "#3"},
				"up": {"uv": [1, 0, 0, 0], "texture": "#3"},
				"down": {"uv": [1, 0, 0, 0], "texture": "#3"}
			}
		},
		{
			"from": [3.5, 9, 6],
			"to": [4, 9.5, 9.75],
			"faces": {
				"north": {"uv": [10, 8, 11, 9], "texture": "#1"},
				"east": {"uv": [0, 0, 4, 1], "texture": "#1"},
				"south": {"uv": [10, 9, 11, 10], "texture": "#1"},
				"west": {"uv": [0, 1, 4, 2], "texture": "#1"},
				"up": {"uv": [1, 6, 0, 2], "texture": "#1"},
				"down": {"uv": [2, 2, 1, 6], "texture": "#1"}
			}
		},
		{
			"from": [11, 9, 6],
			"to": [11.5, 9.5, 9.75],
			"faces": {
				"north": {"uv": [10, 10, 11, 11], "texture": "#1"},
				"east": {"uv": [2, 2, 6, 3], "texture": "#1"},
				"south": {"uv": [0, 11, 1, 12], "texture": "#1"},
				"west": {"uv": [2, 3, 6, 4], "texture": "#1"},
				"up": {"uv": [3, 8, 2, 4], "texture": "#1"},
				"down": {"uv": [4, 4, 3, 8], "texture": "#1"}
			}
		},
		{
			"from": [8.525, 7.25, 5.625],
			"to": [10.525, 7.75, 6.125],
			"rotation": {"angle": 0, "axis": "y", "origin": [11.25, 9.25, -1.125]},
			"faces": {
				"north": {"uv": [4, 0, 6, 1], "texture": "#1"},
				"east": {"uv": [11, 0, 12, 1], "texture": "#1"},
				"south": {"uv": [4, 1, 6, 2], "texture": "#1"},
				"west": {"uv": [1, 11, 2, 12], "texture": "#1"},
				"up": {"uv": [10, 7, 8, 6], "texture": "#1"},
				"down": {"uv": [10, 7, 8, 8], "texture": "#1"}
			}
		},
		{
			"from": [10.525, 7.25, 5.625],
			"to": [11.025, 10.25, 6.125],
			"rotation": {"angle": 0, "axis": "y", "origin": [11.25, 9.25, -1.125]},
			"faces": {
				"north": {"uv": [4, 4, 5, 7], "texture": "#1"},
				"east": {"uv": [5, 4, 6, 7], "texture": "#1"},
				"south": {"uv": [0, 6, 1, 9], "texture": "#1"},
				"west": {"uv": [6, 0, 7, 3], "texture": "#1"},
				"up": {"uv": [12, 2, 11, 1], "texture": "#1"},
				"down": {"uv": [3, 11, 2, 12], "texture": "#1"}
			}
		},
		{
			"from": [8.025, 7.25, 5.625],
			"to": [8.525, 10.25, 6.125],
			"rotation": {"angle": 0, "axis": "y", "origin": [11.25, 9.25, -1.125]},
			"faces": {
				"north": {"uv": [1, 6, 2, 9], "texture": "#1"},
				"east": {"uv": [6, 3, 7, 6], "texture": "#1"},
				"south": {"uv": [6, 6, 7, 9], "texture": "#1"},
				"west": {"uv": [7, 0, 8, 3], "texture": "#1"},
				"up": {"uv": [12, 3, 11, 2], "texture": "#1"},
				"down": {"uv": [4, 11, 3, 12], "texture": "#1"}
			}
		},
		{
			"from": [8.525, 9.75, 5.625],
			"to": [10.525, 10.25, 6.125],
			"rotation": {"angle": 0, "axis": "y", "origin": [12.25, 9.25, -1.125]},
			"faces": {
				"north": {"uv": [8, 8, 10, 9], "texture": "#1"},
				"east": {"uv": [11, 3, 12, 4], "texture": "#1"},
				"south": {"uv": [0, 9, 2, 10], "texture": "#1"},
				"west": {"uv": [4, 11, 5, 12], "texture": "#1"},
				"up": {"uv": [11, 1, 9, 0], "texture": "#1"},
				"down": {"uv": [11, 1, 9, 2], "texture": "#1"}
			}
		},
		{
			"from": [4.025, 7.25, 5.625],
			"to": [4.525, 10.25, 6.125],
			"rotation": {"angle": 0, "axis": "y", "origin": [11.25, 9.25, -1.125]},
			"faces": {
				"north": {"uv": [7, 3, 8, 6], "texture": "#1"},
				"east": {"uv": [4, 7, 5, 10], "texture": "#1"},
				"south": {"uv": [5, 7, 6, 10], "texture": "#1"},
				"west": {"uv": [7, 6, 8, 9], "texture": "#1"},
				"up": {"uv": [12, 5, 11, 4], "texture": "#1"},
				"down": {"uv": [6, 11, 5, 12], "texture": "#1"}
			}
		},
		{
			"from": [4.525, 9.75, 5.625],
			"to": [6.525, 10.25, 6.125],
			"rotation": {"angle": 0, "axis": "y", "origin": [12.25, 9.25, -1.125]},
			"faces": {
				"north": {"uv": [9, 2, 11, 3], "texture": "#1"},
				"east": {"uv": [11, 5, 12, 6], "texture": "#1"},
				"south": {"uv": [9, 3, 11, 4], "texture": "#1"},
				"west": {"uv": [6, 11, 7, 12], "texture": "#1"},
				"up": {"uv": [11, 5, 9, 4], "texture": "#1"},
				"down": {"uv": [11, 5, 9, 6], "texture": "#1"}
			}
		},
		{
			"from": [6.525, 8.4, 5.625],
			"to": [8.525, 8.9, 6.125],
			"rotation": {"angle": 0, "axis": "y", "origin": [12.25, 9.25, -1.125]},
			"faces": {
				"north": {"uv": [6, 9, 8, 10], "texture": "#1"},
				"east": {"uv": [7, 11, 8, 12], "texture": "#1"},
				"south": {"uv": [8, 9, 10, 10], "texture": "#1"},
				"west": {"uv": [8, 11, 9, 12], "texture": "#1"},
				"up": {"uv": [2, 11, 0, 10], "texture": "#1"},
				"down": {"uv": [6, 10, 4, 11], "texture": "#1"}
			}
		},
		{
			"from": [6.525, 7.25, 5.625],
			"to": [7.025, 10.25, 6.125],
			"rotation": {"angle": 0, "axis": "y", "origin": [11.25, 9.25, -1.125]},
			"faces": {
				"north": {"uv": [8, 0, 9, 3], "texture": "#1"},
				"east": {"uv": [2, 8, 3, 11], "texture": "#1"},
				"south": {"uv": [3, 8, 4, 11], "texture": "#1"},
				"west": {"uv": [8, 3, 9, 6], "texture": "#1"},
				"up": {"uv": [12, 9, 11, 8], "texture": "#1"},
				"down": {"uv": [10, 11, 9, 12], "texture": "#1"}
			}
		},
		{
			"from": [4.525, 7.25, 5.625],
			"to": [6.525, 7.75, 6.125],
			"rotation": {"angle": 0, "axis": "y", "origin": [11.25, 9.25, -1.125]},
			"faces": {
				"north": {"uv": [6, 10, 8, 11], "texture": "#1"},
				"east": {"uv": [11, 9, 12, 10], "texture": "#1"},
				"south": {"uv": [10, 6, 12, 7], "texture": "#1"},
				"west": {"uv": [10, 11, 11, 12], "texture": "#1"},
				"up": {"uv": [12, 8, 10, 7], "texture": "#1"},
				"down": {"uv": [10, 10, 8, 11], "texture": "#1"}
			}
		},
		{
			"from": [5, 0, 7.5],
			"to": [10, 5, 11.5],
			"faces": {
				"north": {"uv": [0, 0, 9, 10], "texture": "#4"},
				"east": {"uv": [11, 6, 16, 16], "texture": "#4"},
				"south": {"uv": [11, 6, 16, 16], "texture": "#4"},
				"west": {"uv": [11, 6, 16, 16], "texture": "#4"},
				"up": {"uv": [16, 4, 11, 0], "texture": "#4"},
				"down": {"uv": [5, 12, 0, 16], "texture": "#4"}
			}
		},
		{
			"name": "logo",
			"from": [6.43431, 2.45711, 5.5],
			"to": [8.43431, 4.45711, 7.5],
			"rotation": {"angle": 45, "axis": "y", "origin": [7.43431, 3.45711, 6.5]},
			"faces": {
				"north": {"uv": [5, 0, 8, 3], "texture": "#3"},
				"east": {"uv": [8, 0, 5, 3], "texture": "#3"},
				"south": {"uv": [7, 2, 8, 3], "texture": "#3"},
				"west": {"uv": [7, 2, 8, 3], "texture": "#3"},
				"up": {"uv": [8, 0, 5, 3], "texture": "#3"},
				"down": {"uv": [7, 2, 8, 3], "texture": "#3"}
			}
		},
		{
			"from": [4.5, 0, 5],
			"to": [6.5, 2, 6.5],
			"faces": {
				"north": {"uv": [0, 0, 4, 4], "texture": "#5"},
				"east": {"uv": [8, 4, 5, 8], "texture": "#5"},
				"south": {"uv": [0, 4, 4, 8], "texture": "#5"},
				"west": {"uv": [5, 4, 8, 8], "texture": "#5"},
				"up": {"uv": [4, 11, 0, 8.25], "texture": "#5"},
				"down": {"uv": [4, 4, 0, 8], "texture": "#5"}
			}
		},
		{
			"from": [5, 0, 6.5],
			"to": [6, 1, 7.5],
			"faces": {
				"north": {"uv": [4, 8, 6, 10], "texture": "#5"},
				"east": {"uv": [8, 4, 10, 6], "texture": "#5"},
				"south": {"uv": [6, 8, 8, 10], "texture": "#5"},
				"west": {"uv": [8, 6, 10, 8], "texture": "#5"},
				"up": {"uv": [10, 10, 8, 8], "texture": "#5"},
				"down": {"uv": [6, 10, 4, 12], "texture": "#5"}
			}
		},
		{
			"from": [8.5, 0, 5],
			"to": [10.5, 2, 6.5],
			"faces": {
				"north": {"uv": [0, 0, 4, 4], "texture": "#5"},
				"east": {"uv": [8, 4, 5, 8], "texture": "#5"},
				"south": {"uv": [0, 4, 4, 8], "texture": "#5"},
				"west": {"uv": [5, 4, 8, 8], "texture": "#5"},
				"up": {"uv": [0, 3, 4, 0], "texture": "#5"},
				"down": {"uv": [0, 4, 4, 8], "texture": "#5"}
			}
		},
		{
			"from": [9, 0, 6.5],
			"to": [10, 1, 7.5],
			"faces": {
				"north": {"uv": [8, 5, 10, 7], "texture": "#5"},
				"east": {"uv": [8, 5, 10, 7], "texture": "#5"},
				"south": {"uv": [8, 5, 10, 7], "texture": "#5"},
				"west": {"uv": [8, 5, 10, 7], "texture": "#5"},
				"up": {"uv": [8, 5, 10, 7], "texture": "#5"},
				"down": {"uv": [8, 5, 10, 7], "texture": "#5"}
			}
		},
		{
			"from": [4, 2.5, 7],
			"to": [5, 3.5, 9],
			"faces": {
				"north": {"uv": [6, 4, 8, 6], "texture": "#6"},
				"east": {"uv": [0, 0, 4, 2], "texture": "#6"},
				"south": {"uv": [6, 6, 8, 8], "texture": "#6"},
				"west": {"uv": [0, 2, 4, 4], "texture": "#6"},
				"up": {"uv": [2, 8, 0, 4], "texture": "#6"},
				"down": {"uv": [6, 0, 4, 4], "texture": "#6"}
			}
		},
		{
			"from": [3.75, 2.5, 6.5],
			"to": [5.75, 3.5, 7.5],
			"rotation": {"angle": 22.5, "axis": "y", "origin": [4.5, 3, 6]},
			"faces": {
				"north": {"uv": [2, 4, 6, 6], "texture": "#6"},
				"east": {"uv": [0, 8, 2, 10], "texture": "#6"},
				"south": {"uv": [6, 0, 10, 2], "texture": "#6"},
				"west": {"uv": [2, 8, 4, 10], "texture": "#6"},
				"up": {"uv": [6, 8, 2, 6], "texture": "#6"},
				"down": {"uv": [10, 2, 6, 4], "texture": "#6"}
			}
		},
		{
			"from": [10, 2.5, 7],
			"to": [11, 3.5, 9],
			"rotation": {"angle": 0, "axis": "y", "origin": [6, 0, 0]},
			"faces": {
				"north": {"uv": [0, 0, 2, 2], "texture": "#6"},
				"east": {"uv": [0, 0, 4, 2], "texture": "#6"},
				"south": {"uv": [0, 0, 2, 2], "texture": "#6"},
				"west": {"uv": [0, 0, 4, 2], "texture": "#6"},
				"up": {"uv": [0, 0, 2, 4], "texture": "#6"},
				"down": {"uv": [0, 0, 2, 4], "texture": "#6"}
			}
		},
		{
			"from": [8.86365, 2.5, 6.82821],
			"to": [10.86365, 3.5, 7.82821],
			"rotation": {"angle": -22.5, "axis": "y", "origin": [11.11365, 3, 6.82821]},
			"faces": {
				"north": {"uv": [6, 6, 2, 8], "texture": "#6"},
				"east": {"uv": [6, 0, 8, 2], "texture": "#6"},
				"south": {"uv": [2, 4, 6, 6], "texture": "#6"},
				"west": {"uv": [0, 8, 2, 10], "texture": "#6"},
				"up": {"uv": [6, 6, 2, 4], "rotation": 180, "texture": "#6"},
				"down": {"uv": [6, 8, 2, 6], "rotation": 180, "texture": "#6"}
			}
		},
		{
			"name": "cape",
			"from": [5.75, 0.25, 12.5],
			"to": [9.25, 5.5, 13.25],
			"rotation": {"angle": -22.5, "axis": "x", "origin": [8, 2, 13.5]},
			"faces": {
				"north": {"uv": [0, 0, 3.5, 5.5], "texture": "#7"},
				"east": {"uv": [0, 6, 1, 11.5], "texture": "#7"},
				"south": {"uv": [4, 0, 7.5, 5.5], "texture": "#7"},
				"west": {"uv": [1, 6, 2, 11.5], "texture": "#7"},
				"up": {"uv": [5.5, 7, 2, 6], "texture": "#7"},
				"down": {"uv": [9.5, 6, 6, 7], "texture": "#7"}
			}
		}
	],
	"display": {
		"thirdperson_righthand": {
			"rotation": [73, 0, 0],
			"translation": [0, 4.25, 5.25],
			"scale": [0.75, 0.75, 0.75]
		},
		"thirdperson_lefthand": {
			"rotation": [73.25, 0, 0],
			"translation": [0, 4.25, 5],
			"scale": [0.75, 0.75, 0.75]
		},
		"firstperson_righthand": {
			"rotation": [180, 54.25, 180],
			"translation": [0.25, 4.5, 0.25],
			"scale": [0.8, 0.8, 0.8]
		},
		"firstperson_lefthand": {
			"rotation": [-180, 49.25, 180],
			"translation": [1, 5.25, 0.5],
			"scale": [0.8, 0.8, 0.8]
		},
		"ground": {
			"translation": [0, 4.5, 0]
		},
		"gui": {
			"rotation": [-172.92, -29.31, -178.63],
			"translation": [0.5, 1.75, 0],
			"scale": [1.2, 1.2, 1.2]
		},
		"head": {
			"rotation": [-3, 0, 0],
			"translation": [1.75, -9.25, -5],
			"scale": [4, 4, 4]
		},
		"fixed": {
			"rotation": [-90, 0, 0],
			"translation": [2, 0, -32],
			"scale": [4, 4, 4]
		}
	},
	"groups": [
		0,
		{
			"name": "crown",
			"origin": [0, 0, 0],
			"color": 0,
			"children": [
				1,
				2,
				3,
				4,
				5,
				6,
				7,
				8,
				9,
				10,
				11,
				12,
				13,
				14,
				15,
				16,
				{
					"name": "stickers",
					"origin": [8, 8, 8],
					"color": 0,
					"children": [17, 18, 19, 20, 21, 22, 23, 24, 25, 26, 27, 28]
				}
			]
		},
		{
			"name": "glasses",
			"origin": [0, 0, 0],
			"color": 0,
			"children": [29, 30, 31, 32, 33, 34, 35, 36, 37, 38, 39]
		},
		{
			"name": "body",
			"origin": [12.25, 9.25, -1.125],
			"color": 0,
			"children": [
				40,
				41,
				{
					"name": "legs",
					"origin": [8, 8, 8],
					"color": 0,
					"children": [42, 43]
				},
				{
					"name": "legs",
					"origin": [8, 8, 8],
					"color": 0,
					"children": [44, 45]
				},
				{
					"name": "arm",
					"origin": [12.25, 9.25, -1.125],
					"color": 0,
					"children": [46, 47]
				},
				{
					"name": "arm",
					"origin": [12.25, 9.25, -1.125],
					"color": 0,
					"children": [48, 49]
				},
				50
			]
		}
	]
}