{
	"credit": "Made with Blockbench",
	"textures": {
		"0": "block/mangrove_planks",
		"1": "block/mangrove_log",
		"11": "block/stripped_warped_stem",
		"12": "block/stripped_warped_stem_top",
		"particle": "block/mangrove_planks"
	},
	"elements": [
		{
			"from": [7, 0, 7],
			"to": [8, 0.5, 8],
			"faces": {
				"north": {"uv": [7, 0, 11, 2], "texture": "#11"},
				"east": {"uv": [7, 0, 11, 2], "texture": "#11"},
				"south": {"uv": [7, 0, 11, 2], "texture": "#11"},
				"west": {"uv": [7, 0, 11, 2], "texture": "#11"},
				"up": {"uv": [0, 0, 1, 1], "texture": "#11"},
				"down": {"uv": [5, 5, 11, 11], "texture": "#12"}
			}
		},
		{
			"from": [6.75, 0.5, 6.75],
			"to": [8.25, 1.5, 8.25],
			"faces": {
				"north": {"uv": [6, 5, 15, 8], "texture": "#1"},
				"east": {"uv": [6, 5, 15, 8], "texture": "#1"},
				"south": {"uv": [6, 5, 15, 8], "texture": "#1"},
				"west": {"uv": [6, 5, 15, 8], "texture": "#1"},
				"up": {"uv": [6, 5, 15, 8.5], "texture": "#1"},
				"down": {"uv": [6, 5, 15, 8.5], "texture": "#1"}
			}
		},
		{
			"from": [6.75, 5.5, 6.75],
			"to": [8.25, 6.5, 8.25],
			"faces": {
				"north": {"uv": [0, 0, 9, 3], "texture": "#1"},
				"east": {"uv": [0, 0, 9, 3], "texture": "#1"},
				"south": {"uv": [0, 0, 9, 3], "texture": "#1"},
				"west": {"uv": [0, 0, 9, 3], "texture": "#1"},
				"up": {"uv": [0, 0, 9, 3.5], "texture": "#1"},
				"down": {"uv": [0, 0, 9, 3.5], "texture": "#1"}
			}
		},
		{
			"from": [7, 1.5, 7],
			"to": [8, 5.5, 8],
			"faces": {
				"north": {"uv": [12, 8, 14, 13], "texture": "#0"},
				"east": {"uv": [9, 0, 11, 5], "texture": "#0"},
				"south": {"uv": [0, 6, 2, 11], "texture": "#0"},
				"west": {"uv": [6, 9, 8, 14], "texture": "#0"},
				"up": {"uv": [0, 0, 1, 1], "texture": "#0"},
				"down": {"uv": [0, 0, 1, 1], "texture": "#0"}
			}
		},
		{
			"from": [7.125, 6.5, 7.1],
			"to": [7.875, 10.5, 7.85],
			"faces": {
				"north": {"uv": [11, 4, 12.75, 12], "texture": "#11"},
				"east": {"uv": [11, 4, 12.75, 12], "texture": "#11"},
				"south": {"uv": [11, 4, 12.75, 12], "texture": "#11"},
				"west": {"uv": [11, 4, 12.75, 12], "texture": "#11"},
				"up": {"uv": [11, 4, 12.75, 8.75], "texture": "#11"},
				"down": {"uv": [11, 4, 12.75, 8.75], "texture": "#12"}
			}
		},
		{
			"from": [7.225, 10.5, 7.2],
			"to": [7.725, 14.5, 7.7],
			"faces": {
				"north": {"uv": [1, 0, 1.5, 6], "texture": "#11"},
				"east": {"uv": [1, 0, 1.5, 6], "texture": "#11"},
				"south": {"uv": [1, 0, 1.5, 6], "texture": "#11"},
				"west": {"uv": [1, 0, 1.5, 6], "texture": "#11"},
				"up": {"uv": [1, 0, 1.5, 2.5], "texture": "#11"},
				"down": {"uv": [1, 0, 1.5, 2.5], "texture": "#12"}
			}
		}
	],
	"display": {
		"thirdperson_righthand": {
			"translation": [0, 2.75, 0]
		},
		"thirdperson_lefthand": {
			"translation": [0, 2.75, 0]
		},
		"firstperson_righthand": {
			"translation": [0, 3.5, 0]
		},
		"firstperson_lefthand": {
			"translation": [0, 3.5, 0]
		},
		"ground": {
			"translation": [0, 4.5, 0]
		},
		"gui": {
			"rotation": [1.3, -8.15, -43.63],
			"translation": [1.25, 0, 0],
			"scale": [1.5, 1.5, 1.5]
		},
		"head": {
			"rotation": [-156.75, 88.25, 76.75],
			"translation": [-6.75, 1, -1]
		},
		"fixed": {
			"rotation": [0, 0, 45.5],
			"translation": [0, 1, 0],
			"scale": [1.5, 1.5, 1.5]
		}
	}
}