{
	"credit": "",
	"textures": {
		"0": "block/custom/bunny_headband",
		"1": "block/custom/bunny_ears",
		"particle": "block/custom/bunny_headband"
	},
	"elements": [
		{
			"from": [14, 0, 7],
			"to": [16, 8, 9],
			"faces": {
				"north": {"uv": [0, 0, 8, 2], "rotation": 90, "texture": "#0"},
				"east": {"uv": [0, 0, 8, 2], "rotation": 90, "texture": "#0"},
				"south": {"uv": [0, 0, 8, 2], "rotation": 90, "texture": "#0"},
				"west": {"uv": [0, 0, 8, 2], "rotation": 270, "texture": "#0"},
				"up": {"uv": [0, 0, 2, 2], "texture": "#0"},
				"down": {"uv": [0, 0, 2, 2], "texture": "#0"}
			}
		},
		{
			"from": [0, 0, 7],
			"to": [2, 8, 9],
			"faces": {
				"north": {"uv": [0, 0, 8, 2], "rotation": 270, "texture": "#0"},
				"east": {"uv": [0, 0, 8, 2], "rotation": 90, "texture": "#0"},
				"south": {"uv": [0, 0, 8, 2], "rotation": 270, "texture": "#0"},
				"west": {"uv": [0, 0, 8, 2], "rotation": 90, "texture": "#0"},
				"up": {"uv": [0, 0, 2, 2], "texture": "#0"},
				"down": {"uv": [0, 0, 2, 2], "texture": "#0"}
			}
		},
		{
			"from": [14, 0, 7],
			"to": [16, 8, 9],
			"faces": {
				"north": {"uv": [0, 0, 8, 2], "rotation": 90, "texture": "#0"},
				"east": {"uv": [0, 0, 8, 2], "rotation": 90, "texture": "#0"},
				"south": {"uv": [0, 0, 8, 2], "rotation": 90, "texture": "#0"},
				"west": {"uv": [0, 0, 8, 2], "rotation": 270, "texture": "#0"},
				"up": {"uv": [0, 0, 2, 2], "texture": "#0"},
				"down": {"uv": [0, 0, 2, 2], "texture": "#0"}
			}
		},
		{
			"from": [-1, 8, 6],
			"to": [17, 10, 10],
			"faces": {
				"north": {"uv": [0, 0, 16, 2], "texture": "#0"},
				"east": {"uv": [10, 1, 14, 2], "rotation": 180, "texture": "#0"},
				"south": {"uv": [0, 0, 16, 2], "texture": "#0"},
				"west": {"uv": [10, 1, 14, 2], "rotation": 180, "texture": "#0"},
				"up": {"uv": [0, 4, 16, 8], "texture": "#0"},
				"down": {"uv": [0, 4, 16, 8], "texture": "#0"}
			}
		},
		{
			"from": [10.5, 10.1, 8.9],
			"to": [12.75, 16.25, 9.65],
			"faces": {
				"north": {"uv": [0, 0, 2.25, 6.25], "texture": "#1"},
				"east": {"uv": [0, 0, 1, 6], "texture": "#1"},
				"south": {"uv": [9, 7, 11, 13], "texture": "#1"},
				"west": {"uv": [0, 0, 1, 6], "texture": "#1"},
				"up": {"uv": [0, 0, 1, 2], "rotation": 90, "texture": "#1"},
				"down": {"uv": [2, 0, 4, 1], "texture": "#1"}
			}
		},
		{
			"from": [3.5, 10.1, 8.9],
			"to": [5.75, 16.25, 9.65],
			"faces": {
				"north": {"uv": [0, 0, 2.25, 6.25], "texture": "#1"},
				"east": {"uv": [0, 0, 6, 1], "rotation": 270, "texture": "#1"},
				"south": {"uv": [11, 7, 9, 13], "texture": "#1"},
				"west": {"uv": [0, 0, 1, 6], "texture": "#1"},
				"up": {"uv": [0, 0, 1, 2], "rotation": 270, "texture": "#1"},
				"down": {"uv": [2, 0, 4, 1], "rotation": 180, "texture": "#1"}
			}
		},
		{
			"from": [9.5, 10, 7],
			"to": [13.5, 23, 9],
			"faces": {
				"north": {"uv": [0, 0, 4, 13], "texture": "#1"},
				"east": {"uv": [8, 0, 10, 13], "texture": "#1"},
				"south": {"uv": [4, 0, 8, 13], "texture": "#1"},
				"west": {"uv": [10, 0, 12, 13], "texture": "#1"},
				"up": {"uv": [16, 2, 12, 0], "texture": "#1"},
				"down": {"uv": [16, 2, 12, 4], "texture": "#1"}
			}
		},
		{
			"from": [2.5, 10, 7],
			"to": [6.5, 17, 9],
			"faces": {
				"north": {"uv": [4, 6, 0, 13], "texture": "#1"},
				"east": {"uv": [10, 6, 12, 13], "texture": "#1"},
				"south": {"uv": [4, 6, 8, 13], "texture": "#1"},
				"west": {"uv": [8, 6, 10, 13], "texture": "#1"},
				"up": {"uv": [0, 0, 4, 2], "texture": "#1"},
				"down": {"uv": [0, 0, 4, 2], "texture": "#1"}
			}
		},
		{
			"from": [2.5, 16.38896, 5.92807],
			"to": [6.5, 22.38896, 7.92807],
			"rotation": {"angle": -22.5, "axis": "x", "origin": [4.5, 19.38896, 6.92807]},
			"faces": {
				"north": {"uv": [4, 0, 0, 6], "texture": "#1"},
				"east": {"uv": [10, 0, 12, 6], "texture": "#1"},
				"south": {"uv": [8, 0, 4, 6], "texture": "#1"},
				"west": {"uv": [8, 0, 10, 6], "texture": "#1"},
				"up": {"uv": [0, 0, 4, 2], "texture": "#1"},
				"down": {"uv": [0, 0, 4, 2], "texture": "#1"}
			}
		}
	],
	"display": {
		"thirdperson_righthand": {
			"scale": [0.5, 0.5, 0.5]
		},
		"thirdperson_lefthand": {
			"scale": [0.5, 0.5, 0.5]
		},
		"firstperson_righthand": {
			"scale": [0.5, 0.5, 0.5]
		},
		"firstperson_lefthand": {
			"scale": [0.5, 0.5, 0.5]
		},
		"ground": {
			"translation": [0, 1.5, 0],
			"scale": [0.5, 0.5, 0.5]
		},
		"gui": {
			"rotation": [-150, 35, -180],
			"translation": [0, -1.25, 0],
			"scale": [0.5, 0.5, 0.5]
		},
		"head": {
			"translation": [0, 6.75, 0]
		},
		"fixed": {
			"rotation": [-90, 0, 0],
			"translation": [0, 0, -5.75]
		}
	},
	"groups": [
		{
			"name": "headband",
			"origin": [0, 0, 0],
			"color": 0,
			"children": [0, 1, 2, 3]
		},
		{
			"name": "right ear",
			"origin": [0, 0, 0],
			"color": 0,
			"children": [4, 5, 6]
		},
		{
			"name": "left ear",
			"origin": [0, 0, 0],
			"color": 0,
			"children": [7, 8]
		}
	]
}