{
	"credit": "Made with Blockbench",
	"textures": {
		"0": "block/exposed_copper",
		"4": "item/raw_copper",
		"particle": "block/exposed_copper"
	},
	"elements": [
		{
			"from": [4.625, 0, 9.025],
			"to": [6.625, 1, 10.025],
			"rotation": {"angle": -22.5, "axis": "y", "origin": [5.75, 0.5, 10]},
			"faces": {
				"north": {"uv": [6, 6, 9, 10], "texture": "#0"},
				"east": {"uv": [6, 6, 8, 10], "texture": "#0"},
				"south": {"uv": [6, 6, 9, 10], "texture": "#0"},
				"west": {"uv": [6, 6, 8, 10], "texture": "#0"},
				"up": {"uv": [6, 6, 8, 11], "rotation": 270, "texture": "#0"},
				"down": {"uv": [6, 6, 8, 11], "rotation": 90, "texture": "#0"}
			}
		},
		{
			"from": [9.125, 0, 10.775],
			"to": [11.125, 1, 11.775],
			"rotation": {"angle": 22.5, "axis": "y", "origin": [5.75, 0.5, 10]},
			"faces": {
				"north": {"uv": [6, 6, 9, 10], "texture": "#0"},
				"east": {"uv": [6, 6, 8, 10], "texture": "#0"},
				"south": {"uv": [6, 6, 9, 10], "texture": "#0"},
				"west": {"uv": [6, 6, 8, 10], "texture": "#0"},
				"up": {"uv": [6, 6, 8, 11], "rotation": 270, "texture": "#0"},
				"down": {"uv": [6, 6, 8, 11], "rotation": 90, "texture": "#0"}
			}
		},
		{
			"from": [10.8, 0, 2.2],
			"to": [11.8, 1, 4.575],
			"rotation": {"angle": 22.5, "axis": "y", "origin": [11.5, 0.5, 2.5]},
			"faces": {
				"north": {"uv": [3, 4, 10, 10], "texture": "#0"},
				"east": {"uv": [3, 4, 11.375, 10], "texture": "#0"},
				"south": {"uv": [3, 4, 10, 10], "texture": "#0"},
				"west": {"uv": [3, 4, 11.375, 10], "texture": "#0"},
				"up": {"uv": [3, 4, 10, 11.375], "texture": "#0"},
				"down": {"uv": [3, 4, 10, 11.375], "texture": "#0"}
			}
		},
		{
			"from": [6.52948, 0, 9.33073],
			"to": [9.52948, 1, 10.33073],
			"rotation": {"angle": 0, "axis": "y", "origin": [7.80448, 0.5, 4.03073]},
			"faces": {
				"north": {"uv": [3, 4, 12, 10], "texture": "#0"},
				"east": {"uv": [3, 4, 10, 10], "texture": "#0"},
				"south": {"uv": [3, 4, 12, 10], "texture": "#0"},
				"west": {"uv": [3, 4, 10, 10], "texture": "#0"},
				"up": {"uv": [3, 4, 10, 12], "rotation": 270, "texture": "#0"},
				"down": {"uv": [3, 4, 10, 12], "rotation": 90, "texture": "#0"}
			}
		},
		{
			"from": [4, 0, 2.25],
			"to": [5, 1, 4],
			"rotation": {"angle": -22.5, "axis": "y", "origin": [4.5, 0.5, 2.5]},
			"faces": {
				"north": {"uv": [3, 4, 10, 10], "texture": "#0"},
				"east": {"uv": [3, 4, 12, 10], "texture": "#0"},
				"south": {"uv": [3, 4, 10, 10], "texture": "#0"},
				"west": {"uv": [3, 4, 12, 10], "texture": "#0"},
				"up": {"uv": [3, 4, 10, 12], "texture": "#0"},
				"down": {"uv": [3, 4, 10, 12], "texture": "#0"}
			}
		},
		{
			"from": [3.475, 0, 3.725],
			"to": [4.475, 1, 6.725],
			"rotation": {"angle": 0, "axis": "y", "origin": [4.5, 0.5, 2.5]},
			"faces": {
				"north": {"uv": [3, 4, 10, 10], "texture": "#0"},
				"east": {"uv": [3, 4, 12, 10], "texture": "#0"},
				"south": {"uv": [3, 4, 10, 10], "texture": "#0"},
				"west": {"uv": [3, 4, 12, 10], "texture": "#0"},
				"up": {"uv": [3, 4, 10, 12], "texture": "#0"},
				"down": {"uv": [3, 4, 10, 12], "texture": "#0"}
			}
		},
		{
			"from": [1.925, 0, 6.075],
			"to": [2.925, 1, 9.075],
			"rotation": {"angle": 22.5, "axis": "y", "origin": [4.5, 0.5, 2.5]},
			"faces": {
				"north": {"uv": [3, 4, 10, 10], "texture": "#0"},
				"east": {"uv": [3, 4, 12, 10], "texture": "#0"},
				"south": {"uv": [3, 4, 10, 10], "texture": "#0"},
				"west": {"uv": [3, 4, 12, 10], "texture": "#0"},
				"up": {"uv": [3, 4, 10, 12], "texture": "#0"},
				"down": {"uv": [3, 4, 10, 12], "texture": "#0"}
			}
		},
		{
			"from": [11.04377, 0, 6.50496],
			"to": [12.04377, 1, 9.50496],
			"rotation": {"angle": -22.5, "axis": "y", "origin": [11.54377, 0.5, 8.00496]},
			"faces": {
				"north": {"uv": [5, 2, 10, 9], "texture": "#0"},
				"east": {"uv": [5, 2, 16, 15], "texture": "#0"},
				"south": {"uv": [5, 2, 16, 15], "texture": "#0"},
				"west": {"uv": [5, 2, 16, 15], "texture": "#0"},
				"up": {"uv": [5, 2, 16, 15], "texture": "#0"},
				"down": {"uv": [5, 2, 16, 15], "texture": "#0"}
			}
		},
		{
			"from": [11.575, 0, 3.8],
			"to": [12.575, 1, 6.8],
			"rotation": {"angle": 0, "axis": "y", "origin": [4.5, 0.5, 2.5]},
			"faces": {
				"north": {"uv": [5, 2, 10, 9], "texture": "#0"},
				"east": {"uv": [5, 2, 16, 15], "texture": "#0"},
				"south": {"uv": [5, 2, 16, 15], "texture": "#0"},
				"west": {"uv": [5, 2, 16, 15], "texture": "#0"},
				"up": {"uv": [5, 2, 16, 15], "texture": "#0"},
				"down": {"uv": [5, 2, 16, 15], "texture": "#0"}
			}
		},
		{
			"from": [9.4, 0.05971, 0.03649],
			"to": [11.4, 0.05971, 2.03649],
			"rotation": {"angle": -45, "axis": "z", "origin": [10.4, 0.05971, 1.03649]},
			"faces": {
				"north": {"uv": [6, 5, 2, 0], "rotation": 180, "texture": "#4"},
				"east": {"uv": [2, 2, 16, 15], "rotation": 270, "texture": "#4"},
				"south": {"uv": [2, 2, 16, 15], "texture": "#4"},
				"west": {"uv": [2, 2, 16, 15], "rotation": 90, "texture": "#4"},
				"up": {"uv": [2, 15, 16, 2], "rotation": 180, "texture": "#4"},
				"down": {"uv": [2, 15, 16, 2], "texture": "#4"}
			}
		},
		{
			"from": [11.1, 0.40944, 0.16222],
			"to": [13.1, 0.40944, 2.16222],
			"rotation": {"angle": -45, "axis": "z", "origin": [12.1, 0.40944, 1.16222]},
			"faces": {
				"north": {"uv": [6, 5, 2, 0], "rotation": 180, "texture": "#4"},
				"east": {"uv": [2, 2, 16, 15], "rotation": 270, "texture": "#4"},
				"south": {"uv": [2, 2, 16, 15], "texture": "#4"},
				"west": {"uv": [2, 2, 16, 15], "rotation": 90, "texture": "#4"},
				"up": {"uv": [16, 15, 2, 2], "rotation": 180, "texture": "#4"},
				"down": {"uv": [2, 15, 16, 2], "texture": "#4"}
			}
		},
		{
			"from": [9.35, 0.78556, 0.54763],
			"to": [11.35, 0.78556, 2.54763],
			"rotation": {"angle": -45, "axis": "z", "origin": [10.35, 0.78556, 1.54763]},
			"faces": {
				"north": {"uv": [6, 5, 2, 0], "rotation": 180, "texture": "#4"},
				"east": {"uv": [2, 2, 16, 15], "rotation": 270, "texture": "#4"},
				"south": {"uv": [2, 2, 16, 15], "texture": "#4"},
				"west": {"uv": [2, 2, 16, 15], "rotation": 90, "texture": "#4"},
				"up": {"uv": [2, 15, 16, 2], "rotation": 180, "texture": "#4"},
				"down": {"uv": [16, 15, 2, 2], "texture": "#4"}
			}
		},
		{
			"from": [9.35, 0.93727, 1.56718],
			"to": [11.35, 0.93727, 3.56718],
			"rotation": {"angle": -45, "axis": "z", "origin": [10.35, 0.93727, 2.56718]},
			"faces": {
				"north": {"uv": [6, 5, 2, 0], "rotation": 180, "texture": "#4"},
				"east": {"uv": [2, 2, 16, 15], "rotation": 270, "texture": "#4"},
				"south": {"uv": [2, 2, 16, 15], "texture": "#4"},
				"west": {"uv": [2, 2, 16, 15], "rotation": 90, "texture": "#4"},
				"up": {"uv": [2, 15, 16, 2], "rotation": 180, "texture": "#4"},
				"down": {"uv": [16, 15, 2, 2], "texture": "#4"}
			}
		},
		{
			"from": [11.35, 0.56116, 1.18177],
			"to": [13.35, 0.56116, 3.18177],
			"rotation": {"angle": -45, "axis": "z", "origin": [12.35, 0.56116, 2.18177]},
			"faces": {
				"north": {"uv": [6, 5, 2, 0], "rotation": 180, "texture": "#4"},
				"east": {"uv": [2, 2, 16, 15], "rotation": 270, "texture": "#4"},
				"south": {"uv": [2, 2, 16, 15], "texture": "#4"},
				"west": {"uv": [2, 2, 16, 15], "rotation": 90, "texture": "#4"},
				"up": {"uv": [16, 15, 2, 2], "rotation": 180, "texture": "#4"},
				"down": {"uv": [2, 15, 16, 2], "texture": "#4"}
			}
		},
		{
			"from": [9.4, 0.21142, 1.05604],
			"to": [11.4, 0.21142, 3.05604],
			"rotation": {"angle": -45, "axis": "z", "origin": [10.4, 0.21142, 2.05604]},
			"faces": {
				"north": {"uv": [6, 5, 2, 0], "rotation": 180, "texture": "#4"},
				"east": {"uv": [2, 2, 16, 15], "rotation": 270, "texture": "#4"},
				"south": {"uv": [2, 2, 16, 15], "texture": "#4"},
				"west": {"uv": [2, 2, 16, 15], "rotation": 90, "texture": "#4"},
				"up": {"uv": [2, 15, 16, 2], "rotation": 180, "texture": "#4"},
				"down": {"uv": [16, 15, 2, 2], "texture": "#4"}
			}
		},
		{
			"from": [9.9, 0.3235, 2.6332],
			"to": [11.9, 0.3235, 4.6332],
			"rotation": {"angle": -45, "axis": "z", "origin": [10.9, 0.3235, 3.6332]},
			"faces": {
				"north": {"uv": [6, 5, 2, 0], "rotation": 180, "texture": "#4"},
				"east": {"uv": [2, 2, 16, 15], "rotation": 270, "texture": "#4"},
				"south": {"uv": [2, 2, 16, 15], "texture": "#4"},
				"west": {"uv": [2, 2, 16, 15], "rotation": 90, "texture": "#4"},
				"up": {"uv": [2, 15, 16, 2], "rotation": 180, "texture": "#4"},
				"down": {"uv": [16, 15, 2, 2], "texture": "#4"}
			}
		},
		{
			"from": [11.85, 0.67324, 2.75894],
			"to": [13.85, 0.67324, 4.75894],
			"rotation": {"angle": -45, "axis": "z", "origin": [12.85, 0.67324, 3.75894]},
			"faces": {
				"north": {"uv": [6, 5, 2, 0], "rotation": 180, "texture": "#4"},
				"east": {"uv": [2, 2, 16, 15], "rotation": 270, "texture": "#4"},
				"south": {"uv": [2, 2, 16, 15], "texture": "#4"},
				"west": {"uv": [2, 2, 16, 15], "rotation": 90, "texture": "#4"},
				"up": {"uv": [16, 15, 2, 2], "rotation": 180, "texture": "#4"},
				"down": {"uv": [2, 15, 16, 2], "texture": "#4"}
			}
		},
		{
			"from": [9.85, 1.04936, 3.14434],
			"to": [11.85, 1.04936, 5.14434],
			"rotation": {"angle": -45, "axis": "z", "origin": [10.85, 1.04936, 4.14434]},
			"faces": {
				"north": {"uv": [6, 5, 2, 0], "rotation": 180, "texture": "#4"},
				"east": {"uv": [2, 2, 16, 15], "rotation": 270, "texture": "#4"},
				"south": {"uv": [2, 2, 16, 15], "texture": "#4"},
				"west": {"uv": [2, 2, 16, 15], "rotation": 90, "texture": "#4"},
				"up": {"uv": [2, 15, 16, 2], "rotation": 180, "texture": "#4"},
				"down": {"uv": [16, 15, 2, 2], "texture": "#4"}
			}
		},
		{
			"from": [10.15, 0.33992, 3.97939],
			"to": [12.15, 0.33992, 5.97939],
			"rotation": {"angle": -45, "axis": "z", "origin": [11.15, 0.33992, 4.97939]},
			"faces": {
				"north": {"uv": [6, 5, 2, 0], "rotation": 180, "texture": "#4"},
				"east": {"uv": [2, 2, 16, 15], "rotation": 270, "texture": "#4"},
				"south": {"uv": [2, 2, 16, 15], "texture": "#4"},
				"west": {"uv": [2, 2, 16, 15], "rotation": 90, "texture": "#4"},
				"up": {"uv": [2, 15, 16, 2], "rotation": 180, "texture": "#4"},
				"down": {"uv": [16, 15, 2, 2], "texture": "#4"}
			}
		},
		{
			"from": [12.1, 0.68966, 4.10513],
			"to": [14.1, 0.68966, 6.10513],
			"rotation": {"angle": -45, "axis": "z", "origin": [13.1, 0.68966, 5.10513]},
			"faces": {
				"north": {"uv": [6, 5, 2, 0], "rotation": 180, "texture": "#4"},
				"east": {"uv": [2, 2, 16, 15], "rotation": 270, "texture": "#4"},
				"south": {"uv": [2, 2, 16, 15], "texture": "#4"},
				"west": {"uv": [2, 2, 16, 15], "rotation": 90, "texture": "#4"},
				"up": {"uv": [16, 15, 2, 2], "rotation": 180, "texture": "#4"},
				"down": {"uv": [2, 15, 16, 2], "texture": "#4"}
			}
		},
		{
			"from": [10.1, 1.06577, 4.49053],
			"to": [12.1, 1.06577, 6.49053],
			"rotation": {"angle": -45, "axis": "z", "origin": [11.1, 1.06577, 5.49053]},
			"faces": {
				"north": {"uv": [6, 5, 2, 0], "rotation": 180, "texture": "#4"},
				"east": {"uv": [2, 2, 16, 15], "rotation": 270, "texture": "#4"},
				"south": {"uv": [2, 2, 16, 15], "texture": "#4"},
				"west": {"uv": [2, 2, 16, 15], "rotation": 90, "texture": "#4"},
				"up": {"uv": [2, 15, 16, 2], "rotation": 180, "texture": "#4"},
				"down": {"uv": [16, 15, 2, 2], "texture": "#4"}
			}
		},
		{
			"from": [10.15, 0.33992, 3.97939],
			"to": [12.15, 0.33992, 5.97939],
			"rotation": {"angle": -45, "axis": "z", "origin": [11.15, 0.33992, 4.97939]},
			"faces": {
				"north": {"uv": [6, 5, 2, 0], "rotation": 180, "texture": "#4"},
				"east": {"uv": [2, 2, 16, 15], "rotation": 270, "texture": "#4"},
				"south": {"uv": [2, 2, 16, 15], "texture": "#4"},
				"west": {"uv": [2, 2, 16, 15], "rotation": 90, "texture": "#4"},
				"up": {"uv": [2, 15, 16, 2], "rotation": 180, "texture": "#4"},
				"down": {"uv": [16, 15, 2, 2], "texture": "#4"}
			}
		},
		{
			"from": [10.1, 1.06577, 4.49053],
			"to": [12.1, 1.06577, 6.49053],
			"rotation": {"angle": -45, "axis": "z", "origin": [11.1, 1.06577, 5.49053]},
			"faces": {
				"north": {"uv": [6, 5, 2, 0], "rotation": 180, "texture": "#4"},
				"east": {"uv": [2, 2, 16, 15], "rotation": 270, "texture": "#4"},
				"south": {"uv": [2, 2, 16, 15], "texture": "#4"},
				"west": {"uv": [2, 2, 16, 15], "rotation": 90, "texture": "#4"},
				"up": {"uv": [2, 15, 16, 2], "rotation": 180, "texture": "#4"},
				"down": {"uv": [16, 15, 2, 2], "texture": "#4"}
			}
		},
		{
			"from": [10.15, 0.26066, 5.09462],
			"to": [12.15, 0.26066, 7.09462],
			"rotation": {"angle": -45, "axis": "z", "origin": [11.15, 0.26066, 6.09462]},
			"faces": {
				"north": {"uv": [6, 5, 2, 0], "rotation": 180, "texture": "#4"},
				"east": {"uv": [2, 2, 16, 15], "rotation": 270, "texture": "#4"},
				"south": {"uv": [2, 2, 16, 15], "texture": "#4"},
				"west": {"uv": [2, 2, 16, 15], "rotation": 90, "texture": "#4"},
				"up": {"uv": [2, 15, 16, 2], "rotation": 180, "texture": "#4"},
				"down": {"uv": [16, 15, 2, 2], "texture": "#4"}
			}
		},
		{
			"from": [12.1, 0.6104, 5.22035],
			"to": [14.1, 0.6104, 7.22035],
			"rotation": {"angle": -45, "axis": "z", "origin": [13.1, 0.6104, 6.22035]},
			"faces": {
				"north": {"uv": [6, 5, 2, 0], "rotation": 180, "texture": "#4"},
				"east": {"uv": [2, 2, 16, 15], "rotation": 270, "texture": "#4"},
				"south": {"uv": [2, 2, 16, 15], "texture": "#4"},
				"west": {"uv": [2, 2, 16, 15], "rotation": 90, "texture": "#4"},
				"up": {"uv": [16, 15, 2, 2], "rotation": 180, "texture": "#4"},
				"down": {"uv": [2, 15, 16, 2], "texture": "#4"}
			}
		},
		{
			"from": [10.1, 0.98652, 5.60575],
			"to": [12.1, 0.98652, 7.60575],
			"rotation": {"angle": -45, "axis": "z", "origin": [11.1, 0.98652, 6.60575]},
			"faces": {
				"north": {"uv": [6, 5, 2, 0], "rotation": 180, "texture": "#4"},
				"east": {"uv": [2, 2, 16, 15], "rotation": 270, "texture": "#4"},
				"south": {"uv": [2, 2, 16, 15], "texture": "#4"},
				"west": {"uv": [2, 2, 16, 15], "rotation": 90, "texture": "#4"},
				"up": {"uv": [2, 15, 16, 2], "rotation": 180, "texture": "#4"},
				"down": {"uv": [16, 15, 2, 2], "texture": "#4"}
			}
		},
		{
			"from": [11.85, 0.78114, 6.33557],
			"to": [13.85, 0.78114, 8.33557],
			"rotation": {"angle": -45, "axis": "z", "origin": [12.85, 0.53114, 7.33557]},
			"faces": {
				"north": {"uv": [6, 5, 2, 0], "rotation": 180, "texture": "#4"},
				"east": {"uv": [2, 2, 16, 15], "rotation": 270, "texture": "#4"},
				"south": {"uv": [2, 2, 16, 15], "texture": "#4"},
				"west": {"uv": [2, 2, 16, 15], "rotation": 90, "texture": "#4"},
				"up": {"uv": [16, 15, 2, 2], "rotation": 180, "texture": "#4"},
				"down": {"uv": [2, 15, 16, 2], "texture": "#4"}
			}
		},
		{
			"from": [9.85, 0.90726, 6.72097],
			"to": [11.85, 0.90726, 8.72097],
			"rotation": {"angle": -45, "axis": "z", "origin": [10.85, 0.90726, 7.72097]},
			"faces": {
				"north": {"uv": [6, 5, 2, 0], "rotation": 180, "texture": "#4"},
				"east": {"uv": [2, 2, 16, 15], "rotation": 270, "texture": "#4"},
				"south": {"uv": [2, 2, 16, 15], "texture": "#4"},
				"west": {"uv": [2, 2, 16, 15], "rotation": 90, "texture": "#4"},
				"up": {"uv": [2, 15, 16, 2], "rotation": 180, "texture": "#4"},
				"down": {"uv": [16, 15, 2, 2], "texture": "#4"}
			}
		},
		{
			"from": [9.9, 0.18141, 6.20984],
			"to": [11.9, 0.18141, 8.20984],
			"rotation": {"angle": -45, "axis": "z", "origin": [10.9, 0.18141, 7.20984]},
			"faces": {
				"north": {"uv": [6, 5, 2, 0], "rotation": 180, "texture": "#4"},
				"east": {"uv": [2, 2, 16, 15], "rotation": 270, "texture": "#4"},
				"south": {"uv": [2, 2, 16, 15], "texture": "#4"},
				"west": {"uv": [2, 2, 16, 15], "rotation": 90, "texture": "#4"},
				"up": {"uv": [2, 15, 16, 2], "rotation": 180, "texture": "#4"},
				"down": {"uv": [16, 15, 2, 2], "texture": "#4"}
			}
		},
		{
			"from": [2.6, 0.90726, 6.72097],
			"to": [4.6, 0.90726, 8.72097],
			"rotation": {"angle": 45, "axis": "z", "origin": [3.6, 0.90726, 7.72097]},
			"faces": {
				"north": {"uv": [6, 5, 2, 0], "rotation": 180, "texture": "#4"},
				"east": {"uv": [2, 2, 16, 15], "rotation": 270, "texture": "#4"},
				"south": {"uv": [2, 2, 16, 15], "texture": "#4"},
				"west": {"uv": [2, 2, 16, 15], "rotation": 90, "texture": "#4"},
				"up": {"uv": [2, 15, 16, 2], "rotation": 180, "texture": "#4"},
				"down": {"uv": [16, 15, 2, 2], "texture": "#4"}
			}
		},
		{
			"from": [2.1, 0.98652, 5.60575],
			"to": [4.1, 0.98652, 7.60575],
			"rotation": {"angle": 45, "axis": "z", "origin": [3.1, 0.98652, 6.60575]},
			"faces": {
				"north": {"uv": [6, 5, 2, 0], "rotation": 180, "texture": "#4"},
				"east": {"uv": [2, 2, 16, 15], "rotation": 270, "texture": "#4"},
				"south": {"uv": [2, 2, 16, 15], "texture": "#4"},
				"west": {"uv": [2, 2, 16, 15], "rotation": 90, "texture": "#4"},
				"up": {"uv": [2, 15, 16, 2], "rotation": 180, "texture": "#4"},
				"down": {"uv": [16, 15, 2, 2], "texture": "#4"}
			}
		},
		{
			"from": [3.15, 0.05971, 0.03649],
			"to": [5.15, 0.05971, 2.03649],
			"rotation": {"angle": 45, "axis": "z", "origin": [4.15, 0.05971, 1.03649]},
			"faces": {
				"north": {"uv": [6, 5, 2, 0], "rotation": 180, "texture": "#4"},
				"east": {"uv": [2, 2, 16, 15], "rotation": 270, "texture": "#4"},
				"south": {"uv": [2, 2, 16, 15], "texture": "#4"},
				"west": {"uv": [2, 2, 16, 15], "rotation": 90, "texture": "#4"},
				"up": {"uv": [2, 15, 16, 2], "rotation": 180, "texture": "#4"},
				"down": {"uv": [2, 15, 16, 2], "texture": "#4"}
			}
		},
		{
			"from": [5.85, -0.59056, 0.16222],
			"to": [5.85, 1.40944, 2.16222],
			"rotation": {"angle": -45, "axis": "z", "origin": [5.85, 0.40944, 1.16222]},
			"faces": {
				"north": {"uv": [6, 5, 2, 0], "rotation": 270, "texture": "#4"},
				"east": {"uv": [2, 15, 16, 2], "rotation": 270, "texture": "#4"},
				"south": {"uv": [2, 2, 16, 15], "rotation": 270, "texture": "#4"},
				"west": {"uv": [16, 15, 2, 2], "rotation": 90, "texture": "#4"},
				"up": {"uv": [2, 2, 16, 15], "rotation": 180, "texture": "#4"},
				"down": {"uv": [2, 2, 16, 15], "texture": "#4"}
			}
		},
		{
			"from": [5.025, -0.65, 0.5],
			"to": [5.025, 1.35, 2.5],
			"rotation": {"angle": -45, "axis": "z", "origin": [5, 1, 2]},
			"faces": {
				"north": {"uv": [6, 5, 2, 0], "rotation": 270, "texture": "#4"},
				"east": {"uv": [16, 15, 2, 2], "rotation": 270, "texture": "#4"},
				"south": {"uv": [2, 2, 16, 15], "rotation": 270, "texture": "#4"},
				"west": {"uv": [2, 15, 16, 2], "rotation": 90, "texture": "#4"},
				"up": {"uv": [2, 2, 16, 15], "rotation": 180, "texture": "#4"},
				"down": {"uv": [2, 2, 16, 15], "texture": "#4"}
			}
		},
		{
			"from": [2.6, 0.93727, 1.56718],
			"to": [4.6, 0.93727, 3.56718],
			"rotation": {"angle": 45, "axis": "z", "origin": [3.6, 0.93727, 2.56718]},
			"faces": {
				"north": {"uv": [6, 5, 2, 0], "rotation": 180, "texture": "#4"},
				"east": {"uv": [2, 2, 16, 15], "rotation": 270, "texture": "#4"},
				"south": {"uv": [2, 2, 16, 15], "texture": "#4"},
				"west": {"uv": [2, 2, 16, 15], "rotation": 90, "texture": "#4"},
				"up": {"uv": [2, 15, 16, 2], "rotation": 180, "texture": "#4"},
				"down": {"uv": [16, 15, 2, 2], "texture": "#4"}
			}
		},
		{
			"from": [4.35, 0.56116, 1.18177],
			"to": [6.35, 0.56116, 3.18177],
			"rotation": {"angle": 45, "axis": "z", "origin": [5.35, 0.56116, 2.18177]},
			"faces": {
				"north": {"uv": [6, 5, 2, 0], "rotation": 180, "texture": "#4"},
				"east": {"uv": [2, 2, 16, 15], "rotation": 270, "texture": "#4"},
				"south": {"uv": [2, 2, 16, 15], "texture": "#4"},
				"west": {"uv": [2, 2, 16, 15], "rotation": 90, "texture": "#4"},
				"up": {"uv": [16, 15, 2, 2], "rotation": 180, "texture": "#4"},
				"down": {"uv": [2, 15, 16, 2], "texture": "#4"}
			}
		},
		{
			"from": [2.9, 0.21142, 1.05604],
			"to": [4.9, 0.21142, 3.05604],
			"rotation": {"angle": 45, "axis": "z", "origin": [3.9, 0.21142, 2.05604]},
			"faces": {
				"north": {"uv": [6, 5, 2, 0], "rotation": 180, "texture": "#4"},
				"east": {"uv": [2, 2, 16, 15], "rotation": 270, "texture": "#4"},
				"south": {"uv": [2, 2, 16, 15], "texture": "#4"},
				"west": {"uv": [2, 2, 16, 15], "rotation": 90, "texture": "#4"},
				"up": {"uv": [2, 15, 16, 2], "rotation": 180, "texture": "#4"},
				"down": {"uv": [16, 15, 2, 2], "texture": "#4"}
			}
		},
		{
			"from": [3.85, 0.67324, 2.75894],
			"to": [5.85, 0.67324, 4.75894],
			"rotation": {"angle": 45, "axis": "z", "origin": [4.85, 0.67324, 3.75894]},
			"faces": {
				"north": {"uv": [6, 5, 2, 0], "rotation": 180, "texture": "#4"},
				"east": {"uv": [2, 2, 16, 15], "rotation": 270, "texture": "#4"},
				"south": {"uv": [2, 2, 16, 15], "texture": "#4"},
				"west": {"uv": [2, 2, 16, 15], "rotation": 90, "texture": "#4"},
				"up": {"uv": [16, 15, 2, 2], "rotation": 180, "texture": "#4"},
				"down": {"uv": [2, 15, 16, 2], "texture": "#4"}
			}
		},
		{
			"from": [1.9, 0.3235, 2.6332],
			"to": [3.9, 0.3235, 4.6332],
			"rotation": {"angle": 45, "axis": "z", "origin": [2.9, 0.3235, 3.6332]},
			"faces": {
				"north": {"uv": [6, 5, 2, 0], "rotation": 180, "texture": "#4"},
				"east": {"uv": [2, 2, 16, 15], "rotation": 270, "texture": "#4"},
				"south": {"uv": [2, 2, 16, 15], "texture": "#4"},
				"west": {"uv": [2, 2, 16, 15], "rotation": 90, "texture": "#4"},
				"up": {"uv": [2, 15, 16, 2], "rotation": 180, "texture": "#4"},
				"down": {"uv": [16, 15, 2, 2], "texture": "#4"}
			}
		},
		{
			"from": [1.85, 1.04936, 3.14434],
			"to": [3.85, 1.04936, 5.14434],
			"rotation": {"angle": 45, "axis": "z", "origin": [2.85, 1.04936, 4.14434]},
			"faces": {
				"north": {"uv": [6, 5, 2, 0], "rotation": 180, "texture": "#4"},
				"east": {"uv": [2, 2, 16, 15], "rotation": 270, "texture": "#4"},
				"south": {"uv": [2, 2, 16, 15], "texture": "#4"},
				"west": {"uv": [2, 2, 16, 15], "rotation": 90, "texture": "#4"},
				"up": {"uv": [2, 15, 16, 2], "rotation": 180, "texture": "#4"},
				"down": {"uv": [16, 15, 2, 2], "texture": "#4"}
			}
		},
		{
			"from": [2.15, 0.33992, 3.97939],
			"to": [4.15, 0.33992, 5.97939],
			"rotation": {"angle": 45, "axis": "z", "origin": [3.15, 0.33992, 4.97939]},
			"faces": {
				"north": {"uv": [6, 5, 2, 0], "rotation": 180, "texture": "#4"},
				"east": {"uv": [2, 2, 16, 15], "rotation": 270, "texture": "#4"},
				"south": {"uv": [2, 2, 16, 15], "texture": "#4"},
				"west": {"uv": [2, 2, 16, 15], "rotation": 90, "texture": "#4"},
				"up": {"uv": [2, 15, 16, 2], "rotation": 180, "texture": "#4"},
				"down": {"uv": [16, 15, 2, 2], "texture": "#4"}
			}
		},
		{
			"from": [4.1, 0.68966, 4.10513],
			"to": [6.1, 0.68966, 6.10513],
			"rotation": {"angle": 45, "axis": "z", "origin": [5.1, 0.68966, 5.10513]},
			"faces": {
				"north": {"uv": [6, 5, 2, 0], "rotation": 180, "texture": "#4"},
				"east": {"uv": [2, 2, 16, 15], "rotation": 270, "texture": "#4"},
				"south": {"uv": [2, 2, 16, 15], "texture": "#4"},
				"west": {"uv": [2, 2, 16, 15], "rotation": 90, "texture": "#4"},
				"up": {"uv": [16, 15, 2, 2], "rotation": 180, "texture": "#4"},
				"down": {"uv": [2, 15, 16, 2], "texture": "#4"}
			}
		},
		{
			"from": [2.1, 1.06577, 4.49053],
			"to": [4.1, 1.06577, 6.49053],
			"rotation": {"angle": 45, "axis": "z", "origin": [3.1, 1.06577, 5.49053]},
			"faces": {
				"north": {"uv": [6, 5, 2, 0], "rotation": 180, "texture": "#4"},
				"east": {"uv": [2, 2, 16, 15], "rotation": 270, "texture": "#4"},
				"south": {"uv": [2, 2, 16, 15], "texture": "#4"},
				"west": {"uv": [2, 2, 16, 15], "rotation": 90, "texture": "#4"},
				"up": {"uv": [2, 15, 16, 2], "rotation": 180, "texture": "#4"},
				"down": {"uv": [16, 15, 2, 2], "texture": "#4"}
			}
		},
		{
			"from": [2.15, 0.33992, 3.97939],
			"to": [4.15, 0.33992, 5.97939],
			"rotation": {"angle": 45, "axis": "z", "origin": [3.15, 0.33992, 4.97939]},
			"faces": {
				"north": {"uv": [6, 5, 2, 0], "rotation": 180, "texture": "#4"},
				"east": {"uv": [2, 2, 16, 15], "rotation": 270, "texture": "#4"},
				"south": {"uv": [2, 2, 16, 15], "texture": "#4"},
				"west": {"uv": [2, 2, 16, 15], "rotation": 90, "texture": "#4"},
				"up": {"uv": [2, 15, 16, 2], "rotation": 180, "texture": "#4"},
				"down": {"uv": [16, 15, 2, 2], "texture": "#4"}
			}
		},
		{
			"from": [4.1, 0.68966, 4.10513],
			"to": [6.1, 0.68966, 6.10513],
			"rotation": {"angle": 45, "axis": "z", "origin": [5.1, 0.68966, 5.10513]},
			"faces": {
				"north": {"uv": [6, 5, 2, 0], "rotation": 180, "texture": "#4"},
				"east": {"uv": [2, 2, 16, 15], "rotation": 270, "texture": "#4"},
				"south": {"uv": [2, 2, 16, 15], "texture": "#4"},
				"west": {"uv": [2, 2, 16, 15], "rotation": 90, "texture": "#4"},
				"up": {"uv": [16, 15, 2, 2], "rotation": 180, "texture": "#4"},
				"down": {"uv": [2, 15, 16, 2], "texture": "#4"}
			}
		},
		{
			"from": [2.1, 1.06577, 4.49053],
			"to": [4.1, 1.06577, 6.49053],
			"rotation": {"angle": 45, "axis": "z", "origin": [3.1, 1.06577, 5.49053]},
			"faces": {
				"north": {"uv": [6, 5, 2, 0], "rotation": 180, "texture": "#4"},
				"east": {"uv": [2, 2, 16, 15], "rotation": 270, "texture": "#4"},
				"south": {"uv": [2, 2, 16, 15], "texture": "#4"},
				"west": {"uv": [2, 2, 16, 15], "rotation": 90, "texture": "#4"},
				"up": {"uv": [2, 15, 16, 2], "rotation": 180, "texture": "#4"},
				"down": {"uv": [16, 15, 2, 2], "texture": "#4"}
			}
		},
		{
			"from": [2.15, 0.26066, 5.09462],
			"to": [4.15, 0.26066, 7.09462],
			"rotation": {"angle": 45, "axis": "z", "origin": [3.15, 0.26066, 6.09462]},
			"faces": {
				"north": {"uv": [6, 5, 2, 0], "rotation": 180, "texture": "#4"},
				"east": {"uv": [2, 2, 16, 15], "rotation": 270, "texture": "#4"},
				"south": {"uv": [2, 2, 16, 15], "texture": "#4"},
				"west": {"uv": [2, 2, 16, 15], "rotation": 90, "texture": "#4"},
				"up": {"uv": [2, 15, 16, 2], "rotation": 180, "texture": "#4"},
				"down": {"uv": [16, 15, 2, 2], "texture": "#4"}
			}
		},
		{
			"from": [4.1, 0.6104, 5.22035],
			"to": [6.1, 0.6104, 7.22035],
			"rotation": {"angle": 45, "axis": "z", "origin": [5.1, 0.6104, 6.22035]},
			"faces": {
				"north": {"uv": [6, 5, 2, 0], "rotation": 180, "texture": "#4"},
				"east": {"uv": [2, 2, 16, 15], "rotation": 270, "texture": "#4"},
				"south": {"uv": [2, 2, 16, 15], "texture": "#4"},
				"west": {"uv": [2, 2, 16, 15], "rotation": 90, "texture": "#4"},
				"up": {"uv": [16, 15, 2, 2], "rotation": 180, "texture": "#4"},
				"down": {"uv": [2, 15, 16, 2], "texture": "#4"}
			}
		},
		{
			"from": [4.6, 0.53114, 6.33557],
			"to": [6.6, 0.53114, 8.33557],
			"rotation": {"angle": 45, "axis": "z", "origin": [5.6, 0.53114, 7.33557]},
			"faces": {
				"north": {"uv": [6, 5, 2, 0], "rotation": 180, "texture": "#4"},
				"east": {"uv": [2, 2, 16, 15], "rotation": 270, "texture": "#4"},
				"south": {"uv": [2, 2, 16, 15], "texture": "#4"},
				"west": {"uv": [2, 2, 16, 15], "rotation": 90, "texture": "#4"},
				"up": {"uv": [16, 15, 2, 2], "rotation": 180, "texture": "#4"},
				"down": {"uv": [2, 15, 16, 2], "texture": "#4"}
			}
		},
		{
			"from": [1.9, 0.18141, 6.20984],
			"to": [3.9, 0.18141, 8.20984],
			"rotation": {"angle": 45, "axis": "z", "origin": [2.9, 0.18141, 7.20984]},
			"faces": {
				"north": {"uv": [6, 5, 2, 0], "rotation": 180, "texture": "#4"},
				"east": {"uv": [2, 2, 16, 15], "rotation": 270, "texture": "#4"},
				"south": {"uv": [2, 2, 16, 15], "texture": "#4"},
				"west": {"uv": [2, 2, 16, 15], "rotation": 90, "texture": "#4"},
				"up": {"uv": [2, 15, 16, 2], "rotation": 180, "texture": "#4"},
				"down": {"uv": [16, 15, 2, 2], "texture": "#4"}
			}
		}
	],
	"display": {
		"thirdperson_righthand": {
			"translation": [0.5, 4, 0.75],
			"scale": [0.5, 0.5, 0.5]
		},
		"thirdperson_lefthand": {
			"translation": [0, 4, 0],
			"scale": [0.5, 0.5, 0.5]
		},
		"firstperson_righthand": {
			"translation": [0, 7, 0]
		},
		"firstperson_lefthand": {
			"translation": [0, 7.25, 0]
		},
		"ground": {
			"translation": [2.75, 9.75, 0.25]
		},
		"gui": {
			"rotation": [-160.61, 43.27, 176.89],
			"translation": [2.5, 8.5, 0],
			"scale": [1.4, 1.4, 1.4]
		},
		"head": {
			"rotation": [19, 0, 0],
			"translation": [-0.25, 14.75, 9.25],
			"scale": [2, 2, 2]
		},
		"fixed": {
			"rotation": [-90, 0, 0],
			"translation": [0, 0, -12.25],
			"scale": [1.3, 1.3, 1.3]
		}
	},
	"groups": [
		{
			"name": "stick",
			"origin": [8, 8, 8],
			"color": 0,
			"children": [0, 1, 2, 3, 4, 5, 6]
		},
		7,
		8,
		9,
		10,
		11,
		12,
		13,
		14,
		15,
		16,
		17,
		18,
		19,
		20,
		21,
		22,
		23,
		24,
		25,
		26,
		27,
		28,
		29,
		30,
		31,
		32,
		33,
		34,
		35,
		36,
		37,
		38,
		39,
		40,
		41,
		42,
		43,
		44,
		45,
		46,
		47,
		48,
		49
	]
}