{
	"credit": "Made with Blockbench",
	"parent": "carved_pumpkin",
	"textures": {
		"0": "block/dragon_egg",
		"particle": "block/dragon_egg"
	},
	"elements": [
		{
			"from": [7, 5.25, 7],
			"to": [9, 6.25, 9],
			"faces": {
				"north": {"uv": [4, 13, 6, 14], "texture": "#0"},
				"east": {"uv": [0, 15, 2, 16], "texture": "#0"},
				"south": {"uv": [1, 6, 3, 7], "texture": "#0"},
				"west": {"uv": [5, 6, 7, 7], "texture": "#0"},
				"up": {"uv": [0, 2, 2, 4], "texture": "#0"},
				"down": {"uv": [10, 10, 12, 12], "texture": "#0"}
			}
		},
		{
			"from": [6.5, 4.5, 6.5],
			"to": [9.5, 5.5, 9.5],
			"faces": {
				"north": {"uv": [10, 3, 13, 4], "texture": "#0"},
				"east": {"uv": [10, 4, 13, 5], "texture": "#0"},
				"south": {"uv": [10, 5, 13, 6], "texture": "#0"},
				"west": {"uv": [10, 6, 13, 7], "texture": "#0"},
				"up": {"uv": [10, 7, 13, 10], "texture": "#0"},
				"down": {"uv": [10, 10, 13, 13], "texture": "#0"}
			}
		},
		{
			"from": [6, 3.75, 6],
			"to": [10, 4.75, 10],
			"faces": {
				"north": {"uv": [4, 10, 8, 11], "texture": "#0"},
				"east": {"uv": [10, 4, 14, 5], "texture": "#0"},
				"south": {"uv": [10, 5, 14, 6], "texture": "#0"},
				"west": {"uv": [10, 2, 14, 3], "texture": "#0"},
				"up": {"uv": [10, 6, 14, 10], "texture": "#0"},
				"down": {"uv": [10, 10, 14, 14], "texture": "#0"}
			}
		},
		{
			"from": [5.5, 1.75, 5.5],
			"to": [10.5, 3.75, 10.5],
			"faces": {
				"north": {"uv": [0, 0, 5, 2], "texture": "#0"},
				"east": {"uv": [5, 10, 10, 12], "texture": "#0"},
				"south": {"uv": [10, 6, 15, 8], "texture": "#0"},
				"west": {"uv": [10, 8, 15, 10], "texture": "#0"},
				"up": {"uv": [10, 5, 15, 10], "texture": "#0"},
				"down": {"uv": [10, 10, 15, 15], "texture": "#0"}
			}
		},
		{
			"from": [5, 0.75, 5],
			"to": [11, 2.75, 11],
			"faces": {
				"north": {"uv": [4, 5, 10, 7], "texture": "#0"},
				"east": {"uv": [10, 6, 16, 8], "texture": "#0"},
				"south": {"uv": [10, 8, 16, 10], "texture": "#0"},
				"west": {"uv": [10, 14, 16, 16], "texture": "#0"},
				"up": {"uv": [10, 4, 16, 10], "texture": "#0"},
				"down": {"uv": [10, 10, 16, 16], "texture": "#0"}
			}
		},
		{
			"from": [5.5, 0, 5.5],
			"to": [10.5, 2, 10.5],
			"faces": {
				"north": {"uv": [6, 5, 11, 7], "texture": "#0"},
				"east": {"uv": [10, 8, 15, 10], "texture": "#0"},
				"south": {"uv": [8, 2, 13, 4], "texture": "#0"},
				"west": {"uv": [0, 3, 5, 5], "texture": "#0"},
				"up": {"uv": [0, 9, 5, 14], "texture": "#0"},
				"down": {"uv": [10, 10, 15, 15], "texture": "#0"}
			}
		}
	],
	"display": {
		"thirdperson_righthand": {
			"translation": [0, 7, 0]
		},
		"thirdperson_lefthand": {
			"translation": [0, 8, 0.25]
		},
		"firstperson_righthand": {
			"translation": [0, 6.25, 0]
		},
		"firstperson_lefthand": {
			"translation": [0, 7, 0]
		},
		"ground": {
			"translation": [0, 4.75, 0]
		},
		"gui": {
			"rotation": [29.12, 43.63, -7.86],
			"translation": [1.25, 9.25, 0],
			"scale": [2, 2, 2]
		},
		"head": {
			"translation": [0, 22.5, 0],
			"scale": [2, 2, 2]
		},
		"fixed": {
			"translation": [0, 9.75, 0],
			"scale": [2, 2, 2]
		}
	}
}