{
	"credit": "Made with Blockbench",
	"textures": {
		"1": "block/white_wool",
		"2": "block/green_wool",
		"particle": "block/red_wool"
	},
	"elements": [
		{
			"from": [5, 0.25, 5],
			"to": [12, 3, 12],
			"faces": {
				"north": {"uv": [0, 0, 7, 2.75], "texture": "#2"},
				"east": {"uv": [0, 0, 7, 2.75], "texture": "#2"},
				"south": {"uv": [0, 0, 7, 2.75], "texture": "#2"},
				"west": {"uv": [0, 0, 7, 2.75], "texture": "#2"},
				"up": {"uv": [0, 0, 7, 7], "texture": "#2"},
				"down": {"uv": [0, 0, 7, 7], "texture": "#2"}
			}
		},
		{
			"from": [5.5, 3, 5.5],
			"to": [11.75, 4, 11.75],
			"faces": {
				"north": {"uv": [0, 0, 6.25, 1], "texture": "#2"},
				"east": {"uv": [0, 0, 6.25, 1], "texture": "#2"},
				"south": {"uv": [0, 0, 6.25, 1], "texture": "#2"},
				"west": {"uv": [0, 0, 6.25, 1], "texture": "#2"},
				"up": {"uv": [0, 0, 6.25, 6.25], "texture": "#2"},
				"down": {"uv": [0, 0, 6.25, 6.25], "texture": "#2"}
			}
		},
		{
			"from": [5.75, 4, 6],
			"to": [11.5, 5, 11.75],
			"faces": {
				"north": {"uv": [0, 0, 5.75, 1], "texture": "#2"},
				"east": {"uv": [0, 0, 5.75, 1], "texture": "#2"},
				"south": {"uv": [0, 0, 5.75, 1], "texture": "#2"},
				"west": {"uv": [0, 0, 5.75, 1], "texture": "#2"},
				"up": {"uv": [0, 0, 5.75, 5.75], "texture": "#2"},
				"down": {"uv": [0, 0, 5.75, 5.75], "texture": "#2"}
			}
		},
		{
			"from": [5.75, 5, 7],
			"to": [11, 6, 12.25],
			"faces": {
				"north": {"uv": [0, 0, 5.25, 1], "texture": "#2"},
				"east": {"uv": [0, 0, 5.25, 1], "texture": "#2"},
				"south": {"uv": [0, 0, 5.25, 1], "texture": "#2"},
				"west": {"uv": [0, 0, 5.25, 1], "texture": "#2"},
				"up": {"uv": [0, 0, 5.25, 5.25], "texture": "#2"},
				"down": {"uv": [0, 0, 5.25, 5.25], "texture": "#2"}
			}
		},
		{
			"from": [6, 6, 8],
			"to": [10.75, 7, 15.75],
			"faces": {
				"north": {"uv": [0, 0, 4.75, 1], "texture": "#2"},
				"east": {"uv": [0, 0, 7.75, 1], "texture": "#2"},
				"south": {"uv": [0, 0, 4.75, 1], "texture": "#2"},
				"west": {"uv": [0, 0, 7.75, 1], "texture": "#2"},
				"up": {"uv": [0, 0, 4.75, 7.75], "texture": "#2"},
				"down": {"uv": [0, 0, 4.75, 7.75], "texture": "#2"}
			}
		},
		{
			"from": [6.5, 6.75, 8.5],
			"to": [10.5, 7.75, 14.5],
			"faces": {
				"north": {"uv": [0, 0, 4, 1], "texture": "#2"},
				"east": {"uv": [0, 0, 6, 1], "texture": "#2"},
				"south": {"uv": [0, 0, 4, 1], "texture": "#2"},
				"west": {"uv": [0, 0, 6, 1], "texture": "#2"},
				"up": {"uv": [0, 0, 4, 6], "texture": "#2"},
				"down": {"uv": [0, 0, 4, 6], "texture": "#2"}
			}
		},
		{
			"from": [7.425, 7.75, 10.5],
			"to": [9.425, 8.75, 13.5],
			"faces": {
				"north": {"uv": [0, 0, 2, 1], "texture": "#2"},
				"east": {"uv": [0, 0, 3, 1], "texture": "#2"},
				"south": {"uv": [0, 0, 2, 1], "texture": "#2"},
				"west": {"uv": [0, 0, 3, 1], "texture": "#2"},
				"up": {"uv": [0, 0, 2, 3], "texture": "#2"},
				"down": {"uv": [0, 0, 2, 3], "texture": "#2"}
			}
		},
		{
			"from": [7.5, 5, 13.75],
			"to": [9.5, 6, 15.75],
			"faces": {
				"north": {"uv": [4, 1, 6, 2], "texture": "#2"},
				"east": {"uv": [4, 1, 6, 2], "texture": "#2"},
				"south": {"uv": [4, 1, 6, 2], "texture": "#2"},
				"west": {"uv": [4, 1, 6, 2], "texture": "#2"},
				"up": {"uv": [4, 1, 6, 3], "texture": "#2"},
				"down": {"uv": [4, 1, 6, 3], "texture": "#2"}
			}
		},
		{
			"from": [4.75, 0, 4.75],
			"to": [12.25, 1.5, 12.25],
			"faces": {
				"north": {"uv": [8.5, 9, 16, 10.5], "texture": "#1"},
				"east": {"uv": [0, 9, 7.5, 10.5], "texture": "#1"},
				"south": {"uv": [8.5, 9, 16, 10.5], "texture": "#1"},
				"west": {"uv": [0, 9, 7.5, 10.5], "texture": "#1"},
				"up": {"uv": [0, 0, 7.5, 7.5], "texture": "#1"},
				"down": {"uv": [0, 0, 7.5, 7.5], "texture": "#1"}
			}
		},
		{
			"from": [7.175, 3.75, 15],
			"to": [9.675, 6.25, 17.5],
			"faces": {
				"north": {"uv": [1, 1, 3.5, 3.5], "texture": "#1"},
				"east": {"uv": [0, 6, 2.5, 8.5], "texture": "#1"},
				"south": {"uv": [5, 7, 7.5, 9.5], "texture": "#1"},
				"west": {"uv": [9, 3, 11.5, 5.5], "texture": "#1"},
				"up": {"uv": [4, 3, 6.5, 5.5], "texture": "#1"},
				"down": {"uv": [5, 0, 7.5, 2.5], "texture": "#1"}
			}
		}
	],
	"display": {
		"thirdperson_righthand": {
			"translation": [0, 3.75, 0],
			"scale": [0.5, 0.5, 0.46289]
		},
		"thirdperson_lefthand": {
			"translation": [1.75, 4, 0],
			"scale": [0.5, 0.5, 0.45508]
		},
		"firstperson_righthand": {
			"translation": [0, 7.25, 0],
			"scale": [0.75, 0.75, 0.6]
		},
		"firstperson_lefthand": {
			"translation": [0, 7.25, 0],
			"scale": [0.75, 0.75, 0.6]
		},
		"ground": {
			"translation": [0, 3.75, 0],
			"scale": [1, 1, 0.75]
		},
		"gui": {
			"rotation": [-159, 34, -180],
			"translation": [0, 2.25, 0]
		},
		"head": {
			"translation": [-1.25, 19, -1],
			"scale": [2.2, 2.2, 2.2]
		},
		"fixed": {
			"rotation": [0, 75, 0],
			"translation": [-1.25, 2.5, 0]
		}
	}
}