{
	"credit": "Made with Blockbench",
	"textures": {
		"1": "block/custom/body_1_1",
		"2": "block/custom/eyes_1",
		"3": "block/custom/outer_layer_1",
		"4": "block/calcite",
		"particle": "minecraft/textures/custom/body_1_1"
	},
	"elements": [
		{
			"from": [7.34851, 16.79235, 7.25],
			"to": [8.39851, 21.94235, 12],
			"rotation": {"angle": -45, "axis": "z", "origin": [10.64851, 21.91735, 7.75]},
			"faces": {
				"north": {"uv": [0.8, 0, 1.85, 5.15], "texture": "#3"},
				"east": {"uv": [4.75, 0, 9.5, 5.15], "texture": "#3"},
				"south": {"uv": [0.8, 0, 1.85, 5.15], "texture": "#3"},
				"west": {"uv": [4.75, 0, 9.5, 5.15], "texture": "#3"},
				"up": {"uv": [0.8, 0, 1.85, 4.75], "texture": "#3"},
				"down": {"uv": [0.8, 0, 1.85, 4.75], "texture": "#3"}
			}
		},
		{
			"from": [10.80016, 21.11306, 7.25],
			"to": [12.10016, 26.21306, 12],
			"rotation": {"angle": 45, "axis": "z", "origin": [13.30016, 21.98806, 7.75]},
			"faces": {
				"north": {"uv": [0, 0, 1.3, 5.1], "texture": "#3"},
				"east": {"uv": [0, 0, 4.75, 5.1], "texture": "#3"},
				"south": {"uv": [0, 0, 1.3, 5.1], "texture": "#3"},
				"west": {"uv": [0, 0, 4.75, 5.1], "texture": "#3"},
				"up": {"uv": [0, 0, 1.3, 4.75], "texture": "#3"},
				"down": {"uv": [0, 0, 1.3, 4.75], "texture": "#3"}
			}
		},
		{
			"from": [2.34851, 11.79235, 7.25],
			"to": [3.64851, 16.89235, 12],
			"rotation": {"angle": -45, "axis": "z", "origin": [10.64851, 21.91735, 7.75]},
			"faces": {
				"north": {"uv": [0.8, 0, 2.1, 5.1], "texture": "#3"},
				"east": {"uv": [4.75, 0, 9.5, 5.1], "texture": "#3"},
				"south": {"uv": [0.8, 0, 2.1, 5.1], "texture": "#3"},
				"west": {"uv": [4.75, 0, 9.5, 5.1], "texture": "#3"},
				"up": {"uv": [0.8, 0, 2.1, 4.75], "texture": "#3"},
				"down": {"uv": [0.8, 0, 2.1, 4.75], "texture": "#3"}
			}
		},
		{
			"from": [13.34851, 10.79235, 7.25],
			"to": [14.64851, 22.14235, 12],
			"rotation": {"angle": -45, "axis": "z", "origin": [10.64851, 21.91735, 7.75]},
			"faces": {
				"north": {"uv": [0.8, 0, 2.1, 11.35], "texture": "#3"},
				"east": {"uv": [4.75, 0, 9.5, 11.35], "texture": "#3"},
				"south": {"uv": [0.8, 0, 2.1, 11.35], "texture": "#3"},
				"west": {"uv": [4.75, 0, 9.5, 11.35], "texture": "#3"},
				"up": {"uv": [0.8, 0, 2.1, 4.75], "texture": "#3"},
				"down": {"uv": [0.8, 0, 2.1, 4.75], "texture": "#3"}
			}
		},
		{
			"from": [0.10149, 21.04235, 7.25],
			"to": [1.40149, 31.64235, 12],
			"rotation": {"angle": 45, "axis": "z", "origin": [13.35149, 21.91735, 7.75]},
			"faces": {
				"north": {"uv": [1.6, 0, 2.9, 10.6], "texture": "#3"},
				"east": {"uv": [9.5, 0, 14.25, 10.6], "texture": "#3"},
				"south": {"uv": [1.6, 0, 2.9, 10.6], "texture": "#3"},
				"west": {"uv": [9.5, 0, 14.25, 10.6], "texture": "#3"},
				"up": {"uv": [1.6, 0, 2.9, 4.75], "texture": "#3"},
				"down": {"uv": [1.6, 0, 2.9, 4.75], "texture": "#3"}
			}
		},
		{
			"from": [6.35149, 26.54235, 7.25],
			"to": [7.65149, 31.69235, 12],
			"rotation": {"angle": 45, "axis": "z", "origin": [13.35149, 21.91735, 7.75]},
			"faces": {
				"north": {"uv": [1.6, 0, 2.9, 5.15], "texture": "#3"},
				"east": {"uv": [9.5, 0, 14.25, 5.15], "texture": "#3"},
				"south": {"uv": [1.6, 0, 2.9, 5.15], "texture": "#3"},
				"west": {"uv": [9.5, 0, 14.25, 5.15], "texture": "#3"},
				"up": {"uv": [1.6, 0, 2.9, 4.75], "texture": "#3"},
				"down": {"uv": [1.6, 0, 2.9, 4.75], "texture": "#3"}
			}
		},
		{
			"name": "string connector",
			"from": [4, 11, 8],
			"to": [7, 13.5, 12],
			"rotation": {"angle": 0, "axis": "y", "origin": [4, 8.5, 0]},
			"faces": {
				"north": {"uv": [0, 0, 3, 2.5], "texture": "#3"},
				"east": {"uv": [0, 0, 4, 2.5], "texture": "#3"},
				"south": {"uv": [0, 0, 3, 2.5], "texture": "#3"},
				"west": {"uv": [0, 0, 4, 2.5], "texture": "#3"},
				"up": {"uv": [0, 0, 3, 4], "texture": "#3"},
				"down": {"uv": [0, 0, 3, 4], "texture": "#3"}
			}
		},
		{
			"name": "smaller part",
			"from": [-3, 17.35, 7.25],
			"to": [2, 22.1, 11.75],
			"rotation": {"angle": -45, "axis": "z", "origin": [4, 8.5, 0]},
			"faces": {
				"north": {"uv": [0, 0, 5, 4.75], "texture": "#1"},
				"east": {"uv": [0, 0, 4.5, 4.75], "texture": "#1"},
				"south": {"uv": [0, 0, 5, 4.75], "texture": "#1"},
				"west": {"uv": [0, 0, 4.5, 4.75], "texture": "#1"},
				"up": {"uv": [0, 0, 5, 4.5], "texture": "#1"},
				"down": {"uv": [0, 0, 5, 4.5], "texture": "#1"}
			}
		},
		{
			"name": "mouth",
			"from": [5.25, 15.5, 7],
			"to": [7.25, 17.5, 7],
			"rotation": {"angle": 0, "axis": "y", "origin": [4, 8.5, 0]},
			"faces": {
				"north": {"uv": [0, 0, 2, 2], "texture": "#2"},
				"east": {"uv": [0, 0, 0, 2], "texture": "#2"},
				"south": {"uv": [0, 0, 2, 2], "texture": "#2"},
				"west": {"uv": [0, 0, 0, 2], "texture": "#2"},
				"up": {"uv": [0, 0, 2, 0], "texture": "#2"},
				"down": {"uv": [0, 0, 2, 0], "texture": "#2"}
			}
		},
		{
			"name": "big part",
			"from": [8, 10.5, 7.25],
			"to": [13, 20.25, 11.75],
			"rotation": {"angle": 45, "axis": "z", "origin": [4, 8.5, 0]},
			"faces": {
				"north": {"uv": [0, 0, 5, 9.75], "texture": "#1"},
				"east": {"uv": [0, 0, 4.5, 9.75], "texture": "#1"},
				"south": {"uv": [0, 0, 5, 9.75], "texture": "#1"},
				"west": {"uv": [0, 0, 4.5, 9.75], "texture": "#1"},
				"up": {"uv": [0, 0, 5, 4.5], "texture": "#1"},
				"down": {"uv": [0, 0, 5, 4.5], "texture": "#1"}
			}
		},
		{
			"name": "eye left",
			"from": [7.25, 18.25, 7],
			"to": [10.25, 21.25, 7],
			"rotation": {"angle": 0, "axis": "y", "origin": [4, 8.5, 0]},
			"faces": {
				"north": {"uv": [0, 0, 3, 3], "texture": "#2"},
				"east": {"uv": [0, 0, 0, 3], "texture": "#2"},
				"south": {"uv": [0, 0, 3, 3], "texture": "#2"},
				"west": {"uv": [0, 0, 0, 3], "texture": "#2"},
				"up": {"uv": [0, 0, 3, 0], "texture": "#2"},
				"down": {"uv": [0, 0, 3, 0], "texture": "#2"}
			}
		},
		{
			"name": "eye right",
			"from": [0.75, 18.25, 7],
			"to": [3.75, 21.25, 7],
			"rotation": {"angle": 0, "axis": "y", "origin": [4, 8.5, 0]},
			"faces": {
				"north": {"uv": [0, 0, 3, 3], "texture": "#2"},
				"east": {"uv": [0, 0, 0, 3], "texture": "#2"},
				"south": {"uv": [0, 0, 3, 3], "texture": "#2"},
				"west": {"uv": [0, 0, 0, 3], "texture": "#2"},
				"up": {"uv": [0, 0, 3, 0], "texture": "#2"},
				"down": {"uv": [0, 0, 3, 0], "texture": "#2"}
			}
		},
		{
			"name": "string 2",
			"from": [4, 0, 9],
			"to": [5, 2, 9],
			"faces": {
				"north": {"uv": [0, 0, 1, 2], "texture": "#4"},
				"east": {"uv": [0, 0, 0, 2], "texture": "#4"},
				"south": {"uv": [0, 0, 1, 2], "texture": "#4"},
				"west": {"uv": [0, 0, 0, 2], "texture": "#4"},
				"up": {"uv": [0, 0, 1, 0], "texture": "#4"},
				"down": {"uv": [0, 0, 1, 0], "texture": "#4"}
			}
		},
		{
			"name": "string 3",
			"from": [5, 2, 9],
			"to": [6, 4, 9],
			"faces": {
				"north": {"uv": [0, 0, 1, 2], "texture": "#4"},
				"east": {"uv": [0, 0, 0, 2], "texture": "#4"},
				"south": {"uv": [0, 0, 1, 2], "texture": "#4"},
				"west": {"uv": [0, 0, 0, 2], "texture": "#4"},
				"up": {"uv": [0, 0, 1, 0], "texture": "#4"},
				"down": {"uv": [0, 0, 1, 0], "texture": "#4"}
			}
		},
		{
			"name": "string 4",
			"from": [4, 5, 9],
			"to": [5, 7, 9],
			"faces": {
				"north": {"uv": [0, 0, 1, 2], "texture": "#4"},
				"east": {"uv": [0, 0, 0, 2], "texture": "#4"},
				"south": {"uv": [0, 0, 1, 2], "texture": "#4"},
				"west": {"uv": [0, 0, 0, 2], "texture": "#4"},
				"up": {"uv": [0, 0, 1, 0], "texture": "#4"},
				"down": {"uv": [0, 0, 1, 0], "texture": "#4"}
			}
		},
		{
			"name": "string 5",
			"from": [5, 8, 9],
			"to": [6, 10, 9],
			"faces": {
				"north": {"uv": [0, 0, 1, 2], "texture": "#4"},
				"east": {"uv": [0, 0, 0, 2], "texture": "#4"},
				"south": {"uv": [0, 0, 1, 2], "texture": "#4"},
				"west": {"uv": [0, 0, 0, 2], "texture": "#4"},
				"up": {"uv": [0, 0, 1, 0], "texture": "#4"},
				"down": {"uv": [0, 0, 1, 0], "texture": "#4"}
			}
		},
		{
			"name": "string 6",
			"from": [5, 10, 9],
			"to": [6, 11, 9],
			"faces": {
				"north": {"uv": [0, 0, 1, 1], "texture": "#4"},
				"east": {"uv": [0, 0, 0, 1], "texture": "#4"},
				"south": {"uv": [0, 0, 1, 1], "texture": "#4"},
				"west": {"uv": [0, 0, 0, 1], "texture": "#4"},
				"up": {"uv": [0, 0, 1, 0], "texture": "#4"},
				"down": {"uv": [0, 0, 1, 0], "texture": "#4"}
			}
		},
		{
			"name": "string 3",
			"from": [4, 2, 9],
			"to": [5, 3, 9],
			"faces": {
				"north": {"uv": [0, 0, 1, 1], "texture": "#4"},
				"east": {"uv": [0, 0, 0, 1], "texture": "#4"},
				"south": {"uv": [0, 0, 1, 1], "texture": "#4"},
				"west": {"uv": [0, 0, 0, 1], "texture": "#4"},
				"up": {"uv": [0, 0, 1, 0], "texture": "#4"},
				"down": {"uv": [0, 0, 1, 0], "texture": "#4"}
			}
		},
		{
			"name": "string 4",
			"from": [4, 7, 9],
			"to": [5, 8, 9],
			"faces": {
				"north": {"uv": [0, 0, 1, 1], "texture": "#4"},
				"east": {"uv": [0, 0, 0, 1], "texture": "#4"},
				"south": {"uv": [0, 0, 1, 1], "texture": "#4"},
				"west": {"uv": [0, 0, 0, 1], "texture": "#4"},
				"up": {"uv": [0, 0, 1, 0], "texture": "#4"},
				"down": {"uv": [0, 0, 1, 0], "texture": "#4"}
			}
		},
		{
			"name": "string 5",
			"from": [5, 7, 9],
			"to": [6, 8, 9],
			"faces": {
				"north": {"uv": [0, 0, 1, 1], "texture": "#4"},
				"east": {"uv": [0, 0, 0, 1], "texture": "#4"},
				"south": {"uv": [0, 0, 1, 1], "texture": "#4"},
				"west": {"uv": [0, 0, 0, 1], "texture": "#4"},
				"up": {"uv": [0, 0, 1, 0], "texture": "#4"},
				"down": {"uv": [0, 0, 1, 0], "texture": "#4"}
			}
		},
		{
			"name": "string 5",
			"from": [5, 4, 9],
			"to": [6, 5, 9],
			"faces": {
				"north": {"uv": [0, 0, 1, 1], "texture": "#4"},
				"east": {"uv": [0, 0, 0, 1], "texture": "#4"},
				"south": {"uv": [0, 0, 1, 1], "texture": "#4"},
				"west": {"uv": [0, 0, 0, 1], "texture": "#4"},
				"up": {"uv": [0, 0, 1, 0], "texture": "#4"},
				"down": {"uv": [0, 0, 1, 0], "texture": "#4"}
			}
		},
		{
			"name": "string 5",
			"from": [4, 4, 9],
			"to": [5, 5, 9],
			"faces": {
				"north": {"uv": [0, 0, 1, 1], "texture": "#4"},
				"east": {"uv": [0, 0, 0, 1], "texture": "#4"},
				"south": {"uv": [0, 0, 1, 1], "texture": "#4"},
				"west": {"uv": [0, 0, 0, 1], "texture": "#4"},
				"up": {"uv": [0, 0, 1, 0], "texture": "#4"},
				"down": {"uv": [0, 0, 1, 0], "texture": "#4"}
			}
		}
	],
	"display": {
		"gui": {
			"rotation": [-180, 1.25, -180],
			"translation": [-2.5, -9.25, 0]
		},
		"head": {
			"translation": [4.75, 13, 0]
		}
	},
	"groups": [
		{
			"name": "group",
			"origin": [9.30016, 13.48806, 7.75],
			"color": 0,
			"children": [
				{
					"name": "outer",
					"origin": [9.30016, 13.48806, 7.75],
					"color": 0,
					"children": [0, 1, 2, 3, 4, 5, 6]
				},
				{
					"name": "inner",
					"origin": [9.30016, 13.48806, 7.75],
					"color": 0,
					"children": [7, 8, 9, 10, 11]
				}
			]
		},
		{
			"name": "string",
			"origin": [9.30016, 13.48806, 7.75],
			"color": 0,
			"children": [12, 13, 14, 15, 16, 17, 18, 19, 20, 21]
		}
	]
}