{
	"credit": "Made with Blockbench",
	"textures": {
		"1": "block/jack_o_lantern",
		"2": "block/pumpkin_side",
		"3": "block/pumpkin_top",
		"4": "block/black_glazed_terracotta",
		"particle": "block/jack_o_lantern"
	},
	"elements": [
		{
			"from": [6, -1, 6],
			"to": [10, 3, 10],
			"faces": {
				"north": {"uv": [0, 0, 16, 16], "texture": "#2"},
				"east": {"uv": [0, 0, 16, 16], "texture": "#2"},
				"south": {"uv": [0, 0, 16, 16], "texture": "#2"},
				"west": {"uv": [0, 0, 16, 16], "texture": "#2"},
				"up": {"uv": [0, 0, 16, 16], "texture": "#3"},
				"down": {"uv": [0, 0, 16, 16], "texture": "#3"}
			}
		},
		{
			"from": [5.5, 13, 5.5],
			"to": [10.5, 18, 10.5],
			"faces": {
				"north": {"uv": [0, 0, 16, 16], "texture": "#1"},
				"east": {"uv": [0, 0, 16, 16], "texture": "#2"},
				"south": {"uv": [0, 0, 16, 16], "texture": "#2"},
				"west": {"uv": [0, 0, 16, 16], "texture": "#2"},
				"up": {"uv": [0, 0, 16, 16], "texture": "#3"},
				"down": {"uv": [0, 0, 16, 16], "texture": "#3"}
			}
		},
		{
			"from": [7, 3, 7],
			"to": [9, 15, 9],
			"faces": {
				"north": {"uv": [8, 1, 10, 13], "texture": "#4"},
				"east": {"uv": [8, 1, 10, 13], "texture": "#4"},
				"south": {"uv": [8, 1, 10, 13], "texture": "#4"},
				"west": {"uv": [8, 1, 10, 13], "texture": "#4"},
				"up": {"uv": [14, 0, 16, 2], "texture": "#4"},
				"down": {"uv": [14, 0, 16, 2], "texture": "#4"}
			}
		}
	],
	"display": {
		"thirdperson_righthand": {
			"translation": [0, 1.5, 0]
		},
		"thirdperson_lefthand": {
			"translation": [0, 1.25, 0]
		},
		"firstperson_righthand": {
			"rotation": [0, 19.25, 0],
			"translation": [0, 1.25, 0]
		},
		"firstperson_lefthand": {
			"rotation": [0, 20.5, 0],
			"translation": [0, 2.25, 0]
		},
		"ground": {
			"translation": [0, 5, 0]
		},
		"gui": {
			"rotation": [-156.57, 5.56, -136.45],
			"translation": [-0.5, -0.5, -0.5]
		},
		"fixed": {
			"translation": [0, 0, -1.75]
		}
	}
}