{
	"credit": "Made with Blockbench",
	"parent": "carved_pumpkin",
	"textures": {
		"0": "block/custom/shell",
		"1": "block/custom/snail",
		"particle": "block/custom/shell"
	},
	"elements": [
		{
			"from": [6.75, 0, 2.8],
			"to": [9.25, 1, 9.8],
			"faces": {
				"north": {"uv": [0, 0, 10, 3], "texture": "#1"},
				"east": {"uv": [0, 0, 14, 3], "texture": "#1"},
				"south": {"uv": [0, 0, 10, 3], "texture": "#1"},
				"west": {"uv": [0, 0, 14, 3], "texture": "#1"},
				"up": {"uv": [6, 16, 0, 0], "texture": "#1"},
				"down": {"uv": [6, 0, 0, 16], "texture": "#1"}
			}
		},
		{
			"from": [7, 1, 3],
			"to": [9, 2, 6],
			"faces": {
				"north": {"uv": [0, 13, 7, 16], "texture": "#1"},
				"east": {"uv": [0, 13, 7, 16], "texture": "#1"},
				"south": {"uv": [0, 13, 7, 16], "texture": "#1"},
				"west": {"uv": [0, 13, 7, 16], "texture": "#1"},
				"up": {"uv": [0, 7, 7, 16], "texture": "#1"},
				"down": {"uv": [0, 7, 7, 16], "texture": "#1"}
			}
		},
		{
			"from": [7, 1.75, 2.75],
			"to": [9, 3.25, 3.75],
			"faces": {
				"north": {"uv": [0, 0, 7, 7], "texture": "#1"},
				"east": {"uv": [0, 0, 5, 7], "texture": "#1"},
				"south": {"uv": [0, 0, 7, 7], "texture": "#1"},
				"west": {"uv": [0, 0, 5, 7], "texture": "#1"},
				"up": {"uv": [0, 3, 7, 7], "texture": "#1"},
				"down": {"uv": [0, 3, 7, 7], "texture": "#1"}
			}
		},
		{
			"from": [7, 3, 2.75],
			"to": [7.5, 4, 3.25],
			"rotation": {"angle": -22.5, "axis": "x", "origin": [7, 3.25, 2.75]},
			"faces": {
				"north": {"uv": [14, 14, 15, 16], "texture": "#1"},
				"east": {"uv": [14, 14, 15, 16], "texture": "#1"},
				"south": {"uv": [14, 14, 15, 16], "texture": "#1"},
				"west": {"uv": [14, 14, 15, 16], "texture": "#1"},
				"up": {"uv": [14.5, 14, 15, 14.5], "texture": "#1"},
				"down": {"uv": [14.5, 14, 15, 14.5], "texture": "#1"}
			}
		},
		{
			"from": [8.5, 3, 2.75],
			"to": [9, 4, 3.25],
			"rotation": {"angle": -22.5, "axis": "x", "origin": [7, 3.25, 2.75]},
			"faces": {
				"north": {"uv": [14, 14, 15, 16], "texture": "#1"},
				"east": {"uv": [14, 14, 15, 16], "texture": "#1"},
				"south": {"uv": [14, 14, 15, 16], "texture": "#1"},
				"west": {"uv": [14, 14, 15, 16], "texture": "#1"},
				"up": {"uv": [14.5, 14, 15, 14.5], "texture": "#1"},
				"down": {"uv": [14.5, 14, 15, 14.5], "texture": "#1"}
			}
		},
		{
			"from": [6.5, 0.5, 4.5],
			"to": [9.5, 3.5, 9.5],
			"faces": {
				"north": {"uv": [0, 11, 5, 16], "texture": "#0"},
				"east": {"uv": [8, 0, 16, 5], "texture": "#0"},
				"south": {"uv": [6, 11, 11, 16], "texture": "#0"},
				"west": {"uv": [0, 0, 8, 5], "texture": "#0"},
				"up": {"uv": [16, 16, 11, 9], "texture": "#0"},
				"down": {"uv": [16, 9, 11, 16], "texture": "#0"}
			}
		}
	],
	"display": {
		"thirdperson_righthand": {
			"translation": [0, 8, 5.25]
		},
		"thirdperson_lefthand": {
			"translation": [0, 8, 5.25]
		},
		"firstperson_righthand": {
			"translation": [0, 6.5, 5]
		},
		"firstperson_lefthand": {
			"translation": [0, 6.5, 5.75]
		},
		"ground": {
			"translation": [0, 4.75, 0]
		},
		"gui": {
			"rotation": [29, -138, 0],
			"translation": [-1.75, 11.5, 0],
			"scale": [2, 2, 2]
		},
		"head": {
			"rotation": [0, 52, 0],
			"translation": [2, 22.5, 2],
			"scale": [2, 2, 2]
		},
		"fixed": {
			"rotation": [-90, -180, 0],
			"translation": [0, -2.5, -16],
			"scale": [2, 2, 2]
		}
	},
	"groups": [
		{
			"name": "snail body",
			"origin": [0, 0, 0],
			"color": 0,
			"children": [
				0,
				1,
				2,
				{
					"name": "eyes",
					"origin": [8, 8, 8],
					"color": 0,
					"children": [3, 4]
				}
			]
		},
		{
			"name": "shell",
			"origin": [0, 0, 0],
			"color": 0,
			"children": [5]
		}
	]
}