{
	"credit": "Made with Blockbench",
	"textures": {
		"1": "block/raw_gold_block",
		"4": "block/stripped_oak_log",
		"6": "block/snow",
		"7": "block/azalea_leaves",
		"8": "block/spruce_log",
		"10": "block/glass",
		"particle": "block/gold_block"
	},
	"elements": [
		{
			"from": [5, 3, 4],
			"to": [10, 5, 5],
			"rotation": {"angle": 0, "axis": "y", "origin": [7.5, 8, 14.5]},
			"faces": {
				"north": {"uv": [5, 3, 10, 5], "texture": "#4"},
				"east": {"uv": [5, 3, 6, 5], "texture": "#4"},
				"south": {"uv": [5, 3, 10, 5], "texture": "#4"},
				"west": {"uv": [5, 3, 6, 5], "texture": "#4"},
				"up": {"uv": [5, 3, 6, 8], "rotation": 270, "texture": "#4"},
				"down": {"uv": [5, 3, 6, 8], "rotation": 90, "texture": "#4"}
			}
		},
		{
			"from": [5, 3, 12],
			"to": [10, 5, 13],
			"rotation": {"angle": 0, "axis": "y", "origin": [7.5, 8, 14.5]},
			"faces": {
				"north": {"uv": [5, 3, 10, 5], "texture": "#4"},
				"east": {"uv": [5, 3, 6, 5], "texture": "#4"},
				"south": {"uv": [5, 3, 10, 5], "texture": "#4"},
				"west": {"uv": [5, 3, 6, 5], "texture": "#4"},
				"up": {"uv": [5, 3, 6, 8], "rotation": 270, "texture": "#4"},
				"down": {"uv": [5, 3, 6, 8], "rotation": 90, "texture": "#4"}
			}
		},
		{
			"from": [11, 3, 6],
			"to": [12, 5, 11],
			"faces": {
				"north": {"uv": [5, 3, 6, 5], "texture": "#4"},
				"east": {"uv": [5, 3, 10, 5], "texture": "#4"},
				"south": {"uv": [5, 3, 6, 5], "texture": "#4"},
				"west": {"uv": [5, 3, 10, 5], "texture": "#4"},
				"up": {"uv": [5, 3, 6, 8], "texture": "#4"},
				"down": {"uv": [5, 3, 6, 8], "texture": "#4"}
			}
		},
		{
			"from": [3, 3, 6],
			"to": [4, 5, 11],
			"faces": {
				"north": {"uv": [5, 3, 6, 5], "texture": "#4"},
				"east": {"uv": [5, 3, 10, 5], "texture": "#4"},
				"south": {"uv": [5, 3, 6, 5], "texture": "#4"},
				"west": {"uv": [5, 3, 10, 5], "texture": "#4"},
				"up": {"uv": [5, 3, 6, 8], "texture": "#4"},
				"down": {"uv": [5, 3, 6, 8], "texture": "#4"}
			}
		},
		{
			"from": [4, 3, 5],
			"to": [11, 5, 12],
			"faces": {
				"north": {"uv": [5, 3, 12, 5], "texture": "#4"},
				"east": {"uv": [5, 3, 12, 5], "texture": "#4"},
				"south": {"uv": [5, 3, 12, 5], "texture": "#4"},
				"west": {"uv": [5, 3, 12, 5], "texture": "#4"},
				"up": {"uv": [5, 3, 12, 10], "texture": "#4"},
				"down": {"uv": [5, 3, 12, 10], "texture": "#4"}
			}
		},
		{
			"from": [3, 2, 4],
			"to": [5, 4, 6],
			"faces": {
				"north": {"uv": [4, 8, 7, 11], "texture": "#1"},
				"east": {"uv": [4, 8, 7, 11], "texture": "#1"},
				"south": {"uv": [4, 8, 7, 11], "texture": "#1"},
				"west": {"uv": [4, 8, 7, 11], "texture": "#1"},
				"up": {"uv": [4, 8, 7, 11], "texture": "#1"},
				"down": {"uv": [4, 8, 7, 11], "texture": "#1"}
			}
		},
		{
			"from": [2.5, 1.25, 3.25],
			"to": [4.5, 3.25, 5.25],
			"faces": {
				"north": {"uv": [4, 8, 7, 11], "texture": "#1"},
				"east": {"uv": [4, 8, 7, 11], "texture": "#1"},
				"south": {"uv": [4, 8, 7, 11], "texture": "#1"},
				"west": {"uv": [4, 8, 7, 11], "texture": "#1"},
				"up": {"uv": [4, 8, 7, 11], "texture": "#1"},
				"down": {"uv": [4, 8, 7, 11], "texture": "#1"}
			}
		},
		{
			"from": [1.75, 0.75, 4.75],
			"to": [2.75, 1.75, 5.75],
			"faces": {
				"north": {"uv": [4, 8, 5.66667, 9.66667], "texture": "#1"},
				"east": {"uv": [4, 8, 5.66667, 9.66667], "texture": "#1"},
				"south": {"uv": [4, 8, 5.66667, 9.66667], "texture": "#1"},
				"west": {"uv": [4, 8, 5.66667, 9.66667], "texture": "#1"},
				"up": {"uv": [4, 8, 5.66667, 9.66667], "texture": "#1"},
				"down": {"uv": [4, 8, 5.66667, 9.66667], "texture": "#1"}
			}
		},
		{
			"from": [2, -0.25, 4.5],
			"to": [3, 0.75, 5.5],
			"faces": {
				"north": {"uv": [4, 8, 5.66667, 9.66667], "texture": "#1"},
				"east": {"uv": [4, 8, 5.66667, 9.66667], "texture": "#1"},
				"south": {"uv": [4, 8, 5.66667, 9.66667], "texture": "#1"},
				"west": {"uv": [4, 8, 5.66667, 9.66667], "texture": "#1"},
				"up": {"uv": [4, 8, 5.66667, 9.66667], "texture": "#1"},
				"down": {"uv": [4, 8, 5.66667, 9.66667], "texture": "#1"}
			}
		},
		{
			"from": [2.25, -0.25, 3],
			"to": [3.25, 0.75, 4],
			"faces": {
				"north": {"uv": [4, 8, 5.66667, 9.66667], "texture": "#1"},
				"east": {"uv": [4, 8, 5.66667, 9.66667], "texture": "#1"},
				"south": {"uv": [4, 8, 5.66667, 9.66667], "texture": "#1"},
				"west": {"uv": [4, 8, 5.66667, 9.66667], "texture": "#1"},
				"up": {"uv": [4, 8, 5.66667, 9.66667], "texture": "#1"},
				"down": {"uv": [4, 8, 5.66667, 9.66667], "texture": "#1"}
			}
		},
		{
			"from": [3.75, -0.25, 3],
			"to": [4.75, 0.75, 4],
			"faces": {
				"north": {"uv": [4, 8, 5.66667, 9.66667], "texture": "#1"},
				"east": {"uv": [4, 8, 5.66667, 9.66667], "texture": "#1"},
				"south": {"uv": [4, 8, 5.66667, 9.66667], "texture": "#1"},
				"west": {"uv": [4, 8, 5.66667, 9.66667], "texture": "#1"},
				"up": {"uv": [4, 8, 5.66667, 9.66667], "texture": "#1"},
				"down": {"uv": [4, 8, 5.66667, 9.66667], "texture": "#1"}
			}
		},
		{
			"from": [2, 0.75, 2.75],
			"to": [3, 1.75, 3.75],
			"faces": {
				"north": {"uv": [4, 8, 5.66667, 9.66667], "texture": "#1"},
				"east": {"uv": [4, 8, 5.66667, 9.66667], "texture": "#1"},
				"south": {"uv": [4, 8, 5.66667, 9.66667], "texture": "#1"},
				"west": {"uv": [4, 8, 5.66667, 9.66667], "texture": "#1"},
				"up": {"uv": [4, 8, 5.66667, 9.66667], "texture": "#1"},
				"down": {"uv": [4, 8, 5.66667, 9.66667], "texture": "#1"}
			}
		},
		{
			"from": [4, 0.75, 2.75],
			"to": [5, 1.75, 3.75],
			"faces": {
				"north": {"uv": [4, 8, 5.66667, 9.66667], "texture": "#1"},
				"east": {"uv": [4, 8, 5.66667, 9.66667], "texture": "#1"},
				"south": {"uv": [4, 8, 5.66667, 9.66667], "texture": "#1"},
				"west": {"uv": [4, 8, 5.66667, 9.66667], "texture": "#1"},
				"up": {"uv": [4, 8, 5.66667, 9.66667], "texture": "#1"},
				"down": {"uv": [4, 8, 5.66667, 9.66667], "texture": "#1"}
			}
		},
		{
			"from": [10.125, 2, 3.875],
			"to": [12.125, 4, 5.875],
			"rotation": {"angle": 0, "axis": "y", "origin": [11.375, 1.625, 4.25]},
			"faces": {
				"north": {"uv": [4, 8, 7, 11], "texture": "#1"},
				"east": {"uv": [4, 8, 7, 11], "texture": "#1"},
				"south": {"uv": [4, 8, 7, 11], "texture": "#1"},
				"west": {"uv": [4, 8, 7, 11], "texture": "#1"},
				"up": {"uv": [4, 8, 7, 11], "rotation": 90, "texture": "#1"},
				"down": {"uv": [4, 8, 7, 11], "rotation": 270, "texture": "#1"}
			}
		},
		{
			"from": [10.875, 1.25, 3.375],
			"to": [12.875, 3.25, 5.375],
			"rotation": {"angle": 0, "axis": "y", "origin": [11.375, 1.625, 4.25]},
			"faces": {
				"north": {"uv": [4, 8, 7, 11], "texture": "#1"},
				"east": {"uv": [4, 8, 7, 11], "texture": "#1"},
				"south": {"uv": [4, 8, 7, 11], "texture": "#1"},
				"west": {"uv": [4, 8, 7, 11], "texture": "#1"},
				"up": {"uv": [4, 8, 7, 11], "rotation": 90, "texture": "#1"},
				"down": {"uv": [4, 8, 7, 11], "rotation": 270, "texture": "#1"}
			}
		},
		{
			"from": [10.375, 0.75, 2.625],
			"to": [11.375, 1.75, 3.625],
			"rotation": {"angle": 0, "axis": "y", "origin": [11.375, 1.625, 4.25]},
			"faces": {
				"north": {"uv": [4, 8, 6, 10], "texture": "#1"},
				"east": {"uv": [4, 8, 6, 10], "texture": "#1"},
				"south": {"uv": [4, 8, 6, 10], "texture": "#1"},
				"west": {"uv": [4, 8, 6, 10], "texture": "#1"},
				"up": {"uv": [4, 8, 6, 10], "rotation": 90, "texture": "#1"},
				"down": {"uv": [4, 8, 6, 10], "rotation": 270, "texture": "#1"}
			}
		},
		{
			"from": [10.625, -0.25, 2.875],
			"to": [11.625, 0.75, 3.875],
			"rotation": {"angle": 0, "axis": "y", "origin": [11.375, 1.625, 4.25]},
			"faces": {
				"north": {"uv": [4, 8, 6, 10], "texture": "#1"},
				"east": {"uv": [4, 8, 6, 10], "texture": "#1"},
				"south": {"uv": [4, 8, 6, 10], "texture": "#1"},
				"west": {"uv": [4, 8, 6, 10], "texture": "#1"},
				"up": {"uv": [4, 8, 6, 10], "rotation": 90, "texture": "#1"},
				"down": {"uv": [4, 8, 6, 10], "rotation": 270, "texture": "#1"}
			}
		},
		{
			"from": [12.125, -0.25, 3.125],
			"to": [13.125, 0.75, 4.125],
			"rotation": {"angle": 0, "axis": "y", "origin": [11.375, 1.625, 4.25]},
			"faces": {
				"north": {"uv": [4, 8, 6, 10], "texture": "#1"},
				"east": {"uv": [4, 8, 6, 10], "texture": "#1"},
				"south": {"uv": [4, 8, 6, 10], "texture": "#1"},
				"west": {"uv": [4, 8, 6, 10], "texture": "#1"},
				"up": {"uv": [4, 8, 6, 10], "rotation": 90, "texture": "#1"},
				"down": {"uv": [4, 8, 6, 10], "rotation": 270, "texture": "#1"}
			}
		},
		{
			"from": [12.125, -0.25, 4.625],
			"to": [13.125, 0.75, 5.625],
			"rotation": {"angle": 0, "axis": "y", "origin": [11.375, 1.625, 4.25]},
			"faces": {
				"north": {"uv": [4, 8, 6, 10], "texture": "#1"},
				"east": {"uv": [4, 8, 6, 10], "texture": "#1"},
				"south": {"uv": [4, 8, 6, 10], "texture": "#1"},
				"west": {"uv": [4, 8, 6, 10], "texture": "#1"},
				"up": {"uv": [4, 8, 6, 10], "rotation": 90, "texture": "#1"},
				"down": {"uv": [4, 8, 6, 10], "rotation": 270, "texture": "#1"}
			}
		},
		{
			"from": [12.375, 0.75, 2.875],
			"to": [13.375, 1.75, 3.875],
			"rotation": {"angle": 0, "axis": "y", "origin": [11.375, 1.625, 4.25]},
			"faces": {
				"north": {"uv": [4, 8, 6, 10], "texture": "#1"},
				"east": {"uv": [4, 8, 6, 10], "texture": "#1"},
				"south": {"uv": [4, 8, 6, 10], "texture": "#1"},
				"west": {"uv": [4, 8, 6, 10], "texture": "#1"},
				"up": {"uv": [4, 8, 6, 10], "rotation": 90, "texture": "#1"},
				"down": {"uv": [4, 8, 6, 10], "rotation": 270, "texture": "#1"}
			}
		},
		{
			"from": [12.375, 0.75, 4.875],
			"to": [13.375, 1.75, 5.875],
			"rotation": {"angle": 0, "axis": "y", "origin": [11.375, 1.625, 4.25]},
			"faces": {
				"north": {"uv": [4, 8, 6, 10], "texture": "#1"},
				"east": {"uv": [4, 8, 6, 10], "texture": "#1"},
				"south": {"uv": [4, 8, 6, 10], "texture": "#1"},
				"west": {"uv": [4, 8, 6, 10], "texture": "#1"},
				"up": {"uv": [4, 8, 6, 10], "rotation": 90, "texture": "#1"},
				"down": {"uv": [4, 8, 6, 10], "rotation": 270, "texture": "#1"}
			}
		},
		{
			"from": [10.25, 2, 11.25],
			"to": [12.25, 4, 13.25],
			"rotation": {"angle": 0, "axis": "y", "origin": [11.875, 1.625, 13.25]},
			"faces": {
				"north": {"uv": [4, 9, 7, 12], "texture": "#1"},
				"east": {"uv": [4, 9, 7, 12], "texture": "#1"},
				"south": {"uv": [4, 9, 7, 12], "texture": "#1"},
				"west": {"uv": [4, 9, 7, 12], "texture": "#1"},
				"up": {"uv": [4, 9, 7, 12], "rotation": 180, "texture": "#1"},
				"down": {"uv": [4, 9, 7, 12], "rotation": 180, "texture": "#1"}
			}
		},
		{
			"from": [10.75, 1.25, 12],
			"to": [12.75, 3.25, 14],
			"rotation": {"angle": 0, "axis": "y", "origin": [11.875, 1.625, 13.25]},
			"faces": {
				"north": {"uv": [4, 9, 7, 12], "texture": "#1"},
				"east": {"uv": [4, 9, 7, 12], "texture": "#1"},
				"south": {"uv": [4, 9, 7, 12], "texture": "#1"},
				"west": {"uv": [4, 9, 7, 12], "texture": "#1"},
				"up": {"uv": [4, 9, 7, 12], "rotation": 180, "texture": "#1"},
				"down": {"uv": [4, 9, 7, 12], "rotation": 180, "texture": "#1"}
			}
		},
		{
			"from": [12.5, 0.75, 11.5],
			"to": [13.5, 1.75, 12.5],
			"rotation": {"angle": 0, "axis": "y", "origin": [11.875, 1.625, 13.25]},
			"faces": {
				"north": {"uv": [4, 9, 6, 11], "texture": "#1"},
				"east": {"uv": [4, 9, 6, 11], "texture": "#1"},
				"south": {"uv": [4, 9, 6, 11], "texture": "#1"},
				"west": {"uv": [4, 9, 6, 11], "texture": "#1"},
				"up": {"uv": [4, 9, 6, 11], "rotation": 180, "texture": "#1"},
				"down": {"uv": [4, 9, 6, 11], "rotation": 180, "texture": "#1"}
			}
		},
		{
			"from": [12.25, -0.25, 11.75],
			"to": [13.25, 0.75, 12.75],
			"rotation": {"angle": 0, "axis": "y", "origin": [11.875, 1.625, 13.25]},
			"faces": {
				"north": {"uv": [4, 9, 6, 11], "texture": "#1"},
				"east": {"uv": [4, 9, 6, 11], "texture": "#1"},
				"south": {"uv": [4, 9, 6, 11], "texture": "#1"},
				"west": {"uv": [4, 9, 6, 11], "texture": "#1"},
				"up": {"uv": [4, 9, 6, 11], "rotation": 180, "texture": "#1"},
				"down": {"uv": [4, 9, 6, 11], "rotation": 180, "texture": "#1"}
			}
		},
		{
			"from": [12, -0.25, 13.25],
			"to": [13, 0.75, 14.25],
			"rotation": {"angle": 0, "axis": "y", "origin": [11.875, 1.625, 13.25]},
			"faces": {
				"north": {"uv": [4, 9, 6, 11], "texture": "#1"},
				"east": {"uv": [4, 9, 6, 11], "texture": "#1"},
				"south": {"uv": [4, 9, 6, 11], "texture": "#1"},
				"west": {"uv": [4, 9, 6, 11], "texture": "#1"},
				"up": {"uv": [4, 9, 6, 11], "rotation": 180, "texture": "#1"},
				"down": {"uv": [4, 9, 6, 11], "rotation": 180, "texture": "#1"}
			}
		},
		{
			"from": [10.5, -0.25, 13.25],
			"to": [11.5, 0.75, 14.25],
			"rotation": {"angle": 0, "axis": "y", "origin": [11.875, 1.625, 13.25]},
			"faces": {
				"north": {"uv": [4, 9, 6, 11], "texture": "#1"},
				"east": {"uv": [4, 9, 6, 11], "texture": "#1"},
				"south": {"uv": [4, 9, 6, 11], "texture": "#1"},
				"west": {"uv": [4, 9, 6, 11], "texture": "#1"},
				"up": {"uv": [4, 9, 6, 11], "rotation": 180, "texture": "#1"},
				"down": {"uv": [4, 9, 6, 11], "rotation": 180, "texture": "#1"}
			}
		},
		{
			"from": [12.25, 0.75, 13.5],
			"to": [13.25, 1.75, 14.5],
			"rotation": {"angle": 0, "axis": "y", "origin": [11.875, 1.625, 13.25]},
			"faces": {
				"north": {"uv": [4, 9, 6, 11], "texture": "#1"},
				"east": {"uv": [4, 9, 6, 11], "texture": "#1"},
				"south": {"uv": [4, 9, 6, 11], "texture": "#1"},
				"west": {"uv": [4, 9, 6, 11], "texture": "#1"},
				"up": {"uv": [4, 9, 6, 11], "rotation": 180, "texture": "#1"},
				"down": {"uv": [4, 9, 6, 11], "rotation": 180, "texture": "#1"}
			}
		},
		{
			"from": [10.25, 0.75, 13.5],
			"to": [11.25, 1.75, 14.5],
			"rotation": {"angle": 0, "axis": "y", "origin": [11.875, 1.625, 13.25]},
			"faces": {
				"north": {"uv": [4, 9, 6, 11], "texture": "#1"},
				"east": {"uv": [4, 9, 6, 11], "texture": "#1"},
				"south": {"uv": [4, 9, 6, 11], "texture": "#1"},
				"west": {"uv": [4, 9, 6, 11], "texture": "#1"},
				"up": {"uv": [4, 9, 6, 11], "rotation": 180, "texture": "#1"},
				"down": {"uv": [4, 9, 6, 11], "rotation": 180, "texture": "#1"}
			}
		},
		{
			"from": [2.875, 2, 11.125],
			"to": [4.875, 4, 13.125],
			"rotation": {"angle": 0, "axis": "y", "origin": [3.875, 1.625, 12.75]},
			"faces": {
				"north": {"uv": [4, 8, 7, 11], "texture": "#1"},
				"east": {"uv": [4, 8, 7, 11], "texture": "#1"},
				"south": {"uv": [4, 8, 7, 11], "texture": "#1"},
				"west": {"uv": [4, 8, 7, 11], "texture": "#1"},
				"up": {"uv": [4, 8, 7, 11], "rotation": 270, "texture": "#1"},
				"down": {"uv": [4, 8, 7, 11], "rotation": 90, "texture": "#1"}
			}
		},
		{
			"from": [2.125, 1.25, 11.625],
			"to": [4.125, 3.25, 13.625],
			"rotation": {"angle": 0, "axis": "y", "origin": [3.875, 1.625, 12.75]},
			"faces": {
				"north": {"uv": [4, 8, 7, 11], "texture": "#1"},
				"east": {"uv": [4, 8, 7, 11], "texture": "#1"},
				"south": {"uv": [4, 8, 7, 11], "texture": "#1"},
				"west": {"uv": [4, 8, 7, 11], "texture": "#1"},
				"up": {"uv": [4, 8, 7, 11], "rotation": 270, "texture": "#1"},
				"down": {"uv": [4, 8, 7, 11], "rotation": 90, "texture": "#1"}
			}
		},
		{
			"from": [3.625, 0.75, 13.375],
			"to": [4.625, 1.75, 14.375],
			"rotation": {"angle": 0, "axis": "y", "origin": [3.875, 1.625, 12.75]},
			"faces": {
				"north": {"uv": [4, 8, 6, 10], "texture": "#1"},
				"east": {"uv": [4, 8, 6, 10], "texture": "#1"},
				"south": {"uv": [4, 8, 6, 10], "texture": "#1"},
				"west": {"uv": [4, 8, 6, 10], "texture": "#1"},
				"up": {"uv": [4, 8, 6, 10], "rotation": 270, "texture": "#1"},
				"down": {"uv": [4, 8, 6, 10], "rotation": 90, "texture": "#1"}
			}
		},
		{
			"from": [3.375, -0.25, 13.125],
			"to": [4.375, 0.75, 14.125],
			"rotation": {"angle": 0, "axis": "y", "origin": [3.875, 1.625, 12.75]},
			"faces": {
				"north": {"uv": [4, 8, 6, 10], "texture": "#1"},
				"east": {"uv": [4, 8, 6, 10], "texture": "#1"},
				"south": {"uv": [4, 8, 6, 10], "texture": "#1"},
				"west": {"uv": [4, 8, 6, 10], "texture": "#1"},
				"up": {"uv": [4, 8, 6, 10], "rotation": 270, "texture": "#1"},
				"down": {"uv": [4, 8, 6, 10], "rotation": 90, "texture": "#1"}
			}
		},
		{
			"from": [1.875, -0.25, 12.875],
			"to": [2.875, 0.75, 13.875],
			"rotation": {"angle": 0, "axis": "y", "origin": [3.875, 1.625, 12.75]},
			"faces": {
				"north": {"uv": [4, 8, 6, 10], "texture": "#1"},
				"east": {"uv": [4, 8, 6, 10], "texture": "#1"},
				"south": {"uv": [4, 8, 6, 10], "texture": "#1"},
				"west": {"uv": [4, 8, 6, 10], "texture": "#1"},
				"up": {"uv": [4, 8, 6, 10], "rotation": 270, "texture": "#1"},
				"down": {"uv": [4, 8, 6, 10], "rotation": 90, "texture": "#1"}
			}
		},
		{
			"from": [1.875, -0.25, 11.375],
			"to": [2.875, 0.75, 12.375],
			"rotation": {"angle": 0, "axis": "y", "origin": [3.875, 1.625, 12.75]},
			"faces": {
				"north": {"uv": [4, 8, 6, 10], "texture": "#1"},
				"east": {"uv": [4, 8, 6, 10], "texture": "#1"},
				"south": {"uv": [4, 8, 6, 10], "texture": "#1"},
				"west": {"uv": [4, 8, 6, 10], "texture": "#1"},
				"up": {"uv": [4, 8, 6, 10], "rotation": 270, "texture": "#1"},
				"down": {"uv": [4, 8, 6, 10], "rotation": 90, "texture": "#1"}
			}
		},
		{
			"from": [1.625, 0.75, 13.125],
			"to": [2.625, 1.75, 14.125],
			"rotation": {"angle": 0, "axis": "y", "origin": [3.875, 1.625, 12.75]},
			"faces": {
				"north": {"uv": [4, 8, 6, 10], "texture": "#1"},
				"east": {"uv": [4, 8, 6, 10], "texture": "#1"},
				"south": {"uv": [4, 8, 6, 10], "texture": "#1"},
				"west": {"uv": [4, 8, 6, 10], "texture": "#1"},
				"up": {"uv": [4, 8, 6, 10], "rotation": 270, "texture": "#1"},
				"down": {"uv": [4, 8, 6, 10], "rotation": 90, "texture": "#1"}
			}
		},
		{
			"from": [1.625, 0.75, 11.125],
			"to": [2.625, 1.75, 12.125],
			"rotation": {"angle": 0, "axis": "y", "origin": [3.875, 1.625, 12.75]},
			"faces": {
				"north": {"uv": [4, 8, 6, 10], "texture": "#1"},
				"east": {"uv": [4, 8, 6, 10], "texture": "#1"},
				"south": {"uv": [4, 8, 6, 10], "texture": "#1"},
				"west": {"uv": [4, 8, 6, 10], "texture": "#1"},
				"up": {"uv": [4, 8, 6, 10], "rotation": 270, "texture": "#1"},
				"down": {"uv": [4, 8, 6, 10], "rotation": 90, "texture": "#1"}
			}
		},
		{
			"name": "snow",
			"from": [4.5, 5, 5.5],
			"to": [10.5, 5, 11.5],
			"faces": {
				"north": {"uv": [0, 0, 6, 0], "texture": "#6"},
				"east": {"uv": [0, 0, 6, 0], "texture": "#6"},
				"south": {"uv": [0, 0, 6, 0], "texture": "#6"},
				"west": {"uv": [0, 0, 6, 0], "texture": "#6"},
				"up": {"uv": [1, 2, 7, 8], "texture": "#6"},
				"down": {"uv": [7, 6, 13, 12], "texture": "#6"}
			}
		},
		{
			"from": [9.75, 5, 9.5],
			"to": [10, 7, 9.75],
			"faces": {
				"north": {"uv": [5, 1, 9.25, 11], "texture": "#8"},
				"east": {"uv": [5, 1, 9.25, 11], "texture": "#8"},
				"south": {"uv": [5, 1, 9.25, 11], "texture": "#8"},
				"west": {"uv": [5, 1, 9.25, 11], "texture": "#8"},
				"up": {"uv": [5, 1, 9.25, 9.25], "texture": "#8"},
				"down": {"uv": [5, 1, 9.25, 9.25], "texture": "#8"}
			}
		},
		{
			"from": [9.5, 5.25, 9.25],
			"to": [10.25, 7.25, 10],
			"faces": {
				"north": {"uv": [5, 1, 9.75, 11], "texture": "#7"},
				"east": {"uv": [5, 1, 9.75, 11], "texture": "#7"},
				"south": {"uv": [5, 1, 9.75, 11], "texture": "#7"},
				"west": {"uv": [5, 1, 9.75, 11], "texture": "#7"},
				"up": {"uv": [5, 1, 9.75, 9.75], "texture": "#7"},
				"down": {"uv": [5, 1, 9.75, 9.75], "texture": "#7"}
			}
		},
		{
			"from": [9.7, 5.25, 9.1],
			"to": [10.2, 7, 9.6],
			"faces": {
				"north": {"uv": [5, 1, 9.5, 10.75], "texture": "#7"},
				"east": {"uv": [5, 1, 9.5, 10.75], "texture": "#7"},
				"south": {"uv": [5, 1, 9.5, 10.75], "texture": "#7"},
				"west": {"uv": [5, 1, 9.5, 10.75], "texture": "#7"},
				"up": {"uv": [5, 1, 9.5, 9.5], "texture": "#7"},
				"down": {"uv": [5, 1, 9.5, 9.5], "texture": "#7"}
			}
		},
		{
			"from": [9.7, 5.25, 9.65],
			"to": [10.2, 7, 10.15],
			"faces": {
				"north": {"uv": [5, 1, 9.5, 10.75], "texture": "#7"},
				"east": {"uv": [5, 1, 9.5, 10.75], "texture": "#7"},
				"south": {"uv": [5, 1, 9.5, 10.75], "texture": "#7"},
				"west": {"uv": [5, 1, 9.5, 10.75], "texture": "#7"},
				"up": {"uv": [5, 1, 9.5, 9.5], "texture": "#7"},
				"down": {"uv": [5, 1, 9.5, 9.5], "texture": "#7"}
			}
		},
		{
			"from": [9.95, 5.25, 10.025],
			"to": [10.2, 6, 10.275],
			"faces": {
				"north": {"uv": [5, 1, 9.25, 9.75], "texture": "#7"},
				"east": {"uv": [5, 1, 9.25, 9.75], "texture": "#7"},
				"south": {"uv": [5, 1, 9.25, 9.75], "texture": "#7"},
				"west": {"uv": [5, 1, 9.25, 9.75], "texture": "#7"},
				"up": {"uv": [5, 1, 9.25, 9.25], "texture": "#7"},
				"down": {"uv": [5, 1, 9.25, 9.25], "texture": "#7"}
			}
		},
		{
			"from": [10.1, 5.25, 9.875],
			"to": [10.35, 6, 10.125],
			"faces": {
				"north": {"uv": [5, 1, 9.25, 9.75], "texture": "#7"},
				"east": {"uv": [5, 1, 9.25, 9.75], "texture": "#7"},
				"south": {"uv": [5, 1, 9.25, 9.75], "texture": "#7"},
				"west": {"uv": [5, 1, 9.25, 9.75], "texture": "#7"},
				"up": {"uv": [5, 1, 9.25, 9.25], "texture": "#7"},
				"down": {"uv": [5, 1, 9.25, 9.25], "texture": "#7"}
			}
		},
		{
			"from": [10.225, 5.25, 9.7],
			"to": [10.475, 6, 9.95],
			"faces": {
				"north": {"uv": [5, 1, 9.25, 9.75], "texture": "#7"},
				"east": {"uv": [5, 1, 9.25, 9.75], "texture": "#7"},
				"south": {"uv": [5, 1, 9.25, 9.75], "texture": "#7"},
				"west": {"uv": [5, 1, 9.25, 9.75], "texture": "#7"},
				"up": {"uv": [5, 1, 9.25, 9.25], "texture": "#7"},
				"down": {"uv": [5, 1, 9.25, 9.25], "texture": "#7"}
			}
		},
		{
			"from": [10.225, 5.25, 9.475],
			"to": [10.475, 6, 9.725],
			"faces": {
				"north": {"uv": [5, 1, 9.25, 9.75], "texture": "#7"},
				"east": {"uv": [5, 1, 9.25, 9.75], "texture": "#7"},
				"south": {"uv": [5, 1, 9.25, 9.75], "texture": "#7"},
				"west": {"uv": [5, 1, 9.25, 9.75], "texture": "#7"},
				"up": {"uv": [5, 1, 9.25, 9.25], "texture": "#7"},
				"down": {"uv": [5, 1, 9.25, 9.25], "texture": "#7"}
			}
		},
		{
			"from": [10.225, 5.25, 9.225],
			"to": [10.475, 6, 9.475],
			"faces": {
				"north": {"uv": [5, 1, 9.25, 9.75], "texture": "#7"},
				"east": {"uv": [5, 1, 9.25, 9.75], "texture": "#7"},
				"south": {"uv": [5, 1, 9.25, 9.75], "texture": "#7"},
				"west": {"uv": [5, 1, 9.25, 9.75], "texture": "#7"},
				"up": {"uv": [5, 1, 9.25, 9.25], "texture": "#7"},
				"down": {"uv": [5, 1, 9.25, 9.25], "texture": "#7"}
			}
		},
		{
			"from": [10.025, 5.275, 9],
			"to": [10.275, 6.025, 9.25],
			"faces": {
				"north": {"uv": [5, 1, 9.25, 9.75], "texture": "#7"},
				"east": {"uv": [5, 1, 9.25, 9.75], "texture": "#7"},
				"south": {"uv": [5, 1, 9.25, 9.75], "texture": "#7"},
				"west": {"uv": [5, 1, 9.25, 9.75], "texture": "#7"},
				"up": {"uv": [5, 1, 9.25, 9.25], "texture": "#7"},
				"down": {"uv": [5, 1, 9.25, 9.25], "texture": "#7"}
			}
		},
		{
			"from": [9.775, 5.275, 9],
			"to": [10.025, 6.025, 9.25],
			"faces": {
				"north": {"uv": [5, 1, 9.25, 9.75], "texture": "#7"},
				"east": {"uv": [5, 1, 9.25, 9.75], "texture": "#7"},
				"south": {"uv": [5, 1, 9.25, 9.75], "texture": "#7"},
				"west": {"uv": [5, 1, 9.25, 9.75], "texture": "#7"},
				"up": {"uv": [5, 1, 9.25, 9.25], "texture": "#7"},
				"down": {"uv": [5, 1, 9.25, 9.25], "texture": "#7"}
			}
		},
		{
			"from": [9.6, 5.275, 9],
			"to": [9.85, 6.025, 9.25],
			"faces": {
				"north": {"uv": [5, 1, 9.25, 9.75], "texture": "#7"},
				"east": {"uv": [5, 1, 9.25, 9.75], "texture": "#7"},
				"south": {"uv": [5, 1, 9.25, 9.75], "texture": "#7"},
				"west": {"uv": [5, 1, 9.25, 9.75], "texture": "#7"},
				"up": {"uv": [5, 1, 9.25, 9.25], "texture": "#7"},
				"down": {"uv": [5, 1, 9.25, 9.25], "texture": "#7"}
			}
		},
		{
			"from": [9.425, 5.275, 9.125],
			"to": [9.675, 6.025, 9.375],
			"faces": {
				"north": {"uv": [5, 1, 9.25, 9.75], "texture": "#7"},
				"east": {"uv": [5, 1, 9.25, 9.75], "texture": "#7"},
				"south": {"uv": [5, 1, 9.25, 9.75], "texture": "#7"},
				"west": {"uv": [5, 1, 9.25, 9.75], "texture": "#7"},
				"up": {"uv": [5, 1, 9.25, 9.25], "texture": "#7"},
				"down": {"uv": [5, 1, 9.25, 9.25], "texture": "#7"}
			}
		},
		{
			"from": [9.3, 5.275, 9.175],
			"to": [9.55, 6.025, 9.425],
			"faces": {
				"north": {"uv": [5, 1, 9.25, 9.75], "texture": "#7"},
				"east": {"uv": [5, 1, 9.25, 9.75], "texture": "#7"},
				"south": {"uv": [5, 1, 9.25, 9.75], "texture": "#7"},
				"west": {"uv": [5, 1, 9.25, 9.75], "texture": "#7"},
				"up": {"uv": [5, 1, 9.25, 9.25], "texture": "#7"},
				"down": {"uv": [5, 1, 9.25, 9.25], "texture": "#7"}
			}
		},
		{
			"from": [9.225, 5.275, 9.3],
			"to": [9.475, 6.025, 9.55],
			"faces": {
				"north": {"uv": [5, 1, 9.25, 9.75], "texture": "#7"},
				"east": {"uv": [5, 1, 9.25, 9.75], "texture": "#7"},
				"south": {"uv": [5, 1, 9.25, 9.75], "texture": "#7"},
				"west": {"uv": [5, 1, 9.25, 9.75], "texture": "#7"},
				"up": {"uv": [5, 1, 9.25, 9.25], "texture": "#7"},
				"down": {"uv": [5, 1, 9.25, 9.25], "texture": "#7"}
			}
		},
		{
			"from": [9.225, 5.275, 9.55],
			"to": [9.475, 6.025, 9.8],
			"faces": {
				"north": {"uv": [5, 1, 9.25, 9.75], "texture": "#7"},
				"east": {"uv": [5, 1, 9.25, 9.75], "texture": "#7"},
				"south": {"uv": [5, 1, 9.25, 9.75], "texture": "#7"},
				"west": {"uv": [5, 1, 9.25, 9.75], "texture": "#7"},
				"up": {"uv": [5, 1, 9.25, 9.25], "texture": "#7"},
				"down": {"uv": [5, 1, 9.25, 9.25], "texture": "#7"}
			}
		},
		{
			"from": [9.225, 5.275, 9.8],
			"to": [9.475, 6.025, 10.05],
			"faces": {
				"north": {"uv": [5, 1, 9.25, 9.75], "texture": "#7"},
				"east": {"uv": [5, 1, 9.25, 9.75], "texture": "#7"},
				"south": {"uv": [5, 1, 9.25, 9.75], "texture": "#7"},
				"west": {"uv": [5, 1, 9.25, 9.75], "texture": "#7"},
				"up": {"uv": [5, 1, 9.25, 9.25], "texture": "#7"},
				"down": {"uv": [5, 1, 9.25, 9.25], "texture": "#7"}
			}
		},
		{
			"from": [9.35, 5.275, 9.9],
			"to": [9.6, 6.025, 10.15],
			"faces": {
				"north": {"uv": [5, 1, 9.25, 9.75], "texture": "#7"},
				"east": {"uv": [5, 1, 9.25, 9.75], "texture": "#7"},
				"south": {"uv": [5, 1, 9.25, 9.75], "texture": "#7"},
				"west": {"uv": [5, 1, 9.25, 9.75], "texture": "#7"},
				"up": {"uv": [5, 1, 9.25, 9.25], "texture": "#7"},
				"down": {"uv": [5, 1, 9.25, 9.25], "texture": "#7"}
			}
		},
		{
			"from": [9.525, 5.275, 9.9],
			"to": [9.775, 6.025, 10.15],
			"faces": {
				"north": {"uv": [5, 1, 9.25, 9.75], "texture": "#7"},
				"east": {"uv": [5, 1, 9.25, 9.75], "texture": "#7"},
				"south": {"uv": [5, 1, 9.25, 9.75], "texture": "#7"},
				"west": {"uv": [5, 1, 9.25, 9.75], "texture": "#7"},
				"up": {"uv": [5, 1, 9.25, 9.25], "texture": "#7"},
				"down": {"uv": [5, 1, 9.25, 9.25], "texture": "#7"}
			}
		},
		{
			"from": [9.525, 5.275, 10.075],
			"to": [9.775, 6.025, 10.325],
			"faces": {
				"north": {"uv": [5, 1, 9.25, 9.75], "texture": "#7"},
				"east": {"uv": [5, 1, 9.25, 9.75], "texture": "#7"},
				"south": {"uv": [5, 1, 9.25, 9.75], "texture": "#7"},
				"west": {"uv": [5, 1, 9.25, 9.75], "texture": "#7"},
				"up": {"uv": [5, 1, 9.25, 9.25], "texture": "#7"},
				"down": {"uv": [5, 1, 9.25, 9.25], "texture": "#7"}
			}
		},
		{
			"from": [9.675, 5.275, 10.075],
			"to": [9.925, 6.025, 10.325],
			"faces": {
				"north": {"uv": [5, 1, 9.25, 9.75], "texture": "#7"},
				"east": {"uv": [5, 1, 9.25, 9.75], "texture": "#7"},
				"south": {"uv": [5, 1, 9.25, 9.75], "texture": "#7"},
				"west": {"uv": [5, 1, 9.25, 9.75], "texture": "#7"},
				"up": {"uv": [5, 1, 9.25, 9.25], "texture": "#7"},
				"down": {"uv": [5, 1, 9.25, 9.25], "texture": "#7"}
			}
		},
		{
			"from": [9.6, 6, 10.05],
			"to": [10.128, 6.5, 10.228],
			"faces": {
				"north": {"uv": [5, 1, 9.528, 9.5], "texture": "#7"},
				"east": {"uv": [5, 1, 9.178, 9.5], "texture": "#7"},
				"south": {"uv": [5, 1, 9.528, 9.5], "texture": "#7"},
				"west": {"uv": [5, 1, 9.178, 9.5], "texture": "#7"},
				"up": {"uv": [5, 1, 9.528, 9.178], "texture": "#7"},
				"down": {"uv": [5, 1, 9.528, 9.178], "texture": "#7"}
			}
		},
		{
			"from": [9.6, 6, 9.05],
			"to": [10.128, 6.5, 9.228],
			"faces": {
				"north": {"uv": [5, 1, 9.528, 9.5], "texture": "#7"},
				"east": {"uv": [5, 1, 9.178, 9.5], "texture": "#7"},
				"south": {"uv": [5, 1, 9.528, 9.5], "texture": "#7"},
				"west": {"uv": [5, 1, 9.178, 9.5], "texture": "#7"},
				"up": {"uv": [5, 1, 9.528, 9.178], "texture": "#7"},
				"down": {"uv": [5, 1, 9.528, 9.178], "texture": "#7"}
			}
		},
		{
			"from": [9.3, 5.25, 9.4],
			"to": [9.8, 7, 9.9],
			"faces": {
				"north": {"uv": [5, 1, 9.5, 10.75], "texture": "#7"},
				"east": {"uv": [5, 1, 9.5, 10.75], "texture": "#7"},
				"south": {"uv": [5, 1, 9.5, 10.75], "texture": "#7"},
				"west": {"uv": [5, 1, 9.5, 10.75], "texture": "#7"},
				"up": {"uv": [5, 1, 9.5, 9.5], "texture": "#7"},
				"down": {"uv": [5, 1, 9.5, 9.5], "texture": "#7"}
			}
		},
		{
			"from": [9.625, 5.75, 9.375],
			"to": [10.125, 7.5, 9.875],
			"faces": {
				"north": {"uv": [5, 1, 9.5, 10.75], "texture": "#7"},
				"east": {"uv": [5, 1, 9.5, 10.75], "texture": "#7"},
				"south": {"uv": [5, 1, 9.5, 10.75], "texture": "#7"},
				"west": {"uv": [5, 1, 9.5, 10.75], "texture": "#7"},
				"up": {"uv": [5, 1, 9.5, 9.5], "texture": "#7"},
				"down": {"uv": [5, 1, 9.5, 9.5], "texture": "#7"}
			}
		},
		{
			"from": [9.725, 6.2, 9.5],
			"to": [9.975, 7.95, 9.75],
			"faces": {
				"north": {"uv": [5, 1, 9.25, 10.75], "texture": "#7"},
				"east": {"uv": [5, 1, 9.25, 10.75], "texture": "#7"},
				"south": {"uv": [5, 1, 9.25, 10.75], "texture": "#7"},
				"west": {"uv": [5, 1, 9.25, 10.75], "texture": "#7"},
				"up": {"uv": [5, 1, 9.25, 9.25], "texture": "#7"},
				"down": {"uv": [5, 1, 9.25, 9.25], "texture": "#7"}
			}
		},
		{
			"from": [9.95, 5.25, 9.4],
			"to": [10.45, 7, 9.9],
			"faces": {
				"north": {"uv": [5, 1, 9.5, 10.75], "texture": "#7"},
				"east": {"uv": [5, 1, 9.5, 10.75], "texture": "#7"},
				"south": {"uv": [5, 1, 9.5, 10.75], "texture": "#7"},
				"west": {"uv": [5, 1, 9.5, 10.75], "texture": "#7"},
				"up": {"uv": [5, 1, 9.5, 9.5], "texture": "#7"},
				"down": {"uv": [5, 1, 9.5, 9.5], "texture": "#7"}
			}
		},
		{
			"from": [7.05, 5, 9.9],
			"to": [7.3, 7, 10.15],
			"faces": {
				"north": {"uv": [5, 1, 9.25, 11], "texture": "#8"},
				"east": {"uv": [5, 1, 9.25, 11], "texture": "#8"},
				"south": {"uv": [5, 1, 9.25, 11], "texture": "#8"},
				"west": {"uv": [5, 1, 9.25, 11], "texture": "#8"},
				"up": {"uv": [5, 1, 9.25, 9.25], "texture": "#8"},
				"down": {"uv": [5, 1, 9.25, 9.25], "texture": "#8"}
			}
		},
		{
			"from": [6.8, 5.25, 9.65],
			"to": [7.55, 7.25, 10.4],
			"faces": {
				"north": {"uv": [5, 1, 9.75, 11], "texture": "#7"},
				"east": {"uv": [5, 1, 9.75, 11], "texture": "#7"},
				"south": {"uv": [5, 1, 9.75, 11], "texture": "#7"},
				"west": {"uv": [5, 1, 9.75, 11], "texture": "#7"},
				"up": {"uv": [5, 1, 9.75, 9.75], "texture": "#7"},
				"down": {"uv": [5, 1, 9.75, 9.75], "texture": "#7"}
			}
		},
		{
			"from": [7, 5.25, 9.5],
			"to": [7.5, 7, 10],
			"faces": {
				"north": {"uv": [5, 1, 9.5, 10.75], "texture": "#7"},
				"east": {"uv": [5, 1, 9.5, 10.75], "texture": "#7"},
				"south": {"uv": [5, 1, 9.5, 10.75], "texture": "#7"},
				"west": {"uv": [5, 1, 9.5, 10.75], "texture": "#7"},
				"up": {"uv": [5, 1, 9.5, 9.5], "texture": "#7"},
				"down": {"uv": [5, 1, 9.5, 9.5], "texture": "#7"}
			}
		},
		{
			"from": [7, 5.25, 10.05],
			"to": [7.5, 7, 10.55],
			"faces": {
				"north": {"uv": [5, 1, 9.5, 10.75], "texture": "#7"},
				"east": {"uv": [5, 1, 9.5, 10.75], "texture": "#7"},
				"south": {"uv": [5, 1, 9.5, 10.75], "texture": "#7"},
				"west": {"uv": [5, 1, 9.5, 10.75], "texture": "#7"},
				"up": {"uv": [5, 1, 9.5, 9.5], "texture": "#7"},
				"down": {"uv": [5, 1, 9.5, 9.5], "texture": "#7"}
			}
		},
		{
			"from": [7.25, 5.25, 10.425],
			"to": [7.5, 6, 10.675],
			"faces": {
				"north": {"uv": [5, 1, 9.25, 9.75], "texture": "#7"},
				"east": {"uv": [5, 1, 9.25, 9.75], "texture": "#7"},
				"south": {"uv": [5, 1, 9.25, 9.75], "texture": "#7"},
				"west": {"uv": [5, 1, 9.25, 9.75], "texture": "#7"},
				"up": {"uv": [5, 1, 9.25, 9.25], "texture": "#7"},
				"down": {"uv": [5, 1, 9.25, 9.25], "texture": "#7"}
			}
		},
		{
			"from": [7.4, 5.25, 10.275],
			"to": [7.65, 6, 10.525],
			"faces": {
				"north": {"uv": [5, 1, 9.25, 9.75], "texture": "#7"},
				"east": {"uv": [5, 1, 9.25, 9.75], "texture": "#7"},
				"south": {"uv": [5, 1, 9.25, 9.75], "texture": "#7"},
				"west": {"uv": [5, 1, 9.25, 9.75], "texture": "#7"},
				"up": {"uv": [5, 1, 9.25, 9.25], "texture": "#7"},
				"down": {"uv": [5, 1, 9.25, 9.25], "texture": "#7"}
			}
		},
		{
			"from": [7.525, 5.25, 10.1],
			"to": [7.775, 6, 10.35],
			"faces": {
				"north": {"uv": [5, 1, 9.25, 9.75], "texture": "#7"},
				"east": {"uv": [5, 1, 9.25, 9.75], "texture": "#7"},
				"south": {"uv": [5, 1, 9.25, 9.75], "texture": "#7"},
				"west": {"uv": [5, 1, 9.25, 9.75], "texture": "#7"},
				"up": {"uv": [5, 1, 9.25, 9.25], "texture": "#7"},
				"down": {"uv": [5, 1, 9.25, 9.25], "texture": "#7"}
			}
		},
		{
			"from": [7.525, 5.25, 9.875],
			"to": [7.775, 6, 10.125],
			"faces": {
				"north": {"uv": [5, 1, 9.25, 9.75], "texture": "#7"},
				"east": {"uv": [5, 1, 9.25, 9.75], "texture": "#7"},
				"south": {"uv": [5, 1, 9.25, 9.75], "texture": "#7"},
				"west": {"uv": [5, 1, 9.25, 9.75], "texture": "#7"},
				"up": {"uv": [5, 1, 9.25, 9.25], "texture": "#7"},
				"down": {"uv": [5, 1, 9.25, 9.25], "texture": "#7"}
			}
		},
		{
			"from": [7.525, 5.25, 9.625],
			"to": [7.775, 6, 9.875],
			"faces": {
				"north": {"uv": [5, 1, 9.25, 9.75], "texture": "#7"},
				"east": {"uv": [5, 1, 9.25, 9.75], "texture": "#7"},
				"south": {"uv": [5, 1, 9.25, 9.75], "texture": "#7"},
				"west": {"uv": [5, 1, 9.25, 9.75], "texture": "#7"},
				"up": {"uv": [5, 1, 9.25, 9.25], "texture": "#7"},
				"down": {"uv": [5, 1, 9.25, 9.25], "texture": "#7"}
			}
		},
		{
			"from": [7.325, 5.275, 9.4],
			"to": [7.575, 6.025, 9.65],
			"faces": {
				"north": {"uv": [5, 1, 9.25, 9.75], "texture": "#7"},
				"east": {"uv": [5, 1, 9.25, 9.75], "texture": "#7"},
				"south": {"uv": [5, 1, 9.25, 9.75], "texture": "#7"},
				"west": {"uv": [5, 1, 9.25, 9.75], "texture": "#7"},
				"up": {"uv": [5, 1, 9.25, 9.25], "texture": "#7"},
				"down": {"uv": [5, 1, 9.25, 9.25], "texture": "#7"}
			}
		},
		{
			"from": [7.075, 5.275, 9.4],
			"to": [7.325, 6.025, 9.65],
			"faces": {
				"north": {"uv": [5, 1, 9.25, 9.75], "texture": "#7"},
				"east": {"uv": [5, 1, 9.25, 9.75], "texture": "#7"},
				"south": {"uv": [5, 1, 9.25, 9.75], "texture": "#7"},
				"west": {"uv": [5, 1, 9.25, 9.75], "texture": "#7"},
				"up": {"uv": [5, 1, 9.25, 9.25], "texture": "#7"},
				"down": {"uv": [5, 1, 9.25, 9.25], "texture": "#7"}
			}
		},
		{
			"from": [6.9, 5.275, 9.4],
			"to": [7.15, 6.025, 9.65],
			"faces": {
				"north": {"uv": [5, 1, 9.25, 9.75], "texture": "#7"},
				"east": {"uv": [5, 1, 9.25, 9.75], "texture": "#7"},
				"south": {"uv": [5, 1, 9.25, 9.75], "texture": "#7"},
				"west": {"uv": [5, 1, 9.25, 9.75], "texture": "#7"},
				"up": {"uv": [5, 1, 9.25, 9.25], "texture": "#7"},
				"down": {"uv": [5, 1, 9.25, 9.25], "texture": "#7"}
			}
		},
		{
			"from": [6.725, 5.275, 9.525],
			"to": [6.975, 6.025, 9.775],
			"faces": {
				"north": {"uv": [5, 1, 9.25, 9.75], "texture": "#7"},
				"east": {"uv": [5, 1, 9.25, 9.75], "texture": "#7"},
				"south": {"uv": [5, 1, 9.25, 9.75], "texture": "#7"},
				"west": {"uv": [5, 1, 9.25, 9.75], "texture": "#7"},
				"up": {"uv": [5, 1, 9.25, 9.25], "texture": "#7"},
				"down": {"uv": [5, 1, 9.25, 9.25], "texture": "#7"}
			}
		},
		{
			"from": [6.6, 5.275, 9.575],
			"to": [6.85, 6.025, 9.825],
			"faces": {
				"north": {"uv": [5, 1, 9.25, 9.75], "texture": "#7"},
				"east": {"uv": [5, 1, 9.25, 9.75], "texture": "#7"},
				"south": {"uv": [5, 1, 9.25, 9.75], "texture": "#7"},
				"west": {"uv": [5, 1, 9.25, 9.75], "texture": "#7"},
				"up": {"uv": [5, 1, 9.25, 9.25], "texture": "#7"},
				"down": {"uv": [5, 1, 9.25, 9.25], "texture": "#7"}
			}
		},
		{
			"from": [6.525, 5.275, 9.7],
			"to": [6.775, 6.025, 9.95],
			"faces": {
				"north": {"uv": [5, 1, 9.25, 9.75], "texture": "#7"},
				"east": {"uv": [5, 1, 9.25, 9.75], "texture": "#7"},
				"south": {"uv": [5, 1, 9.25, 9.75], "texture": "#7"},
				"west": {"uv": [5, 1, 9.25, 9.75], "texture": "#7"},
				"up": {"uv": [5, 1, 9.25, 9.25], "texture": "#7"},
				"down": {"uv": [5, 1, 9.25, 9.25], "texture": "#7"}
			}
		},
		{
			"from": [6.525, 5.275, 9.95],
			"to": [6.775, 6.025, 10.2],
			"faces": {
				"north": {"uv": [5, 1, 9.25, 9.75], "texture": "#7"},
				"east": {"uv": [5, 1, 9.25, 9.75], "texture": "#7"},
				"south": {"uv": [5, 1, 9.25, 9.75], "texture": "#7"},
				"west": {"uv": [5, 1, 9.25, 9.75], "texture": "#7"},
				"up": {"uv": [5, 1, 9.25, 9.25], "texture": "#7"},
				"down": {"uv": [5, 1, 9.25, 9.25], "texture": "#7"}
			}
		},
		{
			"from": [6.525, 5.275, 10.2],
			"to": [6.775, 6.025, 10.45],
			"faces": {
				"north": {"uv": [5, 1, 9.25, 9.75], "texture": "#7"},
				"east": {"uv": [5, 1, 9.25, 9.75], "texture": "#7"},
				"south": {"uv": [5, 1, 9.25, 9.75], "texture": "#7"},
				"west": {"uv": [5, 1, 9.25, 9.75], "texture": "#7"},
				"up": {"uv": [5, 1, 9.25, 9.25], "texture": "#7"},
				"down": {"uv": [5, 1, 9.25, 9.25], "texture": "#7"}
			}
		},
		{
			"from": [6.65, 5.275, 10.3],
			"to": [6.9, 6.025, 10.55],
			"faces": {
				"north": {"uv": [5, 1, 9.25, 9.75], "texture": "#7"},
				"east": {"uv": [5, 1, 9.25, 9.75], "texture": "#7"},
				"south": {"uv": [5, 1, 9.25, 9.75], "texture": "#7"},
				"west": {"uv": [5, 1, 9.25, 9.75], "texture": "#7"},
				"up": {"uv": [5, 1, 9.25, 9.25], "texture": "#7"},
				"down": {"uv": [5, 1, 9.25, 9.25], "texture": "#7"}
			}
		},
		{
			"from": [6.825, 5.275, 10.3],
			"to": [7.075, 6.025, 10.55],
			"faces": {
				"north": {"uv": [5, 1, 9.25, 9.75], "texture": "#7"},
				"east": {"uv": [5, 1, 9.25, 9.75], "texture": "#7"},
				"south": {"uv": [5, 1, 9.25, 9.75], "texture": "#7"},
				"west": {"uv": [5, 1, 9.25, 9.75], "texture": "#7"},
				"up": {"uv": [5, 1, 9.25, 9.25], "texture": "#7"},
				"down": {"uv": [5, 1, 9.25, 9.25], "texture": "#7"}
			}
		},
		{
			"from": [6.825, 5.275, 10.475],
			"to": [7.075, 6.025, 10.725],
			"faces": {
				"north": {"uv": [5, 1, 9.25, 9.75], "texture": "#7"},
				"east": {"uv": [5, 1, 9.25, 9.75], "texture": "#7"},
				"south": {"uv": [5, 1, 9.25, 9.75], "texture": "#7"},
				"west": {"uv": [5, 1, 9.25, 9.75], "texture": "#7"},
				"up": {"uv": [5, 1, 9.25, 9.25], "texture": "#7"},
				"down": {"uv": [5, 1, 9.25, 9.25], "texture": "#7"}
			}
		},
		{
			"from": [6.975, 5.275, 10.475],
			"to": [7.225, 6.025, 10.725],
			"faces": {
				"north": {"uv": [5, 1, 9.25, 9.75], "texture": "#7"},
				"east": {"uv": [5, 1, 9.25, 9.75], "texture": "#7"},
				"south": {"uv": [5, 1, 9.25, 9.75], "texture": "#7"},
				"west": {"uv": [5, 1, 9.25, 9.75], "texture": "#7"},
				"up": {"uv": [5, 1, 9.25, 9.25], "texture": "#7"},
				"down": {"uv": [5, 1, 9.25, 9.25], "texture": "#7"}
			}
		},
		{
			"from": [6.9, 6, 10.45],
			"to": [7.428, 6.5, 10.628],
			"faces": {
				"north": {"uv": [5, 1, 9.528, 9.5], "texture": "#7"},
				"east": {"uv": [5, 1, 9.178, 9.5], "texture": "#7"},
				"south": {"uv": [5, 1, 9.528, 9.5], "texture": "#7"},
				"west": {"uv": [5, 1, 9.178, 9.5], "texture": "#7"},
				"up": {"uv": [5, 1, 9.528, 9.178], "texture": "#7"},
				"down": {"uv": [5, 1, 9.528, 9.178], "texture": "#7"}
			}
		},
		{
			"from": [6.9, 6, 9.45],
			"to": [7.428, 6.5, 9.628],
			"faces": {
				"north": {"uv": [5, 1, 9.528, 9.5], "texture": "#7"},
				"east": {"uv": [5, 1, 9.178, 9.5], "texture": "#7"},
				"south": {"uv": [5, 1, 9.528, 9.5], "texture": "#7"},
				"west": {"uv": [5, 1, 9.178, 9.5], "texture": "#7"},
				"up": {"uv": [5, 1, 9.528, 9.178], "texture": "#7"},
				"down": {"uv": [5, 1, 9.528, 9.178], "texture": "#7"}
			}
		},
		{
			"from": [6.6, 5.25, 9.8],
			"to": [7.1, 7, 10.3],
			"faces": {
				"north": {"uv": [5, 1, 9.5, 10.75], "texture": "#7"},
				"east": {"uv": [5, 1, 9.5, 10.75], "texture": "#7"},
				"south": {"uv": [5, 1, 9.5, 10.75], "texture": "#7"},
				"west": {"uv": [5, 1, 9.5, 10.75], "texture": "#7"},
				"up": {"uv": [5, 1, 9.5, 9.5], "texture": "#7"},
				"down": {"uv": [5, 1, 9.5, 9.5], "texture": "#7"}
			}
		},
		{
			"from": [6.925, 5.75, 9.775],
			"to": [7.425, 7.5, 10.275],
			"faces": {
				"north": {"uv": [5, 1, 9.5, 10.75], "texture": "#7"},
				"east": {"uv": [5, 1, 9.5, 10.75], "texture": "#7"},
				"south": {"uv": [5, 1, 9.5, 10.75], "texture": "#7"},
				"west": {"uv": [5, 1, 9.5, 10.75], "texture": "#7"},
				"up": {"uv": [5, 1, 9.5, 9.5], "texture": "#7"},
				"down": {"uv": [5, 1, 9.5, 9.5], "texture": "#7"}
			}
		},
		{
			"from": [7.025, 6.2, 9.9],
			"to": [7.275, 7.95, 10.15],
			"faces": {
				"north": {"uv": [5, 1, 9.25, 10.75], "texture": "#7"},
				"east": {"uv": [5, 1, 9.25, 10.75], "texture": "#7"},
				"south": {"uv": [5, 1, 9.25, 10.75], "texture": "#7"},
				"west": {"uv": [5, 1, 9.25, 10.75], "texture": "#7"},
				"up": {"uv": [5, 1, 9.25, 9.25], "texture": "#7"},
				"down": {"uv": [5, 1, 9.25, 9.25], "texture": "#7"}
			}
		},
		{
			"from": [7.25, 5.25, 9.8],
			"to": [7.75, 7, 10.3],
			"faces": {
				"north": {"uv": [5, 1, 9.5, 10.75], "texture": "#7"},
				"east": {"uv": [5, 1, 9.5, 10.75], "texture": "#7"},
				"south": {"uv": [5, 1, 9.5, 10.75], "texture": "#7"},
				"west": {"uv": [5, 1, 9.5, 10.75], "texture": "#7"},
				"up": {"uv": [5, 1, 9.5, 9.5], "texture": "#7"},
				"down": {"uv": [5, 1, 9.5, 9.5], "texture": "#7"}
			}
		},
		{
			"from": [5.425, 5, 8.375],
			"to": [5.675, 7, 8.625],
			"faces": {
				"north": {"uv": [5, 1, 9.25, 11], "texture": "#8"},
				"east": {"uv": [5, 1, 9.25, 11], "texture": "#8"},
				"south": {"uv": [5, 1, 9.25, 11], "texture": "#8"},
				"west": {"uv": [5, 1, 9.25, 11], "texture": "#8"},
				"up": {"uv": [5, 1, 9.25, 9.25], "texture": "#8"},
				"down": {"uv": [5, 1, 9.25, 9.25], "texture": "#8"}
			}
		},
		{
			"from": [5.175, 5.25, 8.125],
			"to": [5.925, 7.25, 8.875],
			"faces": {
				"north": {"uv": [5, 1, 9.75, 11], "texture": "#7"},
				"east": {"uv": [5, 1, 9.75, 11], "texture": "#7"},
				"south": {"uv": [5, 1, 9.75, 11], "texture": "#7"},
				"west": {"uv": [5, 1, 9.75, 11], "texture": "#7"},
				"up": {"uv": [5, 1, 9.75, 9.75], "texture": "#7"},
				"down": {"uv": [5, 1, 9.75, 9.75], "texture": "#7"}
			}
		},
		{
			"from": [5.375, 5.25, 7.975],
			"to": [5.875, 7, 8.475],
			"faces": {
				"north": {"uv": [5, 1, 9.5, 10.75], "texture": "#7"},
				"east": {"uv": [5, 1, 9.5, 10.75], "texture": "#7"},
				"south": {"uv": [5, 1, 9.5, 10.75], "texture": "#7"},
				"west": {"uv": [5, 1, 9.5, 10.75], "texture": "#7"},
				"up": {"uv": [5, 1, 9.5, 9.5], "texture": "#7"},
				"down": {"uv": [5, 1, 9.5, 9.5], "texture": "#7"}
			}
		},
		{
			"from": [5.375, 5.25, 8.525],
			"to": [5.875, 7, 9.025],
			"faces": {
				"north": {"uv": [5, 1, 9.5, 10.75], "texture": "#7"},
				"east": {"uv": [5, 1, 9.5, 10.75], "texture": "#7"},
				"south": {"uv": [5, 1, 9.5, 10.75], "texture": "#7"},
				"west": {"uv": [5, 1, 9.5, 10.75], "texture": "#7"},
				"up": {"uv": [5, 1, 9.5, 9.5], "texture": "#7"},
				"down": {"uv": [5, 1, 9.5, 9.5], "texture": "#7"}
			}
		},
		{
			"from": [5.625, 5.25, 8.9],
			"to": [5.875, 6, 9.15],
			"faces": {
				"north": {"uv": [5, 1, 9.25, 9.75], "texture": "#7"},
				"east": {"uv": [5, 1, 9.25, 9.75], "texture": "#7"},
				"south": {"uv": [5, 1, 9.25, 9.75], "texture": "#7"},
				"west": {"uv": [5, 1, 9.25, 9.75], "texture": "#7"},
				"up": {"uv": [5, 1, 9.25, 9.25], "texture": "#7"},
				"down": {"uv": [5, 1, 9.25, 9.25], "texture": "#7"}
			}
		},
		{
			"from": [5.775, 5.25, 8.75],
			"to": [6.025, 6, 9],
			"faces": {
				"north": {"uv": [5, 1, 9.25, 9.75], "texture": "#7"},
				"east": {"uv": [5, 1, 9.25, 9.75], "texture": "#7"},
				"south": {"uv": [5, 1, 9.25, 9.75], "texture": "#7"},
				"west": {"uv": [5, 1, 9.25, 9.75], "texture": "#7"},
				"up": {"uv": [5, 1, 9.25, 9.25], "texture": "#7"},
				"down": {"uv": [5, 1, 9.25, 9.25], "texture": "#7"}
			}
		},
		{
			"from": [5.9, 5.25, 8.575],
			"to": [6.15, 6, 8.825],
			"faces": {
				"north": {"uv": [5, 1, 9.25, 9.75], "texture": "#7"},
				"east": {"uv": [5, 1, 9.25, 9.75], "texture": "#7"},
				"south": {"uv": [5, 1, 9.25, 9.75], "texture": "#7"},
				"west": {"uv": [5, 1, 9.25, 9.75], "texture": "#7"},
				"up": {"uv": [5, 1, 9.25, 9.25], "texture": "#7"},
				"down": {"uv": [5, 1, 9.25, 9.25], "texture": "#7"}
			}
		},
		{
			"from": [5.9, 5.25, 8.35],
			"to": [6.15, 6, 8.6],
			"faces": {
				"north": {"uv": [5, 1, 9.25, 9.75], "texture": "#7"},
				"east": {"uv": [5, 1, 9.25, 9.75], "texture": "#7"},
				"south": {"uv": [5, 1, 9.25, 9.75], "texture": "#7"},
				"west": {"uv": [5, 1, 9.25, 9.75], "texture": "#7"},
				"up": {"uv": [5, 1, 9.25, 9.25], "texture": "#7"},
				"down": {"uv": [5, 1, 9.25, 9.25], "texture": "#7"}
			}
		},
		{
			"from": [5.9, 5.25, 8.1],
			"to": [6.15, 6, 8.35],
			"faces": {
				"north": {"uv": [5, 1, 9.25, 9.75], "texture": "#7"},
				"east": {"uv": [5, 1, 9.25, 9.75], "texture": "#7"},
				"south": {"uv": [5, 1, 9.25, 9.75], "texture": "#7"},
				"west": {"uv": [5, 1, 9.25, 9.75], "texture": "#7"},
				"up": {"uv": [5, 1, 9.25, 9.25], "texture": "#7"},
				"down": {"uv": [5, 1, 9.25, 9.25], "texture": "#7"}
			}
		},
		{
			"from": [5.7, 5.275, 7.875],
			"to": [5.95, 6.025, 8.125],
			"faces": {
				"north": {"uv": [5, 1, 9.25, 9.75], "texture": "#7"},
				"east": {"uv": [5, 1, 9.25, 9.75], "texture": "#7"},
				"south": {"uv": [5, 1, 9.25, 9.75], "texture": "#7"},
				"west": {"uv": [5, 1, 9.25, 9.75], "texture": "#7"},
				"up": {"uv": [5, 1, 9.25, 9.25], "texture": "#7"},
				"down": {"uv": [5, 1, 9.25, 9.25], "texture": "#7"}
			}
		},
		{
			"from": [5.45, 5.275, 7.875],
			"to": [5.7, 6.025, 8.125],
			"faces": {
				"north": {"uv": [5, 1, 9.25, 9.75], "texture": "#7"},
				"east": {"uv": [5, 1, 9.25, 9.75], "texture": "#7"},
				"south": {"uv": [5, 1, 9.25, 9.75], "texture": "#7"},
				"west": {"uv": [5, 1, 9.25, 9.75], "texture": "#7"},
				"up": {"uv": [5, 1, 9.25, 9.25], "texture": "#7"},
				"down": {"uv": [5, 1, 9.25, 9.25], "texture": "#7"}
			}
		},
		{
			"from": [5.275, 5.275, 7.875],
			"to": [5.525, 6.025, 8.125],
			"faces": {
				"north": {"uv": [5, 1, 9.25, 9.75], "texture": "#7"},
				"east": {"uv": [5, 1, 9.25, 9.75], "texture": "#7"},
				"south": {"uv": [5, 1, 9.25, 9.75], "texture": "#7"},
				"west": {"uv": [5, 1, 9.25, 9.75], "texture": "#7"},
				"up": {"uv": [5, 1, 9.25, 9.25], "texture": "#7"},
				"down": {"uv": [5, 1, 9.25, 9.25], "texture": "#7"}
			}
		},
		{
			"from": [5.1, 5.275, 8],
			"to": [5.35, 6.025, 8.25],
			"faces": {
				"north": {"uv": [5, 1, 9.25, 9.75], "texture": "#7"},
				"east": {"uv": [5, 1, 9.25, 9.75], "texture": "#7"},
				"south": {"uv": [5, 1, 9.25, 9.75], "texture": "#7"},
				"west": {"uv": [5, 1, 9.25, 9.75], "texture": "#7"},
				"up": {"uv": [5, 1, 9.25, 9.25], "texture": "#7"},
				"down": {"uv": [5, 1, 9.25, 9.25], "texture": "#7"}
			}
		},
		{
			"from": [4.975, 5.275, 8.05],
			"to": [5.225, 6.025, 8.3],
			"faces": {
				"north": {"uv": [5, 1, 9.25, 9.75], "texture": "#7"},
				"east": {"uv": [5, 1, 9.25, 9.75], "texture": "#7"},
				"south": {"uv": [5, 1, 9.25, 9.75], "texture": "#7"},
				"west": {"uv": [5, 1, 9.25, 9.75], "texture": "#7"},
				"up": {"uv": [5, 1, 9.25, 9.25], "texture": "#7"},
				"down": {"uv": [5, 1, 9.25, 9.25], "texture": "#7"}
			}
		},
		{
			"from": [4.9, 5.275, 8.175],
			"to": [5.15, 6.025, 8.425],
			"faces": {
				"north": {"uv": [5, 1, 9.25, 9.75], "texture": "#7"},
				"east": {"uv": [5, 1, 9.25, 9.75], "texture": "#7"},
				"south": {"uv": [5, 1, 9.25, 9.75], "texture": "#7"},
				"west": {"uv": [5, 1, 9.25, 9.75], "texture": "#7"},
				"up": {"uv": [5, 1, 9.25, 9.25], "texture": "#7"},
				"down": {"uv": [5, 1, 9.25, 9.25], "texture": "#7"}
			}
		},
		{
			"from": [4.9, 5.275, 8.425],
			"to": [5.15, 6.025, 8.675],
			"faces": {
				"north": {"uv": [5, 1, 9.25, 9.75], "texture": "#7"},
				"east": {"uv": [5, 1, 9.25, 9.75], "texture": "#7"},
				"south": {"uv": [5, 1, 9.25, 9.75], "texture": "#7"},
				"west": {"uv": [5, 1, 9.25, 9.75], "texture": "#7"},
				"up": {"uv": [5, 1, 9.25, 9.25], "texture": "#7"},
				"down": {"uv": [5, 1, 9.25, 9.25], "texture": "#7"}
			}
		},
		{
			"from": [4.9, 5.275, 8.675],
			"to": [5.15, 6.025, 8.925],
			"faces": {
				"north": {"uv": [5, 1, 9.25, 9.75], "texture": "#7"},
				"east": {"uv": [5, 1, 9.25, 9.75], "texture": "#7"},
				"south": {"uv": [5, 1, 9.25, 9.75], "texture": "#7"},
				"west": {"uv": [5, 1, 9.25, 9.75], "texture": "#7"},
				"up": {"uv": [5, 1, 9.25, 9.25], "texture": "#7"},
				"down": {"uv": [5, 1, 9.25, 9.25], "texture": "#7"}
			}
		},
		{
			"from": [5.025, 5.275, 8.775],
			"to": [5.275, 6.025, 9.025],
			"faces": {
				"north": {"uv": [5, 1, 9.25, 9.75], "texture": "#7"},
				"east": {"uv": [5, 1, 9.25, 9.75], "texture": "#7"},
				"south": {"uv": [5, 1, 9.25, 9.75], "texture": "#7"},
				"west": {"uv": [5, 1, 9.25, 9.75], "texture": "#7"},
				"up": {"uv": [5, 1, 9.25, 9.25], "texture": "#7"},
				"down": {"uv": [5, 1, 9.25, 9.25], "texture": "#7"}
			}
		},
		{
			"from": [5.2, 5.275, 8.775],
			"to": [5.45, 6.025, 9.025],
			"faces": {
				"north": {"uv": [5, 1, 9.25, 9.75], "texture": "#7"},
				"east": {"uv": [5, 1, 9.25, 9.75], "texture": "#7"},
				"south": {"uv": [5, 1, 9.25, 9.75], "texture": "#7"},
				"west": {"uv": [5, 1, 9.25, 9.75], "texture": "#7"},
				"up": {"uv": [5, 1, 9.25, 9.25], "texture": "#7"},
				"down": {"uv": [5, 1, 9.25, 9.25], "texture": "#7"}
			}
		},
		{
			"from": [5.2, 5.275, 8.95],
			"to": [5.45, 6.025, 9.2],
			"faces": {
				"north": {"uv": [5, 1, 9.25, 9.75], "texture": "#7"},
				"east": {"uv": [5, 1, 9.25, 9.75], "texture": "#7"},
				"south": {"uv": [5, 1, 9.25, 9.75], "texture": "#7"},
				"west": {"uv": [5, 1, 9.25, 9.75], "texture": "#7"},
				"up": {"uv": [5, 1, 9.25, 9.25], "texture": "#7"},
				"down": {"uv": [5, 1, 9.25, 9.25], "texture": "#7"}
			}
		},
		{
			"from": [5.35, 5.275, 8.95],
			"to": [5.6, 6.025, 9.2],
			"faces": {
				"north": {"uv": [5, 1, 9.25, 9.75], "texture": "#7"},
				"east": {"uv": [5, 1, 9.25, 9.75], "texture": "#7"},
				"south": {"uv": [5, 1, 9.25, 9.75], "texture": "#7"},
				"west": {"uv": [5, 1, 9.25, 9.75], "texture": "#7"},
				"up": {"uv": [5, 1, 9.25, 9.25], "texture": "#7"},
				"down": {"uv": [5, 1, 9.25, 9.25], "texture": "#7"}
			}
		},
		{
			"from": [5.275, 6, 8.925],
			"to": [5.803, 6.5, 9.103],
			"faces": {
				"north": {"uv": [5, 1, 9.528, 9.5], "texture": "#7"},
				"east": {"uv": [5, 1, 9.178, 9.5], "texture": "#7"},
				"south": {"uv": [5, 1, 9.528, 9.5], "texture": "#7"},
				"west": {"uv": [5, 1, 9.178, 9.5], "texture": "#7"},
				"up": {"uv": [5, 1, 9.528, 9.178], "texture": "#7"},
				"down": {"uv": [5, 1, 9.528, 9.178], "texture": "#7"}
			}
		},
		{
			"from": [5.275, 6, 7.925],
			"to": [5.803, 6.5, 8.103],
			"faces": {
				"north": {"uv": [5, 1, 9.528, 9.5], "texture": "#7"},
				"east": {"uv": [5, 1, 9.178, 9.5], "texture": "#7"},
				"south": {"uv": [5, 1, 9.528, 9.5], "texture": "#7"},
				"west": {"uv": [5, 1, 9.178, 9.5], "texture": "#7"},
				"up": {"uv": [5, 1, 9.528, 9.178], "texture": "#7"},
				"down": {"uv": [5, 1, 9.528, 9.178], "texture": "#7"}
			}
		},
		{
			"from": [4.975, 5.25, 8.275],
			"to": [5.475, 7, 8.775],
			"faces": {
				"north": {"uv": [5, 1, 9.5, 10.75], "texture": "#7"},
				"east": {"uv": [5, 1, 9.5, 10.75], "texture": "#7"},
				"south": {"uv": [5, 1, 9.5, 10.75], "texture": "#7"},
				"west": {"uv": [5, 1, 9.5, 10.75], "texture": "#7"},
				"up": {"uv": [5, 1, 9.5, 9.5], "texture": "#7"},
				"down": {"uv": [5, 1, 9.5, 9.5], "texture": "#7"}
			}
		},
		{
			"from": [5.3, 5.75, 8.25],
			"to": [5.8, 7.5, 8.75],
			"faces": {
				"north": {"uv": [5, 1, 9.5, 10.75], "texture": "#7"},
				"east": {"uv": [5, 1, 9.5, 10.75], "texture": "#7"},
				"south": {"uv": [5, 1, 9.5, 10.75], "texture": "#7"},
				"west": {"uv": [5, 1, 9.5, 10.75], "texture": "#7"},
				"up": {"uv": [5, 1, 9.5, 9.5], "texture": "#7"},
				"down": {"uv": [5, 1, 9.5, 9.5], "texture": "#7"}
			}
		},
		{
			"from": [5.4, 6.2, 8.375],
			"to": [5.65, 7.95, 8.625],
			"faces": {
				"north": {"uv": [5, 1, 9.25, 10.75], "texture": "#7"},
				"east": {"uv": [5, 1, 9.25, 10.75], "texture": "#7"},
				"south": {"uv": [5, 1, 9.25, 10.75], "texture": "#7"},
				"west": {"uv": [5, 1, 9.25, 10.75], "texture": "#7"},
				"up": {"uv": [5, 1, 9.25, 9.25], "texture": "#7"},
				"down": {"uv": [5, 1, 9.25, 9.25], "texture": "#7"}
			}
		},
		{
			"from": [5.625, 5.25, 8.275],
			"to": [6.125, 7, 8.775],
			"faces": {
				"north": {"uv": [5, 1, 9.5, 10.75], "texture": "#7"},
				"east": {"uv": [5, 1, 9.5, 10.75], "texture": "#7"},
				"south": {"uv": [5, 1, 9.5, 10.75], "texture": "#7"},
				"west": {"uv": [5, 1, 9.5, 10.75], "texture": "#7"},
				"up": {"uv": [5, 1, 9.5, 9.5], "texture": "#7"},
				"down": {"uv": [5, 1, 9.5, 9.5], "texture": "#7"}
			}
		},
		{
			"from": [7.825, 5, 7.275],
			"to": [8.075, 7, 7.525],
			"faces": {
				"north": {"uv": [5, 1, 9.25, 11], "texture": "#8"},
				"east": {"uv": [5, 1, 9.25, 11], "texture": "#8"},
				"south": {"uv": [5, 1, 9.25, 11], "texture": "#8"},
				"west": {"uv": [5, 1, 9.25, 11], "texture": "#8"},
				"up": {"uv": [5, 1, 9.25, 9.25], "texture": "#8"},
				"down": {"uv": [5, 1, 9.25, 9.25], "texture": "#8"}
			}
		},
		{
			"from": [7.575, 5.25, 7.025],
			"to": [8.325, 7.25, 7.775],
			"faces": {
				"north": {"uv": [5, 1, 9.75, 11], "texture": "#7"},
				"east": {"uv": [5, 1, 9.75, 11], "texture": "#7"},
				"south": {"uv": [5, 1, 9.75, 11], "texture": "#7"},
				"west": {"uv": [5, 1, 9.75, 11], "texture": "#7"},
				"up": {"uv": [5, 1, 9.75, 9.75], "texture": "#7"},
				"down": {"uv": [5, 1, 9.75, 9.75], "texture": "#7"}
			}
		},
		{
			"from": [7.775, 5.25, 6.875],
			"to": [8.275, 7, 7.375],
			"faces": {
				"north": {"uv": [5, 1, 9.5, 10.75], "texture": "#7"},
				"east": {"uv": [5, 1, 9.5, 10.75], "texture": "#7"},
				"south": {"uv": [5, 1, 9.5, 10.75], "texture": "#7"},
				"west": {"uv": [5, 1, 9.5, 10.75], "texture": "#7"},
				"up": {"uv": [5, 1, 9.5, 9.5], "texture": "#7"},
				"down": {"uv": [5, 1, 9.5, 9.5], "texture": "#7"}
			}
		},
		{
			"from": [7.775, 5.25, 7.425],
			"to": [8.275, 7, 7.925],
			"faces": {
				"north": {"uv": [5, 1, 9.5, 10.75], "texture": "#7"},
				"east": {"uv": [5, 1, 9.5, 10.75], "texture": "#7"},
				"south": {"uv": [5, 1, 9.5, 10.75], "texture": "#7"},
				"west": {"uv": [5, 1, 9.5, 10.75], "texture": "#7"},
				"up": {"uv": [5, 1, 9.5, 9.5], "texture": "#7"},
				"down": {"uv": [5, 1, 9.5, 9.5], "texture": "#7"}
			}
		},
		{
			"from": [8.025, 5.25, 7.8],
			"to": [8.275, 6, 8.05],
			"faces": {
				"north": {"uv": [5, 1, 9.25, 9.75], "texture": "#7"},
				"east": {"uv": [5, 1, 9.25, 9.75], "texture": "#7"},
				"south": {"uv": [5, 1, 9.25, 9.75], "texture": "#7"},
				"west": {"uv": [5, 1, 9.25, 9.75], "texture": "#7"},
				"up": {"uv": [5, 1, 9.25, 9.25], "texture": "#7"},
				"down": {"uv": [5, 1, 9.25, 9.25], "texture": "#7"}
			}
		},
		{
			"from": [8.175, 5.25, 7.65],
			"to": [8.425, 6, 7.9],
			"faces": {
				"north": {"uv": [5, 1, 9.25, 9.75], "texture": "#7"},
				"east": {"uv": [5, 1, 9.25, 9.75], "texture": "#7"},
				"south": {"uv": [5, 1, 9.25, 9.75], "texture": "#7"},
				"west": {"uv": [5, 1, 9.25, 9.75], "texture": "#7"},
				"up": {"uv": [5, 1, 9.25, 9.25], "texture": "#7"},
				"down": {"uv": [5, 1, 9.25, 9.25], "texture": "#7"}
			}
		},
		{
			"from": [8.3, 5.25, 7.475],
			"to": [8.55, 6, 7.725],
			"faces": {
				"north": {"uv": [5, 1, 9.25, 9.75], "texture": "#7"},
				"east": {"uv": [5, 1, 9.25, 9.75], "texture": "#7"},
				"south": {"uv": [5, 1, 9.25, 9.75], "texture": "#7"},
				"west": {"uv": [5, 1, 9.25, 9.75], "texture": "#7"},
				"up": {"uv": [5, 1, 9.25, 9.25], "texture": "#7"},
				"down": {"uv": [5, 1, 9.25, 9.25], "texture": "#7"}
			}
		},
		{
			"from": [8.3, 5.25, 7.25],
			"to": [8.55, 6, 7.5],
			"faces": {
				"north": {"uv": [5, 1, 9.25, 9.75], "texture": "#7"},
				"east": {"uv": [5, 1, 9.25, 9.75], "texture": "#7"},
				"south": {"uv": [5, 1, 9.25, 9.75], "texture": "#7"},
				"west": {"uv": [5, 1, 9.25, 9.75], "texture": "#7"},
				"up": {"uv": [5, 1, 9.25, 9.25], "texture": "#7"},
				"down": {"uv": [5, 1, 9.25, 9.25], "texture": "#7"}
			}
		},
		{
			"from": [8.3, 5.25, 7],
			"to": [8.55, 6, 7.25],
			"faces": {
				"north": {"uv": [5, 1, 9.25, 9.75], "texture": "#7"},
				"east": {"uv": [5, 1, 9.25, 9.75], "texture": "#7"},
				"south": {"uv": [5, 1, 9.25, 9.75], "texture": "#7"},
				"west": {"uv": [5, 1, 9.25, 9.75], "texture": "#7"},
				"up": {"uv": [5, 1, 9.25, 9.25], "texture": "#7"},
				"down": {"uv": [5, 1, 9.25, 9.25], "texture": "#7"}
			}
		},
		{
			"from": [8.1, 5.275, 6.775],
			"to": [8.35, 6.025, 7.025],
			"faces": {
				"north": {"uv": [5, 1, 9.25, 9.75], "texture": "#7"},
				"east": {"uv": [5, 1, 9.25, 9.75], "texture": "#7"},
				"south": {"uv": [5, 1, 9.25, 9.75], "texture": "#7"},
				"west": {"uv": [5, 1, 9.25, 9.75], "texture": "#7"},
				"up": {"uv": [5, 1, 9.25, 9.25], "texture": "#7"},
				"down": {"uv": [5, 1, 9.25, 9.25], "texture": "#7"}
			}
		},
		{
			"from": [7.85, 5.275, 6.775],
			"to": [8.1, 6.025, 7.025],
			"faces": {
				"north": {"uv": [5, 1, 9.25, 9.75], "texture": "#7"},
				"east": {"uv": [5, 1, 9.25, 9.75], "texture": "#7"},
				"south": {"uv": [5, 1, 9.25, 9.75], "texture": "#7"},
				"west": {"uv": [5, 1, 9.25, 9.75], "texture": "#7"},
				"up": {"uv": [5, 1, 9.25, 9.25], "texture": "#7"},
				"down": {"uv": [5, 1, 9.25, 9.25], "texture": "#7"}
			}
		},
		{
			"from": [7.675, 5.275, 6.775],
			"to": [7.925, 6.025, 7.025],
			"faces": {
				"north": {"uv": [5, 1, 9.25, 9.75], "texture": "#7"},
				"east": {"uv": [5, 1, 9.25, 9.75], "texture": "#7"},
				"south": {"uv": [5, 1, 9.25, 9.75], "texture": "#7"},
				"west": {"uv": [5, 1, 9.25, 9.75], "texture": "#7"},
				"up": {"uv": [5, 1, 9.25, 9.25], "texture": "#7"},
				"down": {"uv": [5, 1, 9.25, 9.25], "texture": "#7"}
			}
		},
		{
			"from": [7.5, 5.275, 6.9],
			"to": [7.75, 6.025, 7.15],
			"faces": {
				"north": {"uv": [5, 1, 9.25, 9.75], "texture": "#7"},
				"east": {"uv": [5, 1, 9.25, 9.75], "texture": "#7"},
				"south": {"uv": [5, 1, 9.25, 9.75], "texture": "#7"},
				"west": {"uv": [5, 1, 9.25, 9.75], "texture": "#7"},
				"up": {"uv": [5, 1, 9.25, 9.25], "texture": "#7"},
				"down": {"uv": [5, 1, 9.25, 9.25], "texture": "#7"}
			}
		},
		{
			"from": [7.375, 5.275, 6.95],
			"to": [7.625, 6.025, 7.2],
			"faces": {
				"north": {"uv": [5, 1, 9.25, 9.75], "texture": "#7"},
				"east": {"uv": [5, 1, 9.25, 9.75], "texture": "#7"},
				"south": {"uv": [5, 1, 9.25, 9.75], "texture": "#7"},
				"west": {"uv": [5, 1, 9.25, 9.75], "texture": "#7"},
				"up": {"uv": [5, 1, 9.25, 9.25], "texture": "#7"},
				"down": {"uv": [5, 1, 9.25, 9.25], "texture": "#7"}
			}
		},
		{
			"from": [7.3, 5.275, 7.075],
			"to": [7.55, 6.025, 7.325],
			"faces": {
				"north": {"uv": [5, 1, 9.25, 9.75], "texture": "#7"},
				"east": {"uv": [5, 1, 9.25, 9.75], "texture": "#7"},
				"south": {"uv": [5, 1, 9.25, 9.75], "texture": "#7"},
				"west": {"uv": [5, 1, 9.25, 9.75], "texture": "#7"},
				"up": {"uv": [5, 1, 9.25, 9.25], "texture": "#7"},
				"down": {"uv": [5, 1, 9.25, 9.25], "texture": "#7"}
			}
		},
		{
			"from": [7.3, 5.275, 7.325],
			"to": [7.55, 6.025, 7.575],
			"faces": {
				"north": {"uv": [5, 1, 9.25, 9.75], "texture": "#7"},
				"east": {"uv": [5, 1, 9.25, 9.75], "texture": "#7"},
				"south": {"uv": [5, 1, 9.25, 9.75], "texture": "#7"},
				"west": {"uv": [5, 1, 9.25, 9.75], "texture": "#7"},
				"up": {"uv": [5, 1, 9.25, 9.25], "texture": "#7"},
				"down": {"uv": [5, 1, 9.25, 9.25], "texture": "#7"}
			}
		},
		{
			"from": [7.3, 5.275, 7.575],
			"to": [7.55, 6.025, 7.825],
			"faces": {
				"north": {"uv": [5, 1, 9.25, 9.75], "texture": "#7"},
				"east": {"uv": [5, 1, 9.25, 9.75], "texture": "#7"},
				"south": {"uv": [5, 1, 9.25, 9.75], "texture": "#7"},
				"west": {"uv": [5, 1, 9.25, 9.75], "texture": "#7"},
				"up": {"uv": [5, 1, 9.25, 9.25], "texture": "#7"},
				"down": {"uv": [5, 1, 9.25, 9.25], "texture": "#7"}
			}
		},
		{
			"from": [7.425, 5.275, 7.675],
			"to": [7.675, 6.025, 7.925],
			"faces": {
				"north": {"uv": [5, 1, 9.25, 9.75], "texture": "#7"},
				"east": {"uv": [5, 1, 9.25, 9.75], "texture": "#7"},
				"south": {"uv": [5, 1, 9.25, 9.75], "texture": "#7"},
				"west": {"uv": [5, 1, 9.25, 9.75], "texture": "#7"},
				"up": {"uv": [5, 1, 9.25, 9.25], "texture": "#7"},
				"down": {"uv": [5, 1, 9.25, 9.25], "texture": "#7"}
			}
		},
		{
			"from": [7.6, 5.275, 7.675],
			"to": [7.85, 6.025, 7.925],
			"faces": {
				"north": {"uv": [5, 1, 9.25, 9.75], "texture": "#7"},
				"east": {"uv": [5, 1, 9.25, 9.75], "texture": "#7"},
				"south": {"uv": [5, 1, 9.25, 9.75], "texture": "#7"},
				"west": {"uv": [5, 1, 9.25, 9.75], "texture": "#7"},
				"up": {"uv": [5, 1, 9.25, 9.25], "texture": "#7"},
				"down": {"uv": [5, 1, 9.25, 9.25], "texture": "#7"}
			}
		},
		{
			"from": [7.6, 5.275, 7.85],
			"to": [7.85, 6.025, 8.1],
			"faces": {
				"north": {"uv": [5, 1, 9.25, 9.75], "texture": "#7"},
				"east": {"uv": [5, 1, 9.25, 9.75], "texture": "#7"},
				"south": {"uv": [5, 1, 9.25, 9.75], "texture": "#7"},
				"west": {"uv": [5, 1, 9.25, 9.75], "texture": "#7"},
				"up": {"uv": [5, 1, 9.25, 9.25], "texture": "#7"},
				"down": {"uv": [5, 1, 9.25, 9.25], "texture": "#7"}
			}
		},
		{
			"from": [7.75, 5.275, 7.85],
			"to": [8, 6.025, 8.1],
			"faces": {
				"north": {"uv": [5, 1, 9.25, 9.75], "texture": "#7"},
				"east": {"uv": [5, 1, 9.25, 9.75], "texture": "#7"},
				"south": {"uv": [5, 1, 9.25, 9.75], "texture": "#7"},
				"west": {"uv": [5, 1, 9.25, 9.75], "texture": "#7"},
				"up": {"uv": [5, 1, 9.25, 9.25], "texture": "#7"},
				"down": {"uv": [5, 1, 9.25, 9.25], "texture": "#7"}
			}
		},
		{
			"from": [7.675, 6, 7.825],
			"to": [8.203, 6.5, 8.003],
			"faces": {
				"north": {"uv": [5, 1, 9.528, 9.5], "texture": "#7"},
				"east": {"uv": [5, 1, 9.178, 9.5], "texture": "#7"},
				"south": {"uv": [5, 1, 9.528, 9.5], "texture": "#7"},
				"west": {"uv": [5, 1, 9.178, 9.5], "texture": "#7"},
				"up": {"uv": [5, 1, 9.528, 9.178], "texture": "#7"},
				"down": {"uv": [5, 1, 9.528, 9.178], "texture": "#7"}
			}
		},
		{
			"from": [7.675, 6, 6.825],
			"to": [8.203, 6.5, 7.003],
			"faces": {
				"north": {"uv": [5, 1, 9.528, 9.5], "texture": "#7"},
				"east": {"uv": [5, 1, 9.178, 9.5], "texture": "#7"},
				"south": {"uv": [5, 1, 9.528, 9.5], "texture": "#7"},
				"west": {"uv": [5, 1, 9.178, 9.5], "texture": "#7"},
				"up": {"uv": [5, 1, 9.528, 9.178], "texture": "#7"},
				"down": {"uv": [5, 1, 9.528, 9.178], "texture": "#7"}
			}
		},
		{
			"from": [7.375, 5.25, 7.175],
			"to": [7.875, 7, 7.675],
			"faces": {
				"north": {"uv": [5, 1, 9.5, 10.75], "texture": "#7"},
				"east": {"uv": [5, 1, 9.5, 10.75], "texture": "#7"},
				"south": {"uv": [5, 1, 9.5, 10.75], "texture": "#7"},
				"west": {"uv": [5, 1, 9.5, 10.75], "texture": "#7"},
				"up": {"uv": [5, 1, 9.5, 9.5], "texture": "#7"},
				"down": {"uv": [5, 1, 9.5, 9.5], "texture": "#7"}
			}
		},
		{
			"from": [7.7, 5.75, 7.15],
			"to": [8.2, 7.5, 7.65],
			"faces": {
				"north": {"uv": [5, 1, 9.5, 10.75], "texture": "#7"},
				"east": {"uv": [5, 1, 9.5, 10.75], "texture": "#7"},
				"south": {"uv": [5, 1, 9.5, 10.75], "texture": "#7"},
				"west": {"uv": [5, 1, 9.5, 10.75], "texture": "#7"},
				"up": {"uv": [5, 1, 9.5, 9.5], "texture": "#7"},
				"down": {"uv": [5, 1, 9.5, 9.5], "texture": "#7"}
			}
		},
		{
			"from": [7.8, 6.2, 7.275],
			"to": [8.05, 7.95, 7.525],
			"faces": {
				"north": {"uv": [5, 1, 9.25, 10.75], "texture": "#7"},
				"east": {"uv": [5, 1, 9.25, 10.75], "texture": "#7"},
				"south": {"uv": [5, 1, 9.25, 10.75], "texture": "#7"},
				"west": {"uv": [5, 1, 9.25, 10.75], "texture": "#7"},
				"up": {"uv": [5, 1, 9.25, 9.25], "texture": "#7"},
				"down": {"uv": [5, 1, 9.25, 9.25], "texture": "#7"}
			}
		},
		{
			"from": [8.025, 5.25, 7.175],
			"to": [8.525, 7, 7.675],
			"faces": {
				"north": {"uv": [5, 1, 9.5, 10.75], "texture": "#7"},
				"east": {"uv": [5, 1, 9.5, 10.75], "texture": "#7"},
				"south": {"uv": [5, 1, 9.5, 10.75], "texture": "#7"},
				"west": {"uv": [5, 1, 9.5, 10.75], "texture": "#7"},
				"up": {"uv": [5, 1, 9.5, 9.5], "texture": "#7"},
				"down": {"uv": [5, 1, 9.5, 9.5], "texture": "#7"}
			}
		},
		{
			"from": [4.15, 4.95, 5.225],
			"to": [10.9, 8.2, 11.725],
			"faces": {
				"north": {"uv": [0.3, 0.375, 15.675, 12.525], "texture": "#10"},
				"east": {"uv": [0.3, 0.375, 15.425, 12.525], "texture": "#10"},
				"south": {"uv": [0.3, 0.375, 15.675, 12.525], "texture": "#10"},
				"west": {"uv": [0.3, 0.375, 15.425, 12.525], "texture": "#10"},
				"up": {"uv": [0.3, 0.375, 15.675, 15.775], "texture": "#10"},
				"down": {"uv": [0.3, 0.375, 15.675, 15.775], "texture": "#10"}
			}
		},
		{
			"from": [5.8, 8.2, 6.725],
			"to": [9.3, 9.45, 10.225],
			"faces": {
				"north": {"uv": [0.3, 0.375, 15.675, 12.525], "texture": "#10"},
				"east": {"uv": [0.3, 0.375, 15.425, 12.525], "texture": "#10"},
				"south": {"uv": [0.3, 0.375, 15.675, 12.525], "texture": "#10"},
				"west": {"uv": [0.3, 0.375, 15.425, 12.525], "texture": "#10"},
				"up": {"uv": [0.3, 0.375, 15.675, 15.775], "texture": "#10"},
				"down": {"uv": [5, 2.6, 13.375, 11], "texture": "#10"}
			}
		},
		{
			"from": [3.15, 4.95, 6.325],
			"to": [4.15, 6.7, 10.7],
			"faces": {
				"north": {"uv": [0.3, 0.375, 15.675, 12.525], "texture": "#10"},
				"east": {"uv": [1.3, 5.375, 12.425, 12.525], "texture": "#10"},
				"south": {"uv": [0.3, 0.375, 15.675, 12.525], "texture": "#10"},
				"west": {"uv": [0.3, 0.375, 15.575, 9.075], "texture": "#10"},
				"up": {"uv": [0.3, 0.375, 3.425, 15.275], "texture": "#10"},
				"down": {"uv": [0.3, 0.375, 15.675, 15.775], "texture": "#10"}
			}
		},
		{
			"from": [10.9, 4.95, 6.325],
			"to": [11.9, 6.7, 10.7],
			"faces": {
				"north": {"uv": [0, 0, 6.675, 16], "texture": "#10"},
				"east": {"uv": [0.3, 0.375, 15.575, 8], "texture": "#10"},
				"south": {"uv": [10.3, 0, 16, 16], "texture": "#10"},
				"west": {"uv": [4.3, 4.375, 12.425, 12.525], "texture": "#10"},
				"up": {"uv": [11.175, 0.375, 15.675, 15.5], "texture": "#10"},
				"down": {"uv": [0.3, 0.375, 15.675, 15.775], "texture": "#10"}
			}
		},
		{
			"from": [5.25, 5, 11.75],
			"to": [9.75, 6.75, 12.75],
			"faces": {
				"north": {"uv": [5, 5.275, 13.725, 11.425], "texture": "#10"},
				"east": {"uv": [0.225, 0.3, 9.1, 15.35], "texture": "#10"},
				"south": {"uv": [0.3, 0.35, 15.675, 8.525], "texture": "#10"},
				"west": {"uv": [6.9, 0.375, 15.725, 15.475], "texture": "#10"},
				"up": {"uv": [0.3, 12.5, 15.65, 15.725], "texture": "#10"},
				"down": {"uv": [0.3, 7.35, 15.675, 14.775], "texture": "#10"}
			}
		},
		{
			"from": [5.25, 5, 4.275],
			"to": [9.75, 6.75, 5.275],
			"faces": {
				"north": {"uv": [0.3, 0.35, 15.675, 8.525], "texture": "#10"},
				"east": {"uv": [7.125, 0, 16, 16], "texture": "#10"},
				"south": {"uv": [3.025, 5.425, 12.975, 11.775], "texture": "#10"},
				"west": {"uv": [0, 0, 8.825, 16], "texture": "#10"},
				"up": {"uv": [0.35, 0, 15.225, 3.525], "texture": "#10"},
				"down": {"uv": [0.3, 7.35, 15.675, 14.775], "texture": "#10"}
			}
		}
	],
	"display": {
		"thirdperson_righthand": {
			"translation": [0, 2.75, 0],
			"scale": [0.6, 0.6, 0.6]
		},
		"thirdperson_lefthand": {
			"translation": [0, 3, 0],
			"scale": [0.6, 0.6, 0.6]
		},
		"firstperson_righthand": {
			"translation": [0, 3.75, 0]
		},
		"firstperson_lefthand": {
			"translation": [0, 4.75, 0]
		},
		"head": {
			"translation": [0.5, 16, 0],
			"scale": [1.4, 1.4, 1.4]
		}
	},
	"groups": [
		{
			"name": "group",
			"origin": [0, 0, 0],
			"color": 0,
			"children": [0, 1, 2, 3, 4]
		},
		{
			"name": "group",
			"origin": [7.5, 8, 14.5],
			"color": 0,
			"children": [5, 6, 7, 8, 9, 10, 11, 12]
		},
		{
			"name": "group",
			"origin": [7.5, 8, 14.5],
			"color": 0,
			"children": [13, 14, 15, 16, 17, 18, 19, 20]
		},
		{
			"name": "group",
			"origin": [7.5, 8, 14.5],
			"color": 0,
			"children": [21, 22, 23, 24, 25, 26, 27, 28]
		},
		{
			"name": "group",
			"origin": [7.5, 8, 14.5],
			"color": 0,
			"children": [29, 30, 31, 32, 33, 34, 35, 36]
		},
		37,
		{
			"name": "group",
			"origin": [0, 0, 0],
			"color": 0,
			"children": [38, 39, 40, 41, 42, 43, 44, 45, 46, 47, 48, 49, 50, 51, 52, 53, 54, 55, 56, 57, 58, 59, 60, 61, 62, 63, 64]
		},
		{
			"name": "group",
			"origin": [0, 0, 0],
			"color": 0,
			"children": [65, 66, 67, 68, 69, 70, 71, 72, 73, 74, 75, 76, 77, 78, 79, 80, 81, 82, 83, 84, 85, 86, 87, 88, 89, 90, 91]
		},
		{
			"name": "group",
			"origin": [0, 0, 0],
			"color": 0,
			"children": [92, 93, 94, 95, 96, 97, 98, 99, 100, 101, 102, 103, 104, 105, 106, 107, 108, 109, 110, 111, 112, 113, 114, 115, 116, 117, 118]
		},
		{
			"name": "group",
			"origin": [0, 0, 0],
			"color": 0,
			"children": [119, 120, 121, 122, 123, 124, 125, 126, 127, 128, 129, 130, 131, 132, 133, 134, 135, 136, 137, 138, 139, 140, 141, 142, 143, 144, 145]
		},
		146,
		147,
		148,
		149,
		150,
		151
	]
}