{
	"credit": "Made with Blockbench",
	"parent": "carved_pumpkin",
	"textures": {
		"0": "block/glass",
		"1": "block/end_stone",
		"5": "block/chorus_plant",
		"particle": "block/glass"
	},
	"elements": [
		{
			"from": [9, 10, 6],
			"to": [11, 11, 7],
			"faces": {
				"north": {"uv": [0, 0, 2, 1], "texture": "#5"},
				"east": {"uv": [0, 0, 1, 1], "texture": "#5"},
				"south": {"uv": [0, 0, 2, 1], "texture": "#5"},
				"west": {"uv": [0, 0, 1, 1], "texture": "#5"},
				"up": {"uv": [0, 0, 2, 1], "texture": "#5"},
				"down": {"uv": [0, 0, 2, 1], "texture": "#5"}
			}
		},
		{
			"from": [6, 10, 5],
			"to": [9, 11, 6],
			"faces": {
				"north": {"uv": [0, 0, 3, 1], "texture": "#5"},
				"east": {"uv": [0, 0, 1, 1], "texture": "#5"},
				"south": {"uv": [0, 0, 3, 1], "texture": "#5"},
				"west": {"uv": [0, 0, 1, 1], "texture": "#5"},
				"up": {"uv": [0, 0, 3, 1], "texture": "#5"},
				"down": {"uv": [0, 0, 3, 1], "texture": "#5"}
			}
		},
		{
			"from": [4, 10, 6],
			"to": [6, 11, 7],
			"faces": {
				"north": {"uv": [0, 0, 2, 1], "texture": "#5"},
				"east": {"uv": [0, 0, 1, 1], "texture": "#5"},
				"south": {"uv": [0, 0, 2, 1], "texture": "#5"},
				"west": {"uv": [0, 0, 1, 1], "texture": "#5"},
				"up": {"uv": [0, 0, 2, 1], "texture": "#5"},
				"down": {"uv": [0, 0, 2, 1], "texture": "#5"}
			}
		},
		{
			"from": [3, 10, 7],
			"to": [4, 11, 10],
			"faces": {
				"north": {"uv": [0, 0, 1, 1], "texture": "#5"},
				"east": {"uv": [0, 0, 3, 1], "texture": "#5"},
				"south": {"uv": [0, 0, 1, 1], "texture": "#5"},
				"west": {"uv": [0, 0, 3, 1], "texture": "#5"},
				"up": {"uv": [0, 0, 1, 3], "texture": "#5"},
				"down": {"uv": [0, 0, 1, 3], "texture": "#5"}
			}
		},
		{
			"from": [4, 10, 10],
			"to": [6, 11, 11],
			"faces": {
				"north": {"uv": [0, 0, 2, 1], "texture": "#5"},
				"east": {"uv": [0, 0, 1, 1], "texture": "#5"},
				"south": {"uv": [0, 0, 2, 1], "texture": "#5"},
				"west": {"uv": [0, 0, 1, 1], "texture": "#5"},
				"up": {"uv": [0, 0, 2, 1], "texture": "#5"},
				"down": {"uv": [0, 0, 2, 1], "texture": "#5"}
			}
		},
		{
			"from": [6, 10, 11],
			"to": [9, 11, 12],
			"faces": {
				"north": {"uv": [0, 0, 3, 1], "texture": "#5"},
				"east": {"uv": [0, 0, 1, 1], "texture": "#5"},
				"south": {"uv": [0, 0, 3, 1], "texture": "#5"},
				"west": {"uv": [0, 0, 1, 1], "texture": "#5"},
				"up": {"uv": [0, 0, 3, 1], "texture": "#5"},
				"down": {"uv": [0, 0, 3, 1], "texture": "#5"}
			}
		},
		{
			"from": [9, 10, 10],
			"to": [11, 11, 11],
			"faces": {
				"north": {"uv": [0, 0, 2, 1], "texture": "#5"},
				"east": {"uv": [0, 0, 1, 1], "texture": "#5"},
				"south": {"uv": [0, 0, 2, 1], "texture": "#5"},
				"west": {"uv": [0, 0, 1, 1], "texture": "#5"},
				"up": {"uv": [0, 0, 2, 1], "texture": "#5"},
				"down": {"uv": [0, 0, 2, 1], "texture": "#5"}
			}
		},
		{
			"from": [11, 10, 7],
			"to": [12, 11, 10],
			"faces": {
				"north": {"uv": [0, 0, 1, 1], "texture": "#5"},
				"east": {"uv": [0, 0, 3, 1], "texture": "#5"},
				"south": {"uv": [0, 0, 1, 1], "texture": "#5"},
				"west": {"uv": [0, 0, 3, 1], "texture": "#5"},
				"up": {"uv": [0, 0, 1, 3], "texture": "#5"},
				"down": {"uv": [0, 0, 1, 3], "texture": "#5"}
			}
		},
		{
			"from": [9, 7, 6],
			"to": [11, 8, 7],
			"faces": {
				"north": {"uv": [0, 0, 2, 1], "texture": "#5"},
				"east": {"uv": [0, 0, 1, 1], "texture": "#5"},
				"south": {"uv": [0, 0, 2, 1], "texture": "#5"},
				"west": {"uv": [0, 0, 1, 1], "texture": "#5"},
				"up": {"uv": [0, 0, 2, 1], "texture": "#5"},
				"down": {"uv": [0, 0, 2, 1], "texture": "#5"}
			}
		},
		{
			"from": [6, 7, 5],
			"to": [9, 8, 6],
			"faces": {
				"north": {"uv": [0, 0, 3, 1], "texture": "#5"},
				"east": {"uv": [0, 0, 1, 1], "texture": "#5"},
				"south": {"uv": [0, 0, 3, 1], "texture": "#5"},
				"west": {"uv": [0, 0, 1, 1], "texture": "#5"},
				"up": {"uv": [0, 0, 3, 1], "texture": "#5"},
				"down": {"uv": [0, 0, 3, 1], "texture": "#5"}
			}
		},
		{
			"from": [4, 7, 6],
			"to": [6, 8, 7],
			"faces": {
				"north": {"uv": [0, 0, 2, 1], "texture": "#5"},
				"east": {"uv": [0, 0, 1, 1], "texture": "#5"},
				"south": {"uv": [0, 0, 2, 1], "texture": "#5"},
				"west": {"uv": [0, 0, 1, 1], "texture": "#5"},
				"up": {"uv": [0, 0, 2, 1], "texture": "#5"},
				"down": {"uv": [0, 0, 2, 1], "texture": "#5"}
			}
		},
		{
			"from": [3, 7, 7],
			"to": [4, 8, 10],
			"faces": {
				"north": {"uv": [0, 0, 1, 1], "texture": "#5"},
				"east": {"uv": [0, 0, 3, 1], "texture": "#5"},
				"south": {"uv": [0, 0, 1, 1], "texture": "#5"},
				"west": {"uv": [0, 0, 3, 1], "texture": "#5"},
				"up": {"uv": [0, 0, 1, 3], "texture": "#5"},
				"down": {"uv": [0, 0, 1, 3], "texture": "#5"}
			}
		},
		{
			"from": [4, 7, 10],
			"to": [6, 8, 11],
			"faces": {
				"north": {"uv": [0, 0, 2, 1], "texture": "#5"},
				"east": {"uv": [0, 0, 1, 1], "texture": "#5"},
				"south": {"uv": [0, 0, 2, 1], "texture": "#5"},
				"west": {"uv": [0, 0, 1, 1], "texture": "#5"},
				"up": {"uv": [0, 0, 2, 1], "texture": "#5"},
				"down": {"uv": [0, 0, 2, 1], "texture": "#5"}
			}
		},
		{
			"from": [6, 7, 11],
			"to": [9, 8, 12],
			"faces": {
				"north": {"uv": [0, 0, 3, 1], "texture": "#5"},
				"east": {"uv": [0, 0, 1, 1], "texture": "#5"},
				"south": {"uv": [0, 0, 3, 1], "texture": "#5"},
				"west": {"uv": [0, 0, 1, 1], "texture": "#5"},
				"up": {"uv": [0, 0, 3, 1], "texture": "#5"},
				"down": {"uv": [0, 0, 3, 1], "texture": "#5"}
			}
		},
		{
			"from": [9, 7, 10],
			"to": [11, 8, 11],
			"faces": {
				"north": {"uv": [0, 0, 2, 1], "texture": "#5"},
				"east": {"uv": [0, 0, 1, 1], "texture": "#5"},
				"south": {"uv": [0, 0, 2, 1], "texture": "#5"},
				"west": {"uv": [0, 0, 1, 1], "texture": "#5"},
				"up": {"uv": [0, 0, 2, 1], "texture": "#5"},
				"down": {"uv": [0, 0, 2, 1], "texture": "#5"}
			}
		},
		{
			"from": [11, 7, 7],
			"to": [12, 8, 10],
			"faces": {
				"north": {"uv": [0, 0, 1, 1], "texture": "#5"},
				"east": {"uv": [0, 0, 3, 1], "texture": "#5"},
				"south": {"uv": [0, 0, 1, 1], "texture": "#5"},
				"west": {"uv": [0, 0, 3, 1], "texture": "#5"},
				"up": {"uv": [0, 0, 1, 3], "texture": "#5"},
				"down": {"uv": [0, 0, 1, 3], "texture": "#5"}
			}
		},
		{
			"from": [9, 3, 6],
			"to": [11, 4, 7],
			"faces": {
				"north": {"uv": [0, 0, 2, 1], "texture": "#5"},
				"east": {"uv": [0, 0, 1, 1], "texture": "#5"},
				"south": {"uv": [0, 0, 2, 1], "texture": "#5"},
				"west": {"uv": [0, 0, 1, 1], "texture": "#5"},
				"up": {"uv": [0, 0, 2, 1], "texture": "#5"},
				"down": {"uv": [0, 0, 2, 1], "texture": "#5"}
			}
		},
		{
			"from": [6, 3, 5],
			"to": [9, 4, 6],
			"faces": {
				"north": {"uv": [0, 0, 3, 1], "texture": "#5"},
				"east": {"uv": [0, 0, 1, 1], "texture": "#5"},
				"south": {"uv": [0, 0, 3, 1], "texture": "#5"},
				"west": {"uv": [0, 0, 1, 1], "texture": "#5"},
				"up": {"uv": [0, 0, 3, 1], "texture": "#5"},
				"down": {"uv": [0, 0, 3, 1], "texture": "#5"}
			}
		},
		{
			"from": [4, 3, 6],
			"to": [6, 4, 7],
			"faces": {
				"north": {"uv": [0, 0, 2, 1], "texture": "#5"},
				"east": {"uv": [0, 0, 1, 1], "texture": "#5"},
				"south": {"uv": [0, 0, 2, 1], "texture": "#5"},
				"west": {"uv": [0, 0, 1, 1], "texture": "#5"},
				"up": {"uv": [0, 0, 2, 1], "texture": "#5"},
				"down": {"uv": [0, 0, 2, 1], "texture": "#5"}
			}
		},
		{
			"from": [3, 3, 7],
			"to": [4, 4, 10],
			"faces": {
				"north": {"uv": [0, 0, 1, 1], "texture": "#5"},
				"east": {"uv": [0, 0, 3, 1], "texture": "#5"},
				"south": {"uv": [0, 0, 1, 1], "texture": "#5"},
				"west": {"uv": [0, 0, 3, 1], "texture": "#5"},
				"up": {"uv": [0, 0, 1, 3], "texture": "#5"},
				"down": {"uv": [0, 0, 1, 3], "texture": "#5"}
			}
		},
		{
			"from": [4, 3, 10],
			"to": [6, 4, 11],
			"faces": {
				"north": {"uv": [0, 0, 2, 1], "texture": "#5"},
				"east": {"uv": [0, 0, 1, 1], "texture": "#5"},
				"south": {"uv": [0, 0, 2, 1], "texture": "#5"},
				"west": {"uv": [0, 0, 1, 1], "texture": "#5"},
				"up": {"uv": [0, 0, 2, 1], "texture": "#5"},
				"down": {"uv": [0, 0, 2, 1], "texture": "#5"}
			}
		},
		{
			"from": [6, 3, 11],
			"to": [9, 4, 12],
			"faces": {
				"north": {"uv": [0, 0, 3, 1], "texture": "#5"},
				"east": {"uv": [0, 0, 1, 1], "texture": "#5"},
				"south": {"uv": [0, 0, 3, 1], "texture": "#5"},
				"west": {"uv": [0, 0, 1, 1], "texture": "#5"},
				"up": {"uv": [0, 0, 3, 1], "texture": "#5"},
				"down": {"uv": [0, 0, 3, 1], "texture": "#5"}
			}
		},
		{
			"from": [9, 3, 10],
			"to": [11, 4, 11],
			"faces": {
				"north": {"uv": [0, 0, 2, 1], "texture": "#5"},
				"east": {"uv": [0, 0, 1, 1], "texture": "#5"},
				"south": {"uv": [0, 0, 2, 1], "texture": "#5"},
				"west": {"uv": [0, 0, 1, 1], "texture": "#5"},
				"up": {"uv": [0, 0, 2, 1], "texture": "#5"},
				"down": {"uv": [0, 0, 2, 1], "texture": "#5"}
			}
		},
		{
			"from": [11, 3, 7],
			"to": [12, 4, 10],
			"faces": {
				"north": {"uv": [0, 0, 1, 1], "texture": "#5"},
				"east": {"uv": [0, 0, 3, 1], "texture": "#5"},
				"south": {"uv": [0, 0, 1, 1], "texture": "#5"},
				"west": {"uv": [0, 0, 3, 1], "texture": "#5"},
				"up": {"uv": [0, 0, 1, 3], "texture": "#5"},
				"down": {"uv": [0, 0, 1, 3], "texture": "#5"}
			}
		},
		{
			"from": [6, 0, 6],
			"to": [9, 13, 9],
			"faces": {
				"north": {"uv": [0, 0, 3, 13], "texture": "#1"},
				"east": {"uv": [0, 0, 3, 13], "texture": "#1"},
				"south": {"uv": [0, 0, 3, 13], "texture": "#1"},
				"west": {"uv": [0, 0, 3, 13], "texture": "#1"},
				"up": {"uv": [0, 0, 3, 3], "texture": "#1"},
				"down": {"uv": [0, 0, 3, 3], "texture": "#1"}
			}
		},
		{
			"from": [6, 0, 8],
			"to": [9, 13, 11],
			"faces": {
				"north": {"uv": [0, 0, 3, 13], "texture": "#1"},
				"east": {"uv": [0, 0, 3, 13], "texture": "#1"},
				"south": {"uv": [0, 0, 3, 13], "texture": "#1"},
				"west": {"uv": [0, 0, 3, 13], "texture": "#1"},
				"up": {"uv": [0, 0, 3, 3], "texture": "#1"},
				"down": {"uv": [0, 0, 3, 3], "texture": "#1"}
			}
		},
		{
			"from": [8, 0, 7],
			"to": [11, 13, 10],
			"faces": {
				"north": {"uv": [0, 0, 3, 13], "texture": "#1"},
				"east": {"uv": [0, 0, 3, 13], "texture": "#1"},
				"south": {"uv": [0, 0, 3, 13], "texture": "#1"},
				"west": {"uv": [0, 0, 3, 13], "texture": "#1"},
				"up": {"uv": [0, 0, 3, 3], "texture": "#1"},
				"down": {"uv": [0, 0, 3, 3], "texture": "#1"}
			}
		},
		{
			"from": [4, 0, 7],
			"to": [7, 13, 10],
			"faces": {
				"north": {"uv": [0, 0, 3, 13], "texture": "#1"},
				"east": {"uv": [0, 0, 3, 13], "texture": "#1"},
				"south": {"uv": [0, 0, 3, 13], "texture": "#1"},
				"west": {"uv": [0, 0, 3, 13], "texture": "#1"},
				"up": {"uv": [0, 0, 3, 3], "texture": "#1"},
				"down": {"uv": [0, 0, 3, 3], "texture": "#1"}
			}
		},
		{
			"from": [6.3, 13, 7],
			"to": [8.8, 14, 9.5],
			"faces": {
				"north": {"uv": [0, 0, 2.5, 1], "texture": "#5"},
				"east": {"uv": [0, 0, 2.5, 1], "texture": "#5"},
				"south": {"uv": [0, 0, 2.5, 1], "texture": "#5"},
				"west": {"uv": [0, 0, 2.5, 1], "texture": "#5"},
				"up": {"uv": [0, 0, 2.5, 2.5], "texture": "#5"},
				"down": {"uv": [0, 0, 2.5, 2.5], "texture": "#5"}
			}
		},
		{
			"from": [6.8, 13.75, 6],
			"to": [8.3, 15.75, 8.5],
			"faces": {
				"north": {"uv": [0, 0, 1.5, 2], "texture": "#5"},
				"east": {"uv": [0, 0, 2.5, 2], "texture": "#5"},
				"south": {"uv": [0, 0, 1.5, 2], "texture": "#5"},
				"west": {"uv": [0, 0, 2.5, 2], "texture": "#5"},
				"up": {"uv": [0, 0, 1.5, 2.5], "texture": "#5"},
				"down": {"uv": [0, 0, 1.5, 2.5], "texture": "#5"}
			}
		},
		{
			"from": [6.55, 13.5, -1],
			"to": [8.55, 15.5, 1.5],
			"faces": {
				"north": {"uv": [0, 0, 2, 2], "texture": "#5"},
				"east": {"uv": [0, 0, 2.5, 2], "texture": "#5"},
				"south": {"uv": [0, 0, 2, 2], "texture": "#5"},
				"west": {"uv": [0, 0, 2.5, 2], "texture": "#5"},
				"up": {"uv": [0, 0, 2, 2.5], "texture": "#5"},
				"down": {"uv": [0, 0, 2, 2.5], "texture": "#5"}
			}
		},
		{
			"from": [6.8, 12.75, 0.2],
			"to": [8.3, 13.75, 7.15],
			"faces": {
				"north": {"uv": [0, 0, 1.5, 1], "texture": "#5"},
				"east": {"uv": [0, 0, 6.95, 1], "texture": "#5"},
				"south": {"uv": [0, 0, 1.5, 1], "texture": "#5"},
				"west": {"uv": [0, 0, 6.95, 1], "texture": "#5"},
				"up": {"uv": [0, 0, 1.5, 6.95], "texture": "#5"},
				"down": {"uv": [0, 0, 1.5, 6.95], "texture": "#5"}
			}
		},
		{
			"from": [3.5, 12.5, -1],
			"to": [11.5, 20.5, 7],
			"faces": {
				"north": {"uv": [1, 1, 15, 15], "texture": "#0"},
				"east": {"uv": [1, 1, 15, 15], "texture": "#0"},
				"south": {"uv": [1, 1, 15, 15], "texture": "#0"},
				"west": {"uv": [1, 1, 15, 15], "texture": "#0"},
				"up": {"uv": [1, 1, 15, 15], "texture": "#0"},
				"down": {"uv": [1, 1, 15, 15], "texture": "#0"}
			}
		},
		{
			"from": [3, 20, -1.5],
			"to": [4, 21, 7.5],
			"faces": {
				"north": {"uv": [0, 0, 1, 1], "texture": "#5"},
				"east": {"uv": [0, 0, 9, 1], "texture": "#5"},
				"south": {"uv": [0, 0, 1, 1], "texture": "#5"},
				"west": {"uv": [0, 0, 9, 1], "texture": "#5"},
				"up": {"uv": [0, 0, 1, 9], "texture": "#5"},
				"down": {"uv": [0, 0, 1, 9], "texture": "#5"}
			}
		},
		{
			"from": [3, 12, -1.5],
			"to": [4, 13, 7.5],
			"faces": {
				"north": {"uv": [0, 0, 1, 1], "texture": "#5"},
				"east": {"uv": [0, 0, 9, 1], "texture": "#5"},
				"south": {"uv": [0, 0, 1, 1], "texture": "#5"},
				"west": {"uv": [0, 0, 9, 1], "texture": "#5"},
				"up": {"uv": [0, 0, 1, 9], "texture": "#5"},
				"down": {"uv": [0, 0, 1, 9], "texture": "#5"}
			}
		},
		{
			"from": [3, 13, -1.5],
			"to": [4, 20, -0.5],
			"faces": {
				"north": {"uv": [0, 0, 1, 7], "texture": "#5"},
				"east": {"uv": [0, 0, 1, 7], "texture": "#5"},
				"south": {"uv": [0, 0, 1, 7], "texture": "#5"},
				"west": {"uv": [0, 0, 1, 7], "texture": "#5"},
				"up": {"uv": [0, 0, 1, 1], "texture": "#5"},
				"down": {"uv": [0, 0, 1, 1], "texture": "#5"}
			}
		},
		{
			"from": [3, 13, 6.5],
			"to": [4, 20, 7.5],
			"faces": {
				"north": {"uv": [0, 0, 1, 7], "texture": "#5"},
				"east": {"uv": [0, 0, 1, 7], "texture": "#5"},
				"south": {"uv": [0, 0, 1, 7], "texture": "#5"},
				"west": {"uv": [0, 0, 1, 7], "texture": "#5"},
				"up": {"uv": [0, 0, 1, 1], "texture": "#5"},
				"down": {"uv": [0, 0, 1, 1], "texture": "#5"}
			}
		},
		{
			"from": [11, 13, 6.5],
			"to": [12, 20, 7.5],
			"faces": {
				"north": {"uv": [0, 0, 1, 7], "texture": "#5"},
				"east": {"uv": [0, 0, 1, 7], "texture": "#5"},
				"south": {"uv": [0, 0, 1, 7], "texture": "#5"},
				"west": {"uv": [0, 0, 1, 7], "texture": "#5"},
				"up": {"uv": [0, 0, 1, 1], "texture": "#5"},
				"down": {"uv": [0, 0, 1, 1], "texture": "#5"}
			}
		},
		{
			"from": [11, 13, -1.5],
			"to": [12, 20, -0.5],
			"faces": {
				"north": {"uv": [0, 0, 1, 7], "texture": "#5"},
				"east": {"uv": [0, 0, 1, 7], "texture": "#5"},
				"south": {"uv": [0, 0, 1, 7], "texture": "#5"},
				"west": {"uv": [0, 0, 1, 7], "texture": "#5"},
				"up": {"uv": [0, 0, 1, 1], "texture": "#5"},
				"down": {"uv": [0, 0, 1, 1], "texture": "#5"}
			}
		},
		{
			"from": [11, 12, -1.5],
			"to": [12, 13, 7.5],
			"faces": {
				"north": {"uv": [0, 0, 1, 1], "texture": "#5"},
				"east": {"uv": [0, 0, 9, 1], "texture": "#5"},
				"south": {"uv": [0, 0, 1, 1], "texture": "#5"},
				"west": {"uv": [0, 0, 9, 1], "texture": "#5"},
				"up": {"uv": [0, 0, 1, 9], "texture": "#5"},
				"down": {"uv": [0, 0, 1, 9], "texture": "#5"}
			}
		},
		{
			"from": [11, 20, -1.5],
			"to": [12, 21, 7.5],
			"faces": {
				"north": {"uv": [0, 0, 1, 1], "texture": "#5"},
				"east": {"uv": [0, 0, 9, 1], "texture": "#5"},
				"south": {"uv": [0, 0, 1, 1], "texture": "#5"},
				"west": {"uv": [0, 0, 9, 1], "texture": "#5"},
				"up": {"uv": [0, 0, 1, 9], "texture": "#5"},
				"down": {"uv": [0, 0, 1, 9], "texture": "#5"}
			}
		},
		{
			"from": [4, 20, -1.5],
			"to": [11, 21, -0.5],
			"faces": {
				"north": {"uv": [0, 0, 7, 1], "texture": "#5"},
				"east": {"uv": [0, 0, 1, 1], "texture": "#5"},
				"south": {"uv": [0, 0, 7, 1], "texture": "#5"},
				"west": {"uv": [0, 0, 1, 1], "texture": "#5"},
				"up": {"uv": [0, 0, 7, 1], "texture": "#5"},
				"down": {"uv": [0, 0, 7, 1], "texture": "#5"}
			}
		},
		{
			"from": [4, 20, 6.5],
			"to": [11, 21, 7.5],
			"faces": {
				"north": {"uv": [0, 0, 7, 1], "texture": "#5"},
				"east": {"uv": [0, 0, 1, 1], "texture": "#5"},
				"south": {"uv": [0, 0, 7, 1], "texture": "#5"},
				"west": {"uv": [0, 0, 1, 1], "texture": "#5"},
				"up": {"uv": [0, 0, 7, 1], "texture": "#5"},
				"down": {"uv": [0, 0, 7, 1], "texture": "#5"}
			}
		},
		{
			"from": [4, 12, 6.5],
			"to": [11, 13, 7.5],
			"faces": {
				"north": {"uv": [0, 0, 7, 1], "texture": "#5"},
				"east": {"uv": [0, 0, 1, 1], "texture": "#5"},
				"south": {"uv": [0, 0, 7, 1], "texture": "#5"},
				"west": {"uv": [0, 0, 1, 1], "texture": "#5"},
				"up": {"uv": [0, 0, 7, 1], "texture": "#5"},
				"down": {"uv": [0, 0, 7, 1], "texture": "#5"}
			}
		},
		{
			"from": [4, 12, -1.5],
			"to": [11, 13, -0.5],
			"faces": {
				"north": {"uv": [0, 0, 7, 1], "texture": "#5"},
				"east": {"uv": [0, 0, 1, 1], "texture": "#5"},
				"south": {"uv": [0, 0, 7, 1], "texture": "#5"},
				"west": {"uv": [0, 0, 1, 1], "texture": "#5"},
				"up": {"uv": [0, 0, 7, 1], "texture": "#5"},
				"down": {"uv": [0, 0, 7, 1], "texture": "#5"}
			}
		}
	],
	"display": {
		"thirdperson_righthand": {
			"scale": [0.5, 0.5, 0.5]
		},
		"thirdperson_lefthand": {
			"scale": [0.5, 0.5, 0.5]
		},
		"firstperson_righthand": {
			"rotation": [0, 108, 0],
			"translation": [0, 3, 0.25],
			"scale": [0.5, 0.5, 0.5]
		},
		"firstperson_lefthand": {
			"rotation": [0, 124, 0],
			"translation": [2.25, 2, -1.5],
			"scale": [0.5, 0.5, 0.5]
		},
		"ground": {
			"translation": [0, 2, 0],
			"scale": [0.5, 0.5, 0.5]
		},
		"gui": {
			"rotation": [145.42, 21.57, -135.9],
			"translation": [-0.5, -3, 0],
			"scale": [0.75, 0.75, 0.75]
		},
		"head": {
			"translation": [1, -17.5, 9.25],
			"scale": [2, 2, 2]
		},
		"fixed": {
			"translation": [0, 0, -2]
		}
	},
	"groups": [
		{
			"name": "group",
			"origin": [0, 0, 0],
			"color": 0,
			"children": [
				{
					"name": "group",
					"origin": [0, 0, 0],
					"color": 0,
					"children": [0, 1, 2, 3, 4, 5, 6, 7]
				},
				{
					"name": "group",
					"origin": [0, 0, 0],
					"color": 0,
					"children": [8, 9, 10, 11, 12, 13, 14, 15]
				},
				{
					"name": "group",
					"origin": [0, 0, 0],
					"color": 0,
					"children": [16, 17, 18, 19, 20, 21, 22, 23]
				},
				{
					"name": "group",
					"origin": [0, 0, 0],
					"color": 0,
					"children": [24, 25, 26, 27]
				}
			]
		},
		{
			"name": "group",
			"origin": [0, 0, 0],
			"color": 0,
			"children": [28, 29, 30, 31]
		},
		32,
		{
			"name": "group",
			"origin": [0, 0, 0],
			"color": 0,
			"children": [33, 34, 35, 36, 37, 38, 39, 40, 41, 42, 43, 44]
		}
	]
}