{
	"format_version": "1.9.0",
	"credit": "Made with Blockbench",
	"texture_size": [64, 64],
	"textures": {
		"0": "block/custom/sunflower_hat",
		"particle": "block/custom/sunflower_hat"
	},
	"elements": [
		{
			"name": "center",
			"from": [3.25, 4, 3.25],
			"to": [12.75, 9, 12.75],
			"rotation": {"angle": 0, "axis": "y", "origin": [4, 5, 4]},
			"faces": {
				"north": {"uv": [0.008, 8.508, 2.492, 9.742], "texture": "#0"},
				"east": {"uv": [6.008, 8.508, 8.492, 9.742], "texture": "#0"},
				"south": {"uv": [8.508, 6.008, 10.992, 7.242], "texture": "#0"},
				"west": {"uv": [8.508, 7.258, 10.992, 8.492], "texture": "#0"},
				"up": {"uv": [2.492, 8.492, 0.008, 6.008], "texture": "#0"},
				"down": {"uv": [8.492, 6.008, 6.008, 8.492], "texture": "#0"}
			}
		},
		{
			"from": [-0.75, 0.98, -4.25],
			"to": [5.25, 4.98, -4.25],
			"rotation": {"angle": -45, "axis": "y", "origin": [4.25, 3, 14.75]},
			"faces": {
				"north": {"uv": [8.508, 9.508, 9.992, 10.492], "texture": "#0"},
				"east": {"uv": [-0.275, 0.008, -0.525, 0.992], "texture": "#0"},
				"south": {"uv": [8.508, 9.508, 9.992, 10.492], "texture": "#0"},
				"west": {"uv": [-0.275, 0.008, -0.525, 0.992], "texture": "#0"},
				"up": {"uv": [1.492, -0.275, 0.008, -0.525], "texture": "#0"},
				"down": {"uv": [1.492, -0.275, 0.008, -0.525], "texture": "#0"}
			}
		},
		{
			"from": [-0.75, 0.98, 18.75],
			"to": [5.25, 4.98, 18.75],
			"rotation": {"angle": -45, "axis": "y", "origin": [4.25, 3, 14.75]},
			"faces": {
				"north": {"uv": [8.508, 9.508, 9.992, 10.492], "texture": "#0"},
				"east": {"uv": [-0.275, 0.008, -0.525, 0.992], "texture": "#0"},
				"south": {"uv": [8.508, 9.508, 9.992, 10.492], "texture": "#0"},
				"west": {"uv": [-0.275, 0.008, -0.525, 0.992], "texture": "#0"},
				"up": {"uv": [1.492, -0.275, 0.008, -0.525], "texture": "#0"},
				"down": {"uv": [1.492, -0.275, 0.008, -0.525], "texture": "#0"}
			}
		},
		{
			"from": [-0.75, 4.97, -4.25],
			"to": [5.25, 4.97, 18.75],
			"rotation": {"angle": -45, "axis": "y", "origin": [4.25, 3, 14.75]},
			"faces": {
				"north": {"uv": [0.008, -0.275, 1.492, -0.525], "texture": "#0"},
				"east": {"uv": [0.008, -0.275, 5.742, -0.525], "texture": "#0"},
				"south": {"uv": [0.008, -0.275, 1.492, -0.525], "texture": "#0"},
				"west": {"uv": [0.008, -0.275, 5.742, -0.525], "texture": "#0"},
				"up": {"uv": [8.992, 1.484, 3.008, 0.015], "rotation": 90, "texture": "#0"},
				"down": {"uv": [3.008, 1.492, 8.992, 0.008], "rotation": 90, "texture": "#0"}
			}
		},
		{
			"from": [20, 1, 5],
			"to": [20, 5, 11],
			"rotation": {"angle": 0, "axis": "y", "origin": [2, 3, 8]},
			"faces": {
				"north": {"uv": [-0.275, 0.008, -0.525, 0.992], "texture": "#0"},
				"east": {"uv": [8.508, 9.508, 9.992, 10.492], "texture": "#0"},
				"south": {"uv": [-0.275, 0.008, -0.525, 0.992], "texture": "#0"},
				"west": {"uv": [0.008, 9.758, 1.492, 10.742], "texture": "#0"},
				"up": {"uv": [-0.275, 1.492, -0.525, 0.008], "texture": "#0"},
				"down": {"uv": [-0.275, 0.008, -0.525, 1.492], "texture": "#0"}
			}
		},
		{
			"from": [-4, 1, 5],
			"to": [-4, 5, 11],
			"rotation": {"angle": 0, "axis": "y", "origin": [-22, 3, 8]},
			"faces": {
				"north": {"uv": [-0.275, 0.008, -0.525, 0.992], "texture": "#0"},
				"east": {"uv": [8.508, 9.508, 9.992, 10.492], "texture": "#0"},
				"south": {"uv": [-0.275, 0.008, -0.525, 0.992], "texture": "#0"},
				"west": {"uv": [0.008, 9.758, 1.492, 10.742], "texture": "#0"},
				"up": {"uv": [-0.275, 1.492, -0.525, 0.008], "texture": "#0"},
				"down": {"uv": [-0.275, 0.008, -0.525, 1.492], "texture": "#0"}
			}
		},
		{
			"from": [-4, 5, 5],
			"to": [20, 5, 11],
			"rotation": {"angle": 0, "axis": "y", "origin": [2, 3, 8]},
			"faces": {
				"north": {"uv": [0.008, -0.275, 5.992, -0.525], "texture": "#0"},
				"east": {"uv": [0.008, -0.275, 1.492, -0.525], "texture": "#0"},
				"south": {"uv": [0.008, -0.275, 5.992, -0.525], "texture": "#0"},
				"west": {"uv": [0.008, -0.275, 1.492, -0.525], "texture": "#0"},
				"up": {"uv": [8.992, 1.492, 3.008, 0.008], "texture": "#0"},
				"down": {"uv": [8.992, 0.008, 3.008, 1.492], "texture": "#0"}
			}
		},
		{
			"from": [19.63909, 0.98, 5.03249],
			"to": [19.63909, 4.98, 11.03249],
			"rotation": {"angle": -45, "axis": "y", "origin": [8.13909, 4.98, 8.03249]},
			"faces": {
				"north": {"uv": [-0.275, 0.008, -0.525, 0.992], "texture": "#0"},
				"east": {"uv": [8.508, 9.508, 9.992, 10.492], "texture": "#0"},
				"south": {"uv": [-0.275, 0.008, -0.525, 0.992], "texture": "#0"},
				"west": {"uv": [8.508, 9.508, 9.992, 10.492], "texture": "#0"},
				"up": {"uv": [-0.275, 1.492, -0.525, 0.008], "texture": "#0"},
				"down": {"uv": [-0.275, 0.008, -0.525, 1.492], "texture": "#0"}
			}
		},
		{
			"from": [-3.36091, 4.96, 5.03249],
			"to": [19.63909, 4.96, 11.03249],
			"rotation": {"angle": -45, "axis": "y", "origin": [8.13909, 4.98, 8.03249]},
			"faces": {
				"north": {"uv": [0.008, -0.275, 5.742, -0.525], "texture": "#0"},
				"east": {"uv": [0.008, -0.275, 1.492, -0.525], "texture": "#0"},
				"south": {"uv": [0.008, -0.275, 5.742, -0.525], "texture": "#0"},
				"west": {"uv": [0.008, -0.275, 1.492, -0.525], "texture": "#0"},
				"up": {"uv": [8.992, 1.492, 3.008, 0.008], "texture": "#0"},
				"down": {"uv": [8.992, 0.008, 3.008, 1.492], "texture": "#0"}
			}
		},
		{
			"from": [-3.36091, 0.98, 5.03249],
			"to": [-3.36091, 4.98, 11.03249],
			"rotation": {"angle": -45, "axis": "y", "origin": [8.13909, 4.98, 8.03249]},
			"faces": {
				"north": {"uv": [-0.275, 0.008, -0.525, 0.992], "texture": "#0"},
				"east": {"uv": [8.508, 9.508, 9.992, 10.492], "texture": "#0"},
				"south": {"uv": [-0.275, 0.008, -0.525, 0.992], "texture": "#0"},
				"west": {"uv": [8.508, 9.508, 9.992, 10.492], "texture": "#0"},
				"up": {"uv": [-0.275, 1.492, -0.525, 0.008], "texture": "#0"},
				"down": {"uv": [-0.275, 0.008, -0.525, 1.492], "texture": "#0"}
			}
		},
		{
			"from": [5, 1, 20],
			"to": [11, 5, 20],
			"rotation": {"angle": 0, "axis": "y", "origin": [8, 3, 2]},
			"faces": {
				"north": {"uv": [0.008, 9.758, 1.492, 10.742], "texture": "#0"},
				"east": {"uv": [-0.275, 0.008, -0.525, 0.992], "texture": "#0"},
				"south": {"uv": [8.508, 9.508, 9.992, 10.492], "texture": "#0"},
				"west": {"uv": [-0.275, 0.008, -0.525, 0.992], "texture": "#0"},
				"up": {"uv": [-0.275, 1.492, -0.525, 0.008], "rotation": 90, "texture": "#0"},
				"down": {"uv": [-0.275, 0.008, -0.525, 1.492], "rotation": 270, "texture": "#0"}
			}
		},
		{
			"from": [5, 1, -4],
			"to": [11, 5, -4],
			"rotation": {"angle": 0, "axis": "y", "origin": [8, 3, -22]},
			"faces": {
				"north": {"uv": [0.008, 9.758, 1.492, 10.742], "texture": "#0"},
				"east": {"uv": [-0.275, 0.008, -0.525, 0.992], "texture": "#0"},
				"south": {"uv": [8.508, 9.508, 9.992, 10.492], "texture": "#0"},
				"west": {"uv": [-0.275, 0.008, -0.525, 0.992], "texture": "#0"},
				"up": {"uv": [-0.275, 1.492, -0.525, 0.008], "rotation": 90, "texture": "#0"},
				"down": {"uv": [-0.275, 0.008, -0.525, 1.492], "rotation": 270, "texture": "#0"}
			}
		},
		{
			"from": [5, 4.98, -4],
			"to": [11, 4.98, 20],
			"rotation": {"angle": 0, "axis": "y", "origin": [8, 3, 2]},
			"faces": {
				"north": {"uv": [0.008, -0.275, 1.492, -0.525], "texture": "#0"},
				"east": {"uv": [0.008, -0.275, 5.992, -0.525], "texture": "#0"},
				"south": {"uv": [0.008, -0.275, 1.492, -0.525], "texture": "#0"},
				"west": {"uv": [0.008, -0.275, 5.992, -0.525], "texture": "#0"},
				"up": {"uv": [8.992, 1.492, 3.008, 0.008], "rotation": 90, "texture": "#0"},
				"down": {"uv": [8.992, 0.008, 3.008, 1.492], "rotation": 270, "texture": "#0"}
			}
		},
		{
			"from": [5.13909, 4.51, -3.46751],
			"to": [11.13909, 4.51, 19.53249],
			"rotation": {"angle": 22.5, "axis": "y", "origin": [8.13909, 4.98, 8.03249]},
			"faces": {
				"north": {"uv": [0.008, -0.275, 1.492, -0.525], "texture": "#0"},
				"east": {"uv": [0.008, -0.275, 5.742, -0.525], "texture": "#0"},
				"south": {"uv": [0.008, -0.275, 1.492, -0.525], "texture": "#0"},
				"west": {"uv": [0.008, -0.275, 5.742, -0.525], "texture": "#0"},
				"up": {"uv": [8.992, 2.992, 3.008, 1.508], "rotation": 90, "texture": "#0"},
				"down": {"uv": [8.992, 1.508, 3.008, 2.992], "rotation": 270, "texture": "#0"}
			}
		},
		{
			"from": [9.92263, 4.51, 18.58098],
			"to": [15.92263, 4.51, 20.58098],
			"rotation": {"angle": 22.5, "axis": "y", "origin": [12.92263, 4.95, 19.58098]},
			"faces": {
				"north": {"uv": [8.992, 2.992, 3.008, 1.508], "rotation": 270, "texture": "#0"},
				"east": {"uv": [0.008, -0.275, 5.742, -0.525], "rotation": 90, "texture": "#0"},
				"south": {"uv": [8.992, 1.508, 3.008, 2.992], "rotation": 270, "texture": "#0"},
				"west": {"uv": [0.008, -0.275, 5.742, -0.525], "rotation": 270, "texture": "#0"},
				"up": {"uv": [0.008, 0.008, 1.492, 0.485], "texture": "#0"},
				"down": {"uv": [0.008, 0.008, 1.492, 0.485], "rotation": 180, "texture": "#0"}
			}
		},
		{
			"from": [0.35554, 4.51, -4.51601],
			"to": [6.35554, 4.51, -2.51601],
			"rotation": {"angle": 22.5, "axis": "y", "origin": [3.35554, 4.95, -3.51601]},
			"faces": {
				"north": {"uv": [8.992, 1.508, 3.008, 2.992], "rotation": 270, "texture": "#0"},
				"east": {"uv": [0.008, -0.275, 5.742, -0.525], "rotation": 270, "texture": "#0"},
				"south": {"uv": [8.992, 2.992, 3.008, 1.508], "rotation": 270, "texture": "#0"},
				"west": {"uv": [0.008, -0.275, 5.742, -0.525], "rotation": 90, "texture": "#0"},
				"up": {"uv": [1.492, 0.485, 0.008, 0.008], "texture": "#0"},
				"down": {"uv": [1.492, 0.485, 0.008, 0.008], "rotation": 180, "texture": "#0"}
			}
		},
		{
			"from": [-3.36091, 4.5, 5.03249],
			"to": [19.63909, 4.5, 11.03249],
			"rotation": {"angle": 22.5, "axis": "y", "origin": [8.13909, 4.98, 8.03249]},
			"faces": {
				"north": {"uv": [0.008, -0.275, 5.742, -0.525], "texture": "#0"},
				"east": {"uv": [0.008, -0.275, 1.492, -0.525], "texture": "#0"},
				"south": {"uv": [0.008, -0.275, 5.742, -0.525], "texture": "#0"},
				"west": {"uv": [0.008, -0.275, 1.492, -0.525], "texture": "#0"},
				"up": {"uv": [3.008, 1.508, 8.992, 2.992], "rotation": 180, "texture": "#0"},
				"down": {"uv": [3.008, 2.992, 8.992, 1.508], "rotation": 180, "texture": "#0"}
			}
		},
		{
			"from": [18.68758, 4.5, 0.24894],
			"to": [20.68758, 4.5, 6.24894],
			"rotation": {"angle": 22.5, "axis": "y", "origin": [19.68758, 4.95, 3.24894]},
			"faces": {
				"north": {"uv": [0.008, -0.275, 5.742, -0.525], "rotation": 90, "texture": "#0"},
				"east": {"uv": [8.992, 1.508, 3.008, 2.992], "rotation": 270, "texture": "#0"},
				"south": {"uv": [0.008, -0.275, 5.742, -0.525], "rotation": 270, "texture": "#0"},
				"west": {"uv": [8.992, 2.992, 3.008, 1.508], "rotation": 270, "texture": "#0"},
				"up": {"uv": [1.492, 0.485, 0.008, 0.008], "rotation": 90, "texture": "#0"},
				"down": {"uv": [1.492, 0.485, 0.008, 0.008], "rotation": 90, "texture": "#0"}
			}
		},
		{
			"from": [-4.40941, 4.5, 9.81603],
			"to": [-2.40941, 4.5, 15.81603],
			"rotation": {"angle": 22.5, "axis": "y", "origin": [-3.40941, 4.95, 12.81603]},
			"faces": {
				"north": {"uv": [0.008, -0.275, 5.742, -0.525], "rotation": 270, "texture": "#0"},
				"east": {"uv": [8.992, 2.992, 3.008, 1.508], "rotation": 270, "texture": "#0"},
				"south": {"uv": [0.008, -0.275, 5.742, -0.525], "rotation": 90, "texture": "#0"},
				"west": {"uv": [8.992, 1.508, 3.008, 2.992], "rotation": 270, "texture": "#0"},
				"up": {"uv": [0.008, 0.008, 1.492, 0.485], "rotation": 90, "texture": "#0"},
				"down": {"uv": [0.008, 0.008, 1.492, 0.485], "rotation": 90, "texture": "#0"}
			}
		}
	],
	"display": {
		"thirdperson_righthand": {
			"translation": [0, 0, -2.25],
			"scale": [0.5, 0.5, 0.5]
		},
		"thirdperson_lefthand": {
			"translation": [0, 0, -2.25],
			"scale": [0.5, 0.5, 0.5]
		},
		"firstperson_righthand": {
			"translation": [0, 0, -2.25],
			"scale": [0.5, 0.5, 0.5]
		},
		"firstperson_lefthand": {
			"translation": [0, 0, -2.25],
			"scale": [0.5, 0.5, 0.5]
		},
		"ground": {
			"translation": [0, 3.5, 0],
			"scale": [0.65, 0.65, 0.65]
		},
		"gui": {
			"rotation": [35, -35, 0],
			"translation": [0, 1.5, 0],
			"scale": [0.55, 0.55, 0.55]
		},
		"head": {
			"rotation": [15.25, 0, 0],
			"translation": [0, 8, 1],
			"scale": [1.6, 1.5, 1.5]
		},
		"fixed": {
			"rotation": [-90, 0, 0],
			"translation": [0, 0, -6.75],
			"scale": [2, 2, 2]
		}
	},
	"groups": [
		0,
		{
			"name": "petal one",
			"origin": [4.25, 3, 14.75],
			"color": 0,
			"children": [1, 2, 3]
		},
		{
			"name": "petal two",
			"origin": [2, 3, 8],
			"color": 0,
			"children": [4, 5, 6]
		},
		{
			"name": "petal three",
			"origin": [8.13909, 4.98, 8.03249],
			"color": 0,
			"children": [7, 8, 9]
		},
		{
			"name": "petal four",
			"origin": [2, 3, 8],
			"color": 0,
			"children": [10, 11, 12]
		},
		{
			"name": "leaf one",
			"origin": [3.35554, 4.95, -3.51601],
			"color": 0,
			"children": [13, 14, 15]
		},
		{
			"name": "leaf four",
			"origin": [3.35554, 4.95, -3.51601],
			"color": 0,
			"children": [16, 17, 18]
		}
	]
}