{
	"credit": "Made with Blockbench",
	"textures": {
		"0": "block/iron_block",
		"1": "block/diamond_block",
		"particle": "block/iron_block"
	},
	"elements": [
		{
			"from": [3, 0, 5],
			"to": [4, 1, 10],
			"faces": {
				"north": {"uv": [7, 4, 8, 5], "texture": "#0"},
				"east": {"uv": [7, 4, 12, 5], "texture": "#0"},
				"south": {"uv": [7, 4, 8, 5], "texture": "#0"},
				"west": {"uv": [7, 4, 12, 5], "texture": "#0"},
				"up": {"uv": [7, 4, 8, 9], "texture": "#0"},
				"down": {"uv": [7, 4, 8, 9], "texture": "#0"}
			}
		},
		{
			"from": [12, 0, 5],
			"to": [13, 1, 10],
			"faces": {
				"north": {"uv": [7, 4, 8, 5], "texture": "#0"},
				"east": {"uv": [7, 4, 12, 5], "texture": "#0"},
				"south": {"uv": [7, 4, 8, 5], "texture": "#0"},
				"west": {"uv": [7, 4, 12, 5], "texture": "#0"},
				"up": {"uv": [7, 4, 8, 9], "texture": "#0"},
				"down": {"uv": [7, 4, 8, 9], "texture": "#0"}
			}
		},
		{
			"from": [12, 1, 5],
			"to": [13, 2, 8],
			"faces": {
				"north": {"uv": [7, 4, 8, 5], "texture": "#0"},
				"east": {"uv": [7, 4, 10, 5], "texture": "#0"},
				"south": {"uv": [7, 4, 8, 5], "texture": "#0"},
				"west": {"uv": [7, 4, 10, 5], "texture": "#0"},
				"up": {"uv": [7, 4, 8, 7], "texture": "#0"},
				"down": {"uv": [7, 4, 8, 7], "texture": "#0"}
			}
		},
		{
			"from": [3, 1, 5],
			"to": [4, 2, 8],
			"faces": {
				"north": {"uv": [7, 4, 8, 5], "texture": "#0"},
				"east": {"uv": [7, 4, 10, 5], "texture": "#0"},
				"south": {"uv": [7, 4, 8, 5], "texture": "#0"},
				"west": {"uv": [7, 4, 10, 5], "texture": "#0"},
				"up": {"uv": [7, 4, 8, 7], "texture": "#0"},
				"down": {"uv": [7, 4, 8, 7], "texture": "#0"}
			}
		},
		{
			"from": [6, 0.5, 2],
			"to": [10, 5.5, 3],
			"faces": {
				"north": {"uv": [7, 4, 11, 9], "texture": "#0"},
				"east": {"uv": [7, 4, 8, 9], "texture": "#0"},
				"south": {"uv": [7, 4, 11, 9], "texture": "#0"},
				"west": {"uv": [7, 4, 8, 9], "texture": "#0"},
				"up": {"uv": [7, 4, 11, 5], "texture": "#0"},
				"down": {"uv": [7, 4, 11, 5], "texture": "#0"}
			}
		},
		{
			"from": [4, 0.3, 3],
			"to": [6, 3.3, 4],
			"faces": {
				"north": {"uv": [7, 4, 9, 7], "texture": "#0"},
				"east": {"uv": [7, 4, 8, 7], "texture": "#0"},
				"south": {"uv": [7, 4, 9, 7], "texture": "#0"},
				"west": {"uv": [7, 4, 8, 7], "texture": "#0"},
				"up": {"uv": [7, 4, 9, 5], "texture": "#0"},
				"down": {"uv": [7, 4, 9, 5], "texture": "#0"}
			}
		},
		{
			"from": [10, 0.3, 3],
			"to": [12, 3.3, 4],
			"faces": {
				"north": {"uv": [7, 4, 9, 7], "texture": "#0"},
				"east": {"uv": [7, 4, 8, 7], "texture": "#0"},
				"south": {"uv": [7, 4, 9, 7], "texture": "#0"},
				"west": {"uv": [7, 4, 8, 7], "texture": "#0"},
				"up": {"uv": [7, 4, 9, 5], "texture": "#0"},
				"down": {"uv": [7, 4, 9, 5], "texture": "#0"}
			}
		},
		{
			"from": [12, 0.25, 4],
			"to": [13, 2.75, 5],
			"faces": {
				"north": {"uv": [7, 4, 8, 6.5], "texture": "#0"},
				"east": {"uv": [7, 4, 8, 6.5], "texture": "#0"},
				"south": {"uv": [7, 4, 8, 6.5], "texture": "#0"},
				"west": {"uv": [7, 4, 8, 6.5], "texture": "#0"},
				"up": {"uv": [7, 4, 8, 5], "texture": "#0"},
				"down": {"uv": [7, 4, 8, 5], "texture": "#0"}
			}
		},
		{
			"from": [11, 0, 12],
			"to": [12, 1, 13],
			"faces": {
				"north": {"uv": [7, 4, 8, 5], "texture": "#0"},
				"east": {"uv": [7, 4, 8, 5], "texture": "#0"},
				"south": {"uv": [7, 4, 8, 5], "texture": "#0"},
				"west": {"uv": [7, 4, 8, 5], "texture": "#0"},
				"up": {"uv": [7, 4, 8, 5], "texture": "#0"},
				"down": {"uv": [7, 4, 8, 5], "texture": "#0"}
			}
		},
		{
			"from": [4, 0, 12],
			"to": [5, 1, 13],
			"faces": {
				"north": {"uv": [7, 4, 8, 5], "texture": "#0"},
				"east": {"uv": [7, 4, 8, 5], "texture": "#0"},
				"south": {"uv": [7, 4, 8, 5], "texture": "#0"},
				"west": {"uv": [7, 4, 8, 5], "texture": "#0"},
				"up": {"uv": [7, 4, 8, 5], "texture": "#0"},
				"down": {"uv": [7, 4, 8, 5], "texture": "#0"}
			}
		},
		{
			"from": [3, 0.25, 4],
			"to": [4, 2.75, 5],
			"faces": {
				"north": {"uv": [7, 4, 8, 6.5], "texture": "#0"},
				"east": {"uv": [7, 4, 8, 6.5], "texture": "#0"},
				"south": {"uv": [7, 4, 8, 6.5], "texture": "#0"},
				"west": {"uv": [7, 4, 8, 6.5], "texture": "#0"},
				"up": {"uv": [7, 4, 8, 5], "texture": "#0"},
				"down": {"uv": [7, 4, 8, 5], "texture": "#0"}
			}
		},
		{
			"from": [3.5, 0, 10],
			"to": [4.5, 1, 12],
			"faces": {
				"north": {"uv": [7, 4, 8, 5], "texture": "#0"},
				"east": {"uv": [7, 4, 9, 5], "texture": "#0"},
				"south": {"uv": [7, 4, 8, 5], "texture": "#0"},
				"west": {"uv": [7, 4, 9, 5], "texture": "#0"},
				"up": {"uv": [7, 4, 8, 6], "texture": "#0"},
				"down": {"uv": [7, 4, 8, 6], "texture": "#0"}
			}
		},
		{
			"from": [11.5, 0, 10],
			"to": [12.5, 1, 12],
			"faces": {
				"north": {"uv": [7, 4, 8, 5], "texture": "#0"},
				"east": {"uv": [7, 4, 9, 5], "texture": "#0"},
				"south": {"uv": [7, 4, 8, 5], "texture": "#0"},
				"west": {"uv": [7, 4, 9, 5], "texture": "#0"},
				"up": {"uv": [7, 4, 8, 6], "texture": "#0"},
				"down": {"uv": [7, 4, 8, 6], "texture": "#0"}
			}
		},
		{
			"from": [7, 1.5, 1.5],
			"to": [9, 4.5, 3.5],
			"faces": {
				"north": {"uv": [5, 4, 11, 13], "texture": "#1"},
				"east": {"uv": [2, 2, 8, 11], "texture": "#1"},
				"south": {"uv": [2, 2, 8, 11], "texture": "#1"},
				"west": {"uv": [2, 2, 8, 11], "texture": "#1"},
				"up": {"uv": [2, 2, 8, 10], "texture": "#1"},
				"down": {"uv": [2, 2, 8, 10], "texture": "#1"}
			}
		},
		{
			"from": [7.35, 5.5, 2.175],
			"to": [8.85, 8.5, 2.925],
			"faces": {
				"north": {"uv": [5, 4, 11, 13], "texture": "#1"},
				"east": {"uv": [2, 2, 8, 11], "texture": "#1"},
				"south": {"uv": [2, 2, 8, 11], "texture": "#1"},
				"west": {"uv": [2, 2, 8, 11], "texture": "#1"},
				"up": {"uv": [2, 2, 8, 10], "texture": "#1"},
				"down": {"uv": [2, 2, 8, 10], "texture": "#1"}
			}
		},
		{
			"from": [8.85, 6.5, 2.175],
			"to": [9.85, 7.5, 2.925],
			"faces": {
				"north": {"uv": [3, 8, 8, 13], "texture": "#1"},
				"east": {"uv": [9, 8, 14, 13], "texture": "#1"},
				"south": {"uv": [9, 4, 14, 9], "texture": "#1"},
				"west": {"uv": [3, 4, 8, 9], "texture": "#1"},
				"up": {"uv": [9, 1, 14, 6], "texture": "#1"},
				"down": {"uv": [3, 1, 8, 6], "texture": "#1"}
			}
		},
		{
			"from": [6.35, 6.5, 2.175],
			"to": [7.35, 7.5, 2.925],
			"faces": {
				"north": {"uv": [3, 8, 8, 13], "texture": "#1"},
				"east": {"uv": [9, 8, 14, 13], "texture": "#1"},
				"south": {"uv": [9, 4, 14, 9], "texture": "#1"},
				"west": {"uv": [3, 4, 8, 9], "texture": "#1"},
				"up": {"uv": [9, 1, 14, 6], "texture": "#1"},
				"down": {"uv": [3, 1, 8, 6], "texture": "#1"}
			}
		},
		{
			"from": [10.5, 0.75, 2.75],
			"to": [11.5, 2.75, 4.25],
			"faces": {
				"north": {"uv": [7, 4, 12, 11.5], "texture": "#1"},
				"east": {"uv": [2, 2, 7.5, 9.5], "texture": "#1"},
				"south": {"uv": [2, 2, 7, 9.5], "texture": "#1"},
				"west": {"uv": [2, 2, 7.5, 9.5], "texture": "#1"},
				"up": {"uv": [2, 2, 7, 9.5], "texture": "#1"},
				"down": {"uv": [2, 2, 7, 9.5], "texture": "#1"}
			}
		},
		{
			"from": [4.5, 0.75, 2.75],
			"to": [5.5, 2.75, 4.25],
			"faces": {
				"north": {"uv": [9, 2, 14, 9.5], "texture": "#1"},
				"east": {"uv": [2, 2, 7.5, 9.5], "texture": "#1"},
				"south": {"uv": [2, 2, 7, 9.5], "texture": "#1"},
				"west": {"uv": [2, 2, 7.5, 9.5], "texture": "#1"},
				"up": {"uv": [2, 2, 7, 9.5], "texture": "#1"},
				"down": {"uv": [2, 2, 7, 9.5], "texture": "#1"}
			}
		}
	],
	"display": {
		"thirdperson_righthand": {
			"translation": [0, 4, 2],
			"scale": [0.5, 0.5, 0.5]
		},
		"thirdperson_lefthand": {
			"translation": [0, 4, 2.75],
			"scale": [0.5, 0.5, 0.5]
		},
		"firstperson_righthand": {
			"translation": [0, 4.5, 0]
		},
		"firstperson_lefthand": {
			"translation": [0, 5.5, 0]
		},
		"ground": {
			"translation": [0, 4.5, 0]
		},
		"gui": {
			"rotation": [-155.39, -25.01, -177.67],
			"translation": [0.25, 7.25, 0],
			"scale": [1.4, 1.4, 1.4]
		},
		"head": {
			"translation": [0, 15.75, -0.25],
			"scale": [1.75, 1.75, 1.75]
		},
		"fixed": {
			"translation": [0, 4, 0]
		}
	}
}