{
	"credit": "Made with Blockbench",
	"textures": {
		"0": "block/black_concrete",
		"1": "block/blue_concrete"
	},
	"elements": [
		{
			"from": [4, 1.8, 1.5],
			"to": [13, 3, 13.5],
			"rotation": {"angle": 0, "axis": "x", "origin": [8, -2, 7]},
			"faces": {
				"north": {"uv": [0, 0, 9, 1.2], "texture": "#0"},
				"east": {"uv": [0, 0, 12, 1.2], "texture": "#0"},
				"south": {"uv": [0, 0, 9, 1.2], "texture": "#0"},
				"west": {"uv": [0, 0, 12, 1.2], "texture": "#0"},
				"up": {"uv": [0, 0, 9, 12], "texture": "#0"},
				"down": {"uv": [0, 0, 9, 12], "texture": "#0"}
			}
		},
		{
			"from": [4.75, 3, 3.75],
			"to": [12.25, 4, 11.25],
			"rotation": {"angle": 0, "axis": "x", "origin": [8, -2, 7]},
			"faces": {
				"north": {"uv": [0, 0, 7.5, 1], "texture": "#1"},
				"east": {"uv": [0, 0, 7.5, 1], "texture": "#1"},
				"south": {"uv": [0, 0, 7.5, 1], "texture": "#1"},
				"west": {"uv": [0, 0, 7.5, 1], "texture": "#1"},
				"up": {"uv": [0, 0, 7.5, 7.5], "texture": "#1"}
			}
		},
		{
			"from": [5.25, 2.25, 4],
			"to": [11.75, 5.25, 10.5],
			"rotation": {"angle": 0, "axis": "x", "origin": [8, -2, 6.75]},
			"faces": {
				"north": {"uv": [0, 0, 6.5, 3], "texture": "#0"},
				"east": {"uv": [0, 0, 6.5, 3], "texture": "#0"},
				"south": {"uv": [0, 0, 6.5, 3], "texture": "#0"},
				"west": {"uv": [0, 0, 6.5, 3], "texture": "#0"},
				"up": {"uv": [0, 0, 6.5, 6.5], "texture": "#0"}
			}
		},
		{
			"from": [5.75, 4.75, 4.5],
			"to": [11.25, 6.75, 9.5],
			"rotation": {"angle": 0, "axis": "x", "origin": [8, -2, 6.75]},
			"faces": {
				"north": {"uv": [0, 0, 5.5, 2], "texture": "#0"},
				"east": {"uv": [0, 0, 5, 2], "texture": "#0"},
				"south": {"uv": [0, 0, 5.5, 2], "texture": "#0"},
				"west": {"uv": [0, 0, 5, 2], "texture": "#0"},
				"up": {"uv": [0, 0, 5.5, 5], "texture": "#0"}
			}
		},
		{
			"from": [6.26, 5.75, 5],
			"to": [10.76, 7.65, 8.7],
			"rotation": {"angle": 0, "axis": "x", "origin": [8, -2, 6.75]},
			"faces": {
				"north": {"uv": [0, 0, 5.5, 2], "texture": "#0"},
				"east": {"uv": [0, 0, 5, 2], "texture": "#0"},
				"south": {"uv": [0, 0, 5.5, 2], "texture": "#0"},
				"west": {"uv": [0, 0, 5, 2], "texture": "#0"},
				"up": {"uv": [0, 0, 5.5, 5], "texture": "#0"}
			}
		},
		{
			"from": [6.25, 5.95, 8],
			"to": [10.75, 7.95, 12],
			"rotation": {"angle": -22.5, "axis": "x", "origin": [8, -1.8, 6.65]},
			"faces": {
				"north": {"uv": [0, 0, 4.5, 2], "texture": "#0"},
				"east": {"uv": [0, 0, 4, 2], "texture": "#0"},
				"south": {"uv": [0, 0, 4.5, 2], "texture": "#0"},
				"west": {"uv": [0, 0, 4, 2], "texture": "#0"},
				"up": {"uv": [0, 0, 4.5, 4], "texture": "#0"}
			}
		},
		{
			"from": [6.75, 8.52706, 2.50246],
			"to": [10.25, 10.27706, 5.25246],
			"rotation": {"angle": -45, "axis": "x", "origin": [8.5, 11.32706, 5.67746]},
			"faces": {
				"north": {"uv": [0, 0, 3.5, 1.75], "texture": "#0"},
				"east": {"uv": [0, 0, 2.75, 1.75], "texture": "#0"},
				"south": {"uv": [0, 0, 3.5, 1.75], "texture": "#0"},
				"west": {"uv": [0, 0, 2.75, 1.75], "texture": "#0"},
				"up": {"uv": [0, 0, 3.5, 2.75], "texture": "#0"}
			}
		},
		{
			"from": [7.25, 9.87706, 2.95246],
			"to": [9.75, 11.62706, 4.45246],
			"rotation": {"angle": -45, "axis": "x", "origin": [8.5, 11.32706, 5.67746]},
			"faces": {
				"north": {"uv": [0, 0, 2.5, 1.75], "texture": "#0"},
				"east": {"uv": [0, 0, 1.5, 1.75], "texture": "#0"},
				"south": {"uv": [0, 0, 2.5, 1.75], "texture": "#0"},
				"west": {"uv": [0, 0, 1.5, 1.75], "texture": "#0"},
				"up": {"uv": [0, 0, 2.5, 1.5], "texture": "#0"}
			}
		},
		{
			"from": [7.85, 9.15206, 3.52746],
			"to": [9.15, 9.90206, 5.07746],
			"rotation": {"angle": 22.5, "axis": "x", "origin": [8.5, 11.32706, 5.67746]},
			"faces": {
				"north": {"uv": [0, 0, 1.3, 0.75], "rotation": 180, "texture": "#0"},
				"east": {"uv": [0, 0, 0.75, 1.55], "rotation": 90, "texture": "#0"},
				"west": {"uv": [0, 0, 0.75, 1.55], "rotation": 270, "texture": "#0"},
				"up": {"uv": [0, 0, 1.3, 1.55], "texture": "#0"},
				"down": {"uv": [0, 0, 1.3, 1.55], "rotation": 180, "texture": "#0"}
			}
		},
		{
			"from": [13, 1.8, 3],
			"to": [14.5, 3, 12],
			"rotation": {"angle": 0, "axis": "x", "origin": [8, -2, 7]},
			"faces": {
				"north": {"uv": [0, 0, 1.5, 1.2], "texture": "#0"},
				"east": {"uv": [0, 0, 9, 1.2], "texture": "#0"},
				"south": {"uv": [0, 0, 1.5, 1.2], "texture": "#0"},
				"up": {"uv": [0, 0, 1.5, 9], "texture": "#0"},
				"down": {"uv": [0, 0, 1.5, 9], "texture": "#0"}
			}
		},
		{
			"from": [2.5, 1.8, 3],
			"to": [4, 3, 12],
			"rotation": {"angle": 0, "axis": "x", "origin": [8, -2, 7]},
			"faces": {
				"north": {"uv": [0, 0, 1.5, 1.2], "texture": "#0"},
				"south": {"uv": [0, 0, 1.5, 1.2], "texture": "#0"},
				"west": {"uv": [0, 0, 9, 1.2], "texture": "#0"},
				"up": {"uv": [0, 0, 1.5, 9], "texture": "#0"},
				"down": {"uv": [0, 0, 1.5, 9], "texture": "#0"}
			}
		}
	],
	"display": {
		"thirdperson_righthand": {
			"translation": [0, 3, 1],
			"scale": [0.55, 0.55, 0.55]
		},
		"thirdperson_lefthand": {
			"translation": [0, 3, 1],
			"scale": [0.55, 0.55, 0.55]
		},
		"firstperson_righthand": {
			"rotation": [0, -90, 25],
			"translation": [1.13, 3.2, 1.13],
			"scale": [0.68, 0.68, 0.68]
		},
		"firstperson_lefthand": {
			"rotation": [0, -90, 25],
			"translation": [1.13, 3.2, 1.13],
			"scale": [0.68, 0.68, 0.68]
		},
		"ground": {
			"translation": [0, 2, 0],
			"scale": [0.5, 0.5, 0.5]
		},
		"gui": {
			"rotation": [17.25, 31, 0],
			"translation": [-0.5, 0.25, 0]
		},
		"head": {
			"rotation": [0, 180, 0],
			"translation": [1, 16.5, -0.75],
			"scale": [1.77, 1.77, 1.77]
		},
		"fixed": {
			"rotation": [-90, 180, 0],
			"translation": [0.5, 0, -11],
			"scale": [1.77, 1.77, 1.77]
		}
	}
}