{
	"credit": "Made with Blockbench",
	"textures": {
		"0": "block/custom/zombie",
		"particle": "block/custom/zombie"
	},
	"elements": [
		{
			"from": [5.5, 0, 5.5],
			"to": [10.5, 7, 10.5],
			"rotation": {"angle": 0, "axis": "y", "origin": [0, 0.75, -1]},
			"faces": {
				"north": {"uv": [5, 5, 7, 8], "texture": "#0"},
				"east": {"uv": [7, 5, 8, 8], "texture": "#0"},
				"south": {"uv": [8, 5, 10, 8], "texture": "#0"},
				"west": {"uv": [4, 5, 5, 8], "texture": "#0"},
				"up": {"uv": [5, 4, 7, 5], "texture": "#0"},
				"down": {"uv": [7, 4, 9, 5], "texture": "#0"}
			}
		},
		{
			"from": [4, 7, 4],
			"to": [12, 15, 12],
			"rotation": {"angle": 0, "axis": "y", "origin": [0, 0.75, -1]},
			"faces": {
				"north": {"uv": [2, 2, 4, 4], "texture": "#0"},
				"east": {"uv": [0, 2, 2, 4], "texture": "#0"},
				"south": {"uv": [6, 2, 8, 4], "texture": "#0"},
				"west": {"uv": [4, 2, 6, 4], "texture": "#0"},
				"up": {"uv": [2, 0, 4, 2], "texture": "#0"},
				"down": {"uv": [4, 0, 6, 2], "rotation": 90, "texture": "#0"}
			}
		},
		{
			"from": [4.25, 0.0005, 1.75],
			"to": [6.25, 2.0005, 6.75],
			"rotation": {"angle": 22.5, "axis": "y", "origin": [6, 1, 3.5]},
			"faces": {
				"north": {"uv": [2, 4, 2.5, 5], "texture": "#0"},
				"east": {"uv": [1.5, 6.5, 2, 8], "rotation": 270, "texture": "#0"},
				"south": {"uv": [2, 0, 4, 2], "texture": "#0"},
				"west": {"uv": [1.5, 6.5, 2, 8], "rotation": 90, "texture": "#0"},
				"up": {"uv": [1.5, 6.5, 2, 8], "rotation": 180, "texture": "#0"},
				"down": {"uv": [1.5, 6.5, 2, 8], "texture": "#0"}
			}
		},
		{
			"from": [9.75, 0.0005, 1.75],
			"to": [11.75, 2.0005, 6.75],
			"rotation": {"angle": -22.5, "axis": "y", "origin": [10, 1, 3.5]},
			"faces": {
				"north": {"uv": [2, 4, 2.5, 5], "texture": "#0"},
				"east": {"uv": [1.5, 6.5, 2, 8], "rotation": 270, "texture": "#0"},
				"south": {"uv": [10, 9, 10.5, 12.5], "texture": "#0"},
				"west": {"uv": [1.5, 6.5, 2, 8], "rotation": 90, "texture": "#0"},
				"up": {"uv": [1.5, 6.5, 2, 8], "rotation": 180, "texture": "#0"},
				"down": {"uv": [1.5, 6.5, 2, 8], "texture": "#0"}
			}
		},
		{
			"from": [9, 3.75, 6.75],
			"to": [14.5, 6, 9.25],
			"rotation": {"angle": -45, "axis": "z", "origin": [12, 6, 8]},
			"faces": {
				"north": {"uv": [12.5, 8, 13, 6], "rotation": 270, "texture": "#0"},
				"east": {"uv": [10.5, 6.75, 11, 7.25], "texture": "#0"},
				"south": {"uv": [11.5, 6, 12, 8], "rotation": 90, "texture": "#0"},
				"west": {"uv": [12, 6, 12.5, 8], "texture": "#0"},
				"up": {"uv": [14, 6, 12.5, 6.5], "rotation": 180, "texture": "#0"},
				"down": {"uv": [14, 6, 12.5, 6.5], "rotation": 180, "texture": "#0"}
			}
		},
		{
			"from": [1.5, 3.75, 6.75],
			"to": [7, 6, 9.25],
			"rotation": {"angle": 45, "axis": "z", "origin": [4, 6, 8]},
			"faces": {
				"north": {"uv": [12.5, 6, 13, 8], "rotation": 270, "texture": "#0"},
				"east": {"uv": [12.5, 6, 12, 8], "texture": "#0"},
				"south": {"uv": [11.5, 8, 12, 6], "rotation": 90, "texture": "#0"},
				"west": {"uv": [11, 6.75, 10.5, 7.25], "texture": "#0"},
				"up": {"uv": [12.5, 6, 14, 6.5], "rotation": 180, "texture": "#0"},
				"down": {"uv": [12.5, 6, 14, 6.5], "rotation": 180, "texture": "#0"}
			}
		}
	],
	"display": {
		"thirdperson_righthand": {
			"translation": [1, 1.75, 0],
			"scale": [0.5, 0.5, 0.5]
		},
		"thirdperson_lefthand": {
			"translation": [1, 1.75, 0],
			"scale": [0.5, 0.5, 0.5]
		},
		"firstperson_righthand": {
			"translation": [1, 1.75, 0],
			"scale": [0.5, 0.5, 0.5]
		},
		"firstperson_lefthand": {
			"translation": [1, 1.75, 0],
			"scale": [0.5, 0.5, 0.5]
		},
		"ground": {
			"translation": [0, 5, 0]
		},
		"gui": {
			"rotation": [-154.25, -33, 180],
			"translation": [0, 0.25, 0],
			"scale": [0.75, 0.75, 0.75]
		},
		"head": {
			"translation": [0, 14.5, 1.5]
		},
		"fixed": {
			"rotation": [-90, 0, 0],
			"translation": [0, 3.5, -14.75],
			"scale": [2, 2, 2]
		}
	}
}