{
	"credit": "Made with Blockbench",
	"textures": {
		"0": "item/axolotl_blue",
		"particle": "item/axolotl_blue"
	},
	"elements": [
		{
			"from": [8, 0, 5],
			"to": [11, 3, 10],
			"faces": {
				"north": {"uv": [3.5, 0.25, 4.75, 1.5], "texture": "#0"},
				"east": {"uv": [4, 1.5, 6.5, 2.75], "texture": "#0"},
				"south": {"uv": [3.5, 0.25, 4.75, 1.5], "texture": "#0"},
				"west": {"uv": [1, 1.5, 3.5, 2.75], "texture": "#0"},
				"up": {"uv": [1.25, 0.25, 3.25, 1.5], "rotation": 90, "texture": "#0"},
				"down": {"uv": [5.18125, 1.5, 3.30625, 0.25], "rotation": 90, "texture": "#0"}
			}
		},
		{
			"from": [9.25, 1.5, 3],
			"to": [9.25, 3.5, 5],
			"faces": {
				"north": {"uv": [0, 0, 0, 4], "texture": "#0"},
				"east": {"uv": [2.75, 10, 3.5, 10.99375], "texture": "#0"},
				"south": {"uv": [0, 0, 0, 4], "texture": "#0"},
				"west": {"uv": [2.75, 10.99375, 3.5, 10], "texture": "#0"},
				"up": {"uv": [0, 0, 0, 4], "texture": "#0"},
				"down": {"uv": [0, 0, 0, 4], "texture": "#0"}
			}
		},
		{
			"from": [9.25, -0.5, 3],
			"to": [9.25, 1.5, 5],
			"faces": {
				"north": {"uv": [0, 0, 0, 4], "texture": "#0"},
				"east": {"uv": [2.75, 10.99375, 3.5, 10], "texture": "#0"},
				"south": {"uv": [0, 0, 0, 4], "texture": "#0"},
				"west": {"uv": [2.75, 10, 3.5, 10.99375], "texture": "#0"},
				"up": {"uv": [0, 0, 0, 4], "texture": "#0"},
				"down": {"uv": [0, 0, 0, 4], "texture": "#0"}
			}
		},
		{
			"from": [9.25, -0.5, 10],
			"to": [9.25, 1.5, 12],
			"faces": {
				"north": {"uv": [0, 0, 0, 4], "texture": "#0"},
				"east": {"uv": [3.5, 10.99375, 2.75, 10], "texture": "#0"},
				"south": {"uv": [0, 0, 0, 4], "texture": "#0"},
				"west": {"uv": [3.5, 10, 2.75, 10.99375], "texture": "#0"},
				"up": {"uv": [0, 0, 0, 4], "texture": "#0"},
				"down": {"uv": [0, 0, 0, 4], "texture": "#0"}
			}
		},
		{
			"from": [9.25, 1.5, 10],
			"to": [9.25, 3.5, 12],
			"faces": {
				"north": {"uv": [0, 0, 0, 4], "texture": "#0"},
				"east": {"uv": [3.5, 10, 2.75, 10.99375], "texture": "#0"},
				"south": {"uv": [0, 0, 0, 4], "texture": "#0"},
				"west": {"uv": [3.5, 10.99375, 2.75, 10], "texture": "#0"},
				"up": {"uv": [0, 0, 0, 4], "texture": "#0"},
				"down": {"uv": [0, 0, 0, 4], "texture": "#0"}
			}
		}
	],
	"display": {
		"thirdperson_righthand": {
			"rotation": [0, -90, -69],
			"translation": [-0.5, 4.25, 5.5],
			"scale": [0.8, 0.8, 0.8]
		},
		"thirdperson_lefthand": {
			"rotation": [75, 91, -6.9],
			"translation": [0.5, 4, 5.5],
			"scale": [0.8, 0.8, 0.8]
		},
		"firstperson_righthand": {
			"rotation": [0, 40, 0],
			"translation": [0, 7.25, 0]
		},
		"firstperson_lefthand": {
			"rotation": [-180, -29.25, 180],
			"translation": [0, 9, 0]
		},
		"ground": {
			"translation": [0, 4.25, 0]
		},
		"gui": {
			"rotation": [-165.03, 73.94, -178.78],
			"translation": [2.25, 12, 0],
			"scale": [2, 2, 2]
		},
		"head": {
			"rotation": [-180, -90, -180],
			"translation": [-1.25, 18.25, -6.25],
			"scale": [2.54, 2.54, 2.54]
		},
		"fixed": {
			"rotation": [180, -90, 180],
			"translation": [-2, 20.25, -7.75],
			"scale": [3, 3, 3]
		}
	}
}