{
	"credit": "Made with Blockbench",
	"texture_size": [32, 32],
	"textures": {
		"0": "item/beardjar"
	},
	"elements": [
		{
			"from": [0, 8, -4],
			"to": [0, 13, 4],
			"faces": {
				"north": {"uv": [0, 0, 0, 2.5], "texture": "#0"},
				"east": {"uv": [10, 1.5, 14, 4], "texture": "#0"},
				"south": {"uv": [0, 0, 0, 2.5], "texture": "#0"},
				"west": {"uv": [5, 5.5, 9, 8], "texture": "#0"},
				"up": {"uv": [0, 0, 0, 4], "texture": "#0"},
				"down": {"uv": [0, 0, 0, 4], "texture": "#0"}
			}
		},
		{
			"from": [-5, 0, -5],
			"to": [5, 14, 5],
			"faces": {
				"north": {"uv": [0, 9, 5, 16], "texture": "#0"},
				"east": {"uv": [0, 9, 5, 16], "texture": "#0"},
				"south": {"uv": [0, 9, 5, 16], "texture": "#0"},
				"west": {"uv": [0, 9, 5, 16], "texture": "#0"},
				"up": {"uv": [0, 4, 5, 9], "texture": "#0"},
				"down": {"uv": [0, 4, 5, 9], "texture": "#0"}
			}
		},
		{
			"from": [-4, 16, -4],
			"to": [4, 18, 4],
			"faces": {
				"north": {"uv": [0, 2, 4, 3], "texture": "#0"},
				"east": {"uv": [0, 2, 4, 3], "texture": "#0"},
				"south": {"uv": [0, 2, 4, 3], "texture": "#0"},
				"west": {"uv": [0, 2, 4, 3], "texture": "#0"},
				"up": {"uv": [5, 12, 9, 16], "texture": "#0"},
				"down": {"uv": [5, 12, 9, 16], "texture": "#0"}
			}
		},
		{
			"from": [-3, 14, -3],
			"to": [3, 16, 3],
			"faces": {
				"north": {"uv": [0, 3, 3, 4], "texture": "#0"},
				"east": {"uv": [0, 3, 3, 4], "texture": "#0"},
				"south": {"uv": [0, 3, 3, 4], "texture": "#0"},
				"west": {"uv": [0, 3, 3, 4], "texture": "#0"},
				"up": {"uv": [1, 13, 4, 14], "texture": "#0"},
				"down": {"uv": [1, 13, 4, 14], "texture": "#0"}
			}
		},
		{
			"from": [-3, 17, -3],
			"to": [3, 19, 3],
			"faces": {
				"north": {"uv": [0, 1, 3, 2], "texture": "#0"},
				"east": {"uv": [0, 1, 3, 2], "texture": "#0"},
				"south": {"uv": [0, 1, 3, 2], "texture": "#0"},
				"west": {"uv": [0, 1, 3, 2], "texture": "#0"},
				"up": {"uv": [4, 1, 7, 4], "texture": "#0"},
				"down": {"uv": [0, 1, 3, 2], "texture": "#0"}
			}
		},
		{
			"from": [-4, 0, -4],
			"to": [4, 8, 4],
			"faces": {
				"north": {"uv": [5, 8, 9, 12], "texture": "#0"},
				"east": {"uv": [5, 8, 9, 12], "texture": "#0"},
				"south": {"uv": [5, 8, 9, 12], "texture": "#0"},
				"west": {"uv": [5, 8, 9, 12], "texture": "#0"},
				"up": {"uv": [5, 8, 9, 12], "texture": "#0"},
				"down": {"uv": [5, 8, 9, 12], "texture": "#0"}
			}
		},
		{
			"from": [0, 8, -4],
			"to": [0, 13, 4],
			"faces": {
				"north": {"uv": [0, 0, 0, 2.5], "texture": "#0"},
				"east": {"uv": [10, 1.5, 14, 4], "texture": "#0"},
				"south": {"uv": [0, 0, 0, 2.5], "texture": "#0"},
				"west": {"uv": [5, 5.5, 9, 8], "texture": "#0"},
				"up": {"uv": [0, 0, 0, 4], "texture": "#0"},
				"down": {"uv": [0, 0, 0, 4], "texture": "#0"}
			}
		}
	],
	"display": {
		"thirdperson_righthand": {
			"translation": [0.75, 1.25, 3.75],
			"scale": [0.4, 0.4, 0.4]
		},
		"thirdperson_lefthand": {
			"translation": [-5, 1.25, 2.75],
			"scale": [0.4, 0.4, 0.4]
		},
		"firstperson_righthand": {
			"translation": [7, 1.25, 0],
			"scale": [0.4, 0.4, 0.4]
		},
		"firstperson_lefthand": {
			"translation": [1.25, 1, 0],
			"scale": [0.4, 0.4, 0.4]
		},
		"ground": {
			"translation": [5.25, 2.5, 5.5],
			"scale": [0.7, 0.7, 0.7]
		},
		"gui": {
			"rotation": [10.75, -21, 0],
			"translation": [4.5, -3, 0],
			"scale": [0.8, 0.8, 0.8]
		},
		"head": {
			"rotation": [0, 16.5, 0],
			"translation": [8, 12.5, 4.5],
			"scale": [0.8, 0.8, 0.8]
		},
		"fixed": {
			"translation": [7.25, 0, 3.25]
		}
	},
	"groups": [
		{
			"name": "bone",
			"origin": [0, 0, 0],
			"color": 0,
			"children": [0, 1, 2, 3, 4, 5, 6]
		}
	]
}