{
	"format_version": "1.9.0",
	"credit": "Made with Blockbench",
	"texture_size": [64, 64],
	"textures": {
		"0": "item/blahaj",
		"particle": "item/blahaj"
	},
	"elements": [
		{
			"from": [4, 1, -3],
			"to": [12, 8, 13],
			"rotation": {"angle": 0, "axis": "y", "origin": [4, 0, 7]},
			"faces": {
				"north": {"uv": [4.008, 3.508, 5.992, 5.242], "texture": "#0"},
				"east": {"uv": [4.758, 0.008, 8.742, 1.742], "texture": "#0"},
				"south": {"uv": [0.008, 4.758, 1.992, 6.492], "texture": "#0"},
				"west": {"uv": [4.008, 1.758, 7.992, 3.492], "texture": "#0"},
				"up": {"uv": [1.992, 3.992, 0.008, 0.008], "texture": "#0"},
				"down": {"uv": [3.992, 0.008, 2.008, 3.992], "texture": "#0"}
			}
		},
		{
			"from": [4, 2, -8],
			"to": [12, 8, -3],
			"rotation": {"angle": 0, "axis": "y", "origin": [4, 0, -9]},
			"faces": {
				"north": {"uv": [2.008, 4.758, 3.992, 6.242], "texture": "#0"},
				"east": {"uv": [5.508, 8.008, 6.742, 9.492], "texture": "#0"},
				"south": {"uv": [4.008, 5.258, 5.992, 6.742], "texture": "#0"},
				"west": {"uv": [6.758, 8.008, 7.992, 9.492], "texture": "#0"},
				"up": {"uv": [3.992, 7.492, 2.008, 6.258], "texture": "#0"},
				"down": {"uv": [1.992, 6.508, 0.008, 7.742], "texture": "#0"}
			}
		},
		{
			"from": [-1, 1.5, 1],
			"to": [5, 2.5, 7],
			"rotation": {"angle": 22.5, "axis": "z", "origin": [2, 2, 4]},
			"faces": {
				"north": {"uv": [8.758, 6.508, 10.242, 6.742], "texture": "#0"},
				"east": {"uv": [8.758, 6.758, 10.242, 6.992], "texture": "#0"},
				"south": {"uv": [8.758, 7.008, 10.242, 7.242], "texture": "#0"},
				"west": {"uv": [8.758, 7.258, 10.242, 7.492], "texture": "#0"},
				"up": {"uv": [5.492, 8.242, 4.008, 6.758], "texture": "#0"},
				"down": {"uv": [8.742, 3.508, 7.258, 4.992], "texture": "#0"}
			}
		},
		{
			"from": [7.5, 6.5, 5],
			"to": [8.5, 12.5, 9],
			"rotation": {"angle": 22.5, "axis": "x", "origin": [8, 9.5, 8]},
			"faces": {
				"north": {"uv": [5.258, 8.258, 5.492, 9.742], "texture": "#0"},
				"east": {"uv": [8.758, 0.008, 9.742, 1.492], "texture": "#0"},
				"south": {"uv": [1.508, 9.008, 1.742, 10.492], "texture": "#0"},
				"west": {"uv": [8.758, 1.508, 9.742, 2.992], "texture": "#0"},
				"up": {"uv": [1.992, 8.742, 1.758, 7.758], "texture": "#0"},
				"down": {"uv": [0.492, 9.258, 0.258, 10.242], "texture": "#0"}
			}
		},
		{
			"from": [11, 1.5, 1],
			"to": [17, 2.5, 7],
			"rotation": {"angle": -22.5, "axis": "z", "origin": [14, 2, 4]},
			"faces": {
				"north": {"uv": [8.758, 7.508, 10.242, 7.742], "texture": "#0"},
				"east": {"uv": [8.758, 7.758, 10.242, 7.992], "texture": "#0"},
				"south": {"uv": [0.008, 9.008, 1.492, 9.242], "texture": "#0"},
				"west": {"uv": [9.008, 8.008, 10.492, 8.242], "texture": "#0"},
				"up": {"uv": [8.742, 6.492, 7.258, 5.008], "texture": "#0"},
				"down": {"uv": [8.742, 6.508, 7.258, 7.992], "texture": "#0"}
			}
		},
		{
			"from": [6, 1, 13],
			"to": [10, 6, 20],
			"rotation": {"angle": 0, "axis": "y", "origin": [6, 0, 13]},
			"faces": {
				"north": {"uv": [8.758, 4.008, 9.742, 5.242], "texture": "#0"},
				"east": {"uv": [2.008, 7.508, 3.742, 8.742], "texture": "#0"},
				"south": {"uv": [8.758, 5.258, 9.742, 6.492], "texture": "#0"},
				"west": {"uv": [0.008, 7.758, 1.742, 8.992], "texture": "#0"},
				"up": {"uv": [8.992, 9.742, 8.008, 8.008], "texture": "#0"},
				"down": {"uv": [4.742, 8.258, 3.758, 9.992], "texture": "#0"}
			}
		},
		{
			"from": [7.5, 5.25, 14],
			"to": [8.5, 7.75, 16],
			"rotation": {"angle": 22.5, "axis": "x", "origin": [8, 6.5, 15]},
			"faces": {
				"north": {"uv": [3.758, 7.508, 3.992, 8.242], "texture": "#0"},
				"east": {"uv": [5.508, 6.758, 5.992, 7.492], "texture": "#0"},
				"south": {"uv": [9.258, 9.008, 9.492, 9.742], "texture": "#0"},
				"west": {"uv": [3.258, 8.758, 3.742, 9.492], "texture": "#0"},
				"up": {"uv": [5.742, 7.992, 5.508, 7.508], "texture": "#0"},
				"down": {"uv": [5.992, 7.508, 5.758, 7.992], "texture": "#0"}
			}
		},
		{
			"from": [7.5, -0.25, 18],
			"to": [8.5, 8.75, 23],
			"rotation": {"angle": 0, "axis": "x", "origin": [8, 3.5, 21]},
			"faces": {
				"north": {"uv": [4.758, 8.258, 4.992, 10.492], "texture": "#0"},
				"east": {"uv": [6.008, 3.508, 7.242, 5.742], "texture": "#0"},
				"south": {"uv": [5.008, 8.258, 5.242, 10.492], "texture": "#0"},
				"west": {"uv": [6.008, 5.758, 7.242, 7.992], "texture": "#0"},
				"up": {"uv": [9.242, 9.992, 9.008, 8.758], "texture": "#0"},
				"down": {"uv": [0.242, 9.258, 0.008, 10.492], "texture": "#0"}
			}
		},
		{
			"from": [5, 1.5, -7],
			"to": [11, 2, -7],
			"rotation": {"angle": 0, "axis": "y", "origin": [7, 0, -5]},
			"faces": {
				"north": {"uv": [9.008, 8.258, 10.492, 8.492], "texture": "#0"},
				"east": {"uv": [0.508, 9.258, 1.492, 9.492], "texture": "#0"},
				"south": {"uv": [9.008, 8.508, 10.492, 8.742], "texture": "#0"},
				"west": {"uv": [9.258, 8.758, 10.242, 8.992], "texture": "#0"},
				"up": {"uv": [3.242, 9.742, 1.758, 8.758], "texture": "#0"},
				"down": {"uv": [10.242, 3.008, 8.758, 3.992], "texture": "#0"}
			}
		},
		{
			"from": [5, 1.5, -7],
			"to": [5, 2, -4],
			"rotation": {"angle": 0, "axis": "y", "origin": [7, 0, -5]},
			"faces": {
				"north": {"uv": [9.008, 8.258, 10.492, 8.492], "texture": "#0"},
				"east": {"uv": [0.508, 9.258, 1.492, 9.492], "texture": "#0"},
				"south": {"uv": [9.008, 8.508, 10.492, 8.742], "texture": "#0"},
				"west": {"uv": [9.258, 8.758, 10.242, 8.992], "texture": "#0"},
				"up": {"uv": [3.242, 9.742, 1.758, 8.758], "texture": "#0"},
				"down": {"uv": [10.242, 3.008, 8.758, 3.992], "texture": "#0"}
			}
		},
		{
			"from": [11, 1.5, -7],
			"to": [11, 2, -4],
			"rotation": {"angle": 0, "axis": "y", "origin": [7, 0, -5]},
			"faces": {
				"north": {"uv": [9.008, 8.258, 10.492, 8.492], "texture": "#0"},
				"east": {"uv": [0.508, 9.258, 1.492, 9.492], "texture": "#0"},
				"south": {"uv": [9.008, 8.508, 10.492, 8.742], "texture": "#0"},
				"west": {"uv": [9.258, 8.758, 10.242, 8.992], "texture": "#0"},
				"up": {"uv": [3.242, 9.742, 1.758, 8.758], "texture": "#0"},
				"down": {"uv": [10.242, 3.008, 8.758, 3.992], "texture": "#0"}
			}
		}
	],
	"display": {
		"thirdperson_righthand": {
			"rotation": [8.18, 41.42, -21.45],
			"translation": [1.25, 0, -1.25],
			"scale": [0.5, 0.5, 0.5]
		},
		"thirdperson_lefthand": {
			"rotation": [8.18, 41.42, -21.45],
			"translation": [1.25, 0, -1.25],
			"scale": [0.5, 0.5, 0.5]
		},
		"firstperson_righthand": {
			"translation": [1.25, 0, -1.25],
			"scale": [0.5, 0.5, 0.5]
		},
		"firstperson_lefthand": {
			"translation": [1.25, 0, -1.25],
			"scale": [0.5, 0.5, 0.5]
		},
		"ground": {
			"translation": [0, 2.25, 0],
			"scale": [0.5, 0.5, 0.5]
		},
		"gui": {
			"rotation": [-150, 33, -180],
			"translation": [0, 0.75, 0],
			"scale": [0.5, 0.5, 0.5]
		},
		"head": {
			"translation": [0, 12, 0],
			"scale": [0.85, 0.85, 0.85]
		},
		"fixed": {
			"rotation": [-90, 0, 0],
			"translation": [0, 0, -7]
		}
	}
}