{
	"format_version": "1.21.6",
	"credit": "Made with Blockbench",
	"textures": {
		"0": "item/candy_corn",
		"particle": "item/candy_corn"
	},
	"elements": [
		{
			"from": [3, 0.1, 5],
			"to": [13, 6, 9],
			"rotation": {"angle": 0, "axis": "y", "origin": [3, 0, 5]},
			"faces": {
				"north": {"uv": [0, 0, 2.5, 1.5], "texture": "#0"},
				"east": {"uv": [3, 6.5, 4, 8], "texture": "#0"},
				"south": {"uv": [0, 1.5, 2.5, 3], "texture": "#0"},
				"west": {"uv": [4, 6.5, 5, 8], "texture": "#0"},
				"up": {"uv": [2.5, 4, 0, 3], "texture": "#0"},
				"down": {"uv": [5, 3, 2.5, 4], "texture": "#0"}
			}
		},
		{
			"from": [4, 0, 4],
			"to": [12, 5, 10],
			"rotation": {"angle": 0, "axis": "y", "origin": [3, 0, 5]},
			"faces": {
				"north": {"uv": [0, 4, 2, 5.25], "texture": "#0"},
				"east": {"uv": [3.5, 5.25, 5, 6.5], "texture": "#0"},
				"south": {"uv": [2, 4, 4, 5.25], "texture": "#0"},
				"west": {"uv": [5, 5.25, 6.5, 6.5], "texture": "#0"},
				"up": {"uv": [4.5, 1.5, 2.5, 0], "texture": "#0"},
				"down": {"uv": [4.5, 1.5, 2.5, 3], "texture": "#0"}
			}
		},
		{
			"from": [5, 5, 4],
			"to": [11, 10, 10],
			"rotation": {"angle": 0, "axis": "y", "origin": [3, 5, 5]},
			"faces": {
				"north": {"uv": [6, 1.25, 7.5, 2.5], "texture": "#0"},
				"east": {"uv": [6, 3.75, 7.5, 5], "texture": "#0"},
				"south": {"uv": [1.5, 6.25, 3, 7.5], "texture": "#0"},
				"west": {"uv": [6.5, 0, 8, 1.25], "texture": "#0"},
				"up": {"uv": [6, 2.75, 4.5, 1.25], "texture": "#0"},
				"down": {"uv": [1.5, 5.25, 0, 6.75], "texture": "#0"}
			}
		},
		{
			"from": [6, 10, 4],
			"to": [10, 14, 10],
			"rotation": {"angle": 0, "axis": "y", "origin": [3, 10, 5]},
			"faces": {
				"north": {"uv": [7.5, 6, 8.5, 7], "texture": "#0"},
				"east": {"uv": [5, 6.5, 6.5, 7.5], "texture": "#0"},
				"south": {"uv": [7, 7.5, 8, 8.5], "texture": "#0"},
				"west": {"uv": [6.5, 5, 8, 6], "texture": "#0"},
				"up": {"uv": [7.5, 7.5, 6.5, 6], "texture": "#0"},
				"down": {"uv": [1, 6.75, 0, 8.25], "texture": "#0"}
			}
		},
		{
			"from": [4, 6, 5],
			"to": [12, 11, 9],
			"rotation": {"angle": 0, "axis": "y", "origin": [3, 6, 5]},
			"faces": {
				"north": {"uv": [4, 4, 6, 5.25], "texture": "#0"},
				"east": {"uv": [5, 7.5, 6, 8.75], "texture": "#0"},
				"south": {"uv": [4.5, 0, 6.5, 1.25], "texture": "#0"},
				"west": {"uv": [6, 7.5, 7, 8.75], "texture": "#0"},
				"up": {"uv": [7, 3.75, 5, 2.75], "texture": "#0"},
				"down": {"uv": [3.5, 5.25, 1.5, 6.25], "texture": "#0"}
			}
		},
		{
			"from": [5, 11, 5],
			"to": [11, 15, 9],
			"rotation": {"angle": 0, "axis": "y", "origin": [3, 11, 5]},
			"faces": {
				"north": {"uv": [7, 2.5, 8.5, 3.5], "texture": "#0"},
				"east": {"uv": [8, 0, 9, 1], "texture": "#0"},
				"south": {"uv": [1, 7.5, 2.5, 8.5], "texture": "#0"},
				"west": {"uv": [2.5, 8, 3.5, 9], "texture": "#0"},
				"up": {"uv": [9, 2.25, 7.5, 1.25], "texture": "#0"},
				"down": {"uv": [9, 3.5, 7.5, 4.5], "texture": "#0"}
			}
		},
		{
			"from": [5, 11, 10],
			"to": [7, 13, 12],
			"rotation": {"angle": 0, "axis": "y", "origin": [5, 11, 10]},
			"faces": {
				"north": {"uv": [0, 10, 0.5, 10.5], "texture": "#0"},
				"east": {"uv": [0, 10, 0.5, 10.5], "texture": "#0"},
				"south": {"uv": [0.5, 9.5, 1, 10], "texture": "#0"},
				"west": {"uv": [0, 10, 0.5, 10.5], "texture": "#0"},
				"up": {"uv": [0.5, 10.5, 0, 10], "texture": "#0"},
				"down": {"uv": [0.5, 10, 0, 10.5], "texture": "#0"}
			}
		},
		{
			"from": [9, 11, 10],
			"to": [11, 13, 12],
			"rotation": {"angle": 0, "axis": "y", "origin": [9, 11, 10]},
			"faces": {
				"north": {"uv": [0, 10, 0.5, 10.5], "texture": "#0"},
				"east": {"uv": [0, 10, 0.5, 10.5], "texture": "#0"},
				"south": {"uv": [0, 9.5, 0.5, 10], "texture": "#0"},
				"west": {"uv": [0, 10, 0.5, 10.5], "texture": "#0"},
				"up": {"uv": [0.5, 10.5, 0, 10], "texture": "#0"},
				"down": {"uv": [0.5, 10, 0, 10.5], "texture": "#0"}
			}
		},
		{
			"from": [6, 15, 5],
			"to": [10, 16, 9],
			"rotation": {"angle": 0, "axis": "y", "origin": [6, 15, 6]},
			"faces": {
				"north": {"uv": [8, 5.5, 9, 6], "texture": "#0"},
				"east": {"uv": [6.5, 7.25, 7.5, 7.5], "texture": "#0"},
				"south": {"uv": [8, 5, 9, 5.5], "texture": "#0"},
				"west": {"uv": [8, 5.5, 9, 6], "texture": "#0"},
				"up": {"uv": [8, 7, 9, 8], "rotation": 180, "texture": "#0"},
				"down": {"uv": [0, 0, 4, 4], "texture": "#0"}
			}
		}
	],
	"display": {
		"thirdperson_righthand": {
			"rotation": [-102.37, -34.11, -177.82],
			"translation": [0, 2.25, 0],
			"scale": [0.47461, 0.47461, 0.47461]
		},
		"thirdperson_lefthand": {
			"rotation": [-119.09, -5.53, 177.72],
			"translation": [0, 2, 1],
			"scale": [0.32422, 0.32422, 0.32422]
		},
		"firstperson_righthand": {
			"rotation": [6.86, -41.52, 11.02],
			"translation": [11.25, 0, -9.25],
			"scale": [1.05273, 1.05273, 1.05273]
		},
		"firstperson_lefthand": {
			"rotation": [-34.21, -56.36, -39.22],
			"translation": [2.75, 3.25, 0],
			"scale": [0.38672, 0.38672, 0.38672]
		},
		"ground": {
			"rotation": [-23.32, -50.15, -21.47],
			"translation": [0, 2.75, 0],
			"scale": [0.55859, 0.55859, 0.55859]
		},
		"gui": {
			"rotation": [-4.44, 20.29, 11.2],
			"scale": [0.8125, 0.8125, 0.8125]
		},
		"head": {
			"rotation": [-180, -5, -180],
			"translation": [0.25, 1.25, -0.25],
			"scale": [2.08594, 2.08594, 2.08594]
		},
		"fixed": {
			"rotation": [-180, 5, -180],
			"scale": [0.87305, 0.87305, 0.87305]
		}
	}
}