{

  "parent": "minecraft:block/carved_pumpkin", "overrides":
[
{"predicate":{"custom_model_data":1},"model":"item/glasses"},
{"predicate":{"custom_model_data":2},"model":"item/ophat"},
{"predicate":{"custom_model_data":3},"model":"item/pinkaxolotl"},
{"predicate":{"custom_model_data":4},"model":"item/pancakes"},
{"predicate":{"custom_model_data":5},"model":"item/mogcrown"},
{"predicate":{"custom_model_data":6},"model":"item/snail"},
{"predicate":{"custom_model_data":7},"model":"item/shulker_hat"},
{"predicate":{"custom_model_data":8},"model":"item/spacesuit"},
{"predicate":{"custom_model_data":9},"model":"item/rathat"},
{"predicate":{"custom_model_data":10},"model":"item/mimic"},
{"predicate":{"custom_model_data":11},"model":"item/dragonegg"},
{"predicate":{"custom_model_data":12},"model":"item/camera"},
{"predicate":{"custom_model_data":13},"model":"item/beardjar"},
{"predicate":{"custom_model_data":14},"model":"item/tricornhat"},
{"predicate":{"custom_model_data":15},"model":"item/horns"},
{"predicate":{"custom_model_data":16},"model":"item/chefhat"},
{"predicate":{"custom_model_data":17},"model":"item/saps"},
{"predicate":{"custom_model_data":18},"model":"item/hardhat"},
{"predicate":{"custom_model_data":19},"model":"item/allay"},
{"predicate":{"custom_model_data":20},"model":"item/llamasnailr"},
{"predicate":{"custom_model_data":21},"model":"item/llamasnailb"},
{"predicate":{"custom_model_data":22},"model":"item/wrathat"},
{"predicate":{"custom_model_data":23},"model":"item/mask"},
{"predicate":{"custom_model_data":24},"model":"item/witchhat"},
{"predicate":{"custom_model_data":25},"model":"item/fakeglasses"},
{"predicate":{"custom_model_data":26},"model":"item/xmastree"},
{"predicate":{"custom_model_data":27},"model":"item/snowglobe"},
{"predicate":{"custom_model_data":28},"model":"item/smallpresent"},
{"predicate":{"custom_model_data":29},"model":"item/santahat"},
{"predicate":{"custom_model_data":30},"model":"item/hideandseek"},
{"predicate":{"custom_model_data":31},"model":"item/amogusslime"},
{"predicate":{"custom_model_data":32},"model":"item/crogus"},
{"predicate":{"custom_model_data":33},"model":"item/snowman"},
{"predicate":{"custom_model_data":34},"model":"item/tiara"},
{"predicate":{"custom_model_data":35},"model":"item/heartcoe_hat"},
{"predicate":{"custom_model_data":36},"model":"item/friendshiprat"},
{"predicate":{"custom_model_data":37},"model":"item/heartsnail"},
{"predicate":{"custom_model_data":38},"model":"item/blueaxolotl"},
{"predicate":{"custom_model_data":39},"model":"item/brownaxolotl"},
{"predicate":{"custom_model_data":40},"model":"item/cyanaxolotl"},
{"predicate":{"custom_model_data":41},"model":"item/yellowaxolotl"},
{"predicate":{"custom_model_data":42},"model":"item/prideaxo"},
{"predicate":{"custom_model_data":43},"model":"item/bigmogplush"},
{"predicate":{"custom_model_data":44},"model":"item/mogplush"},
{"predicate":{"custom_model_data":45},"model":"item/beeplush"},
{"predicate":{"custom_model_data":46},"model":"item/skeleplush"},
{"predicate":{"custom_model_data":47},"model":"item/witherskeleplush"},
{"predicate":{"custom_model_data":48},"model":"item/zombutplush"},
{"predicate":{"custom_model_data":49},"model":"item/copper_wreath"},
{"predicate":{"custom_model_data":50},"model":"item/greensantahat"},
{"predicate":{"custom_model_data":51},"model":"item/bunny_ears"},
{"predicate":{"custom_model_data":52},"model":"item/spring_basket"},
{"predicate":{"custom_model_data":53},"model":"item/snowmanbackpack"},
{"predicate":{"custom_model_data":54},"model":"item/korok1"},
{"predicate":{"custom_model_data":55},"model":"item/korok2"},
{"predicate":{"custom_model_data":56},"model":"item/flatnet_headphones"},
{"predicate":{"custom_model_data":57},"model":"item/flatnet_lifepreserver"},
{"predicate":{"custom_model_data":58},"model":"item/flatnet_headphonesrobella"},
{"predicate":{"custom_model_data":59},"model":"item/blahaj"},
{"predicate":{"custom_model_data":60},"model":"item/banhammer"},
{"predicate":{"custom_model_data":61},"model":"item/sunflower_hat"},
{"predicate":{"custom_model_data":62},"model":"item/mushroom_hat"},
{"predicate":{"custom_model_data":63},"model":"item/sandcastle"},
{"predicate":{"custom_model_data":64},"model":"item/candy_corn"}
]
}

	