{

   "parent": "minecraft:item/generated",
  "textures": {
  "layer0": "minecraft:item/dragon_breath"}, "overrides":[
    {"predicate":{"custom_model_data":1},"model":"item/bonewand"},
	{"predicate":{"custom_model_data":2},"model":"item/bluewand"},
	{"predicate":{"custom_model_data":3},"model":"item/wandish"},
	{"predicate":{"custom_model_data":4},"model":"item/pumpstaff"},
	{"predicate":{"custom_model_data":5},"model":"item/smallkin"},
	{"predicate":{"custom_model_data":6},"model":"item/gobbyshotrod"},
  {"predicate":{"custom_model_data":7},"model":"item/skull_slime_hat"}
  ]
  }