{
	"credit": "Made with Blockbench",
	"parent": "carved_pumpkin",
	"texture_size": [32, 32],
	"textures": {
		"4": "block/brown_wool",
		"5": "block/bell_side",
		"6": "block/gray_concrete",
		"7": "block/white_stained_glass"
	},
	"elements": [
		{
			"from": [7.4, 5.85, 3],
			"to": [8.65, 6.15, 3.25],
			"faces": {
				"north": {"uv": [0, 0, 11.33929, 2.25], "texture": "#6"},
				"east": {"uv": [0, 0, 2.26786, 2.25], "texture": "#6"},
				"south": {"uv": [0, 0, 11.33929, 2.25], "texture": "#6"},
				"west": {"uv": [0, 0, 2.26786, 2.25], "texture": "#6"},
				"up": {"uv": [0, 0, 11.33929, 1.875], "texture": "#6"},
				"down": {"uv": [0, 0, 11.33929, 1.875], "texture": "#6"}
			}
		},
		{
			"from": [5.75, 6.025, 3],
			"to": [7.5, 6.275, 3.25],
			"rotation": {"angle": 0, "axis": "y", "origin": [0.25, 0, 0]},
			"faces": {
				"north": {"uv": [0, 0, 15.875, 1.875], "texture": "#6"},
				"east": {"uv": [0, 0, 2.26786, 1.875], "texture": "#6"},
				"south": {"uv": [0, 0, 15.875, 1.875], "texture": "#6"},
				"west": {"uv": [0, 0, 2.26786, 1.875], "texture": "#6"},
				"up": {"uv": [0, 0, 15.875, 1.875], "texture": "#6"},
				"down": {"uv": [0, 0, 15.875, 1.875], "texture": "#6"}
			}
		},
		{
			"from": [5.5, 5.125, 3],
			"to": [5.75, 6.125, 3.25],
			"rotation": {"angle": 0, "axis": "y", "origin": [0.25, 0, 0]},
			"faces": {
				"north": {"uv": [0, 0, 2.26786, 7.5], "texture": "#6"},
				"east": {"uv": [0, 0, 2.26786, 7.5], "texture": "#6"},
				"south": {"uv": [0, 0, 2.26786, 7.5], "texture": "#6"},
				"west": {"uv": [0, 0, 2.26786, 7.5], "texture": "#6"},
				"up": {"uv": [0, 0, 2.26786, 1.875], "texture": "#6"},
				"down": {"uv": [0, 0, 2.26786, 1.875], "texture": "#6"}
			}
		},
		{
			"from": [10.25, 5.125, 3],
			"to": [10.5, 6.125, 3.25],
			"rotation": {"angle": 0, "axis": "y", "origin": [-0.25, 0, 0]},
			"faces": {
				"north": {"uv": [0, 0, 2.26786, 7.5], "texture": "#6"},
				"east": {"uv": [0, 0, 2.26786, 7.5], "texture": "#6"},
				"south": {"uv": [0, 0, 2.26786, 7.5], "texture": "#6"},
				"west": {"uv": [0, 0, 2.26786, 7.5], "texture": "#6"},
				"up": {"uv": [0, 0, 2.26786, 1.875], "texture": "#6"},
				"down": {"uv": [0, 0, 2.26786, 1.875], "texture": "#6"}
			}
		},
		{
			"from": [9.75, 5.05, 3],
			"to": [10.25, 5.2, 3.175],
			"rotation": {"angle": 0, "axis": "y", "origin": [-0.25, 0, 0]},
			"faces": {
				"north": {"uv": [0, 0, 4.53571, 1.125], "texture": "#6"},
				"east": {"uv": [0, 0, 1.5875, 1.125], "texture": "#6"},
				"south": {"uv": [0, 0, 4.53571, 1.125], "texture": "#6"},
				"west": {"uv": [0, 0, 1.5875, 1.125], "texture": "#6"},
				"up": {"uv": [0, 0, 4.53571, 1.3125], "texture": "#6"},
				"down": {"uv": [0, 0, 4.53571, 1.3125], "texture": "#6"}
			}
		},
		{
			"from": [5.75, 5.05, 3],
			"to": [6.25, 5.2, 3.175],
			"rotation": {"angle": 0, "axis": "y", "origin": [0.25, 0, 0]},
			"faces": {
				"north": {"uv": [0, 0, 4.53571, 1.125], "texture": "#6"},
				"east": {"uv": [0, 0, 1.5875, 1.125], "texture": "#6"},
				"south": {"uv": [0, 0, 4.53571, 1.125], "texture": "#6"},
				"west": {"uv": [0, 0, 1.5875, 1.125], "texture": "#6"},
				"up": {"uv": [0, 0, 4.53571, 1.3125], "texture": "#6"},
				"down": {"uv": [0, 0, 4.53571, 1.3125], "texture": "#6"}
			}
		},
		{
			"from": [6.25, 5, 3],
			"to": [7.25, 5.1, 3.075],
			"rotation": {"angle": 0, "axis": "y", "origin": [3.25, 0, 10]},
			"faces": {
				"north": {"uv": [0, 0, 9.07143, 0.75], "texture": "#6"},
				"east": {"uv": [0, 0, 0.68036, 0.75], "texture": "#6"},
				"south": {"uv": [0, 0, 9.07143, 0.75], "texture": "#6"},
				"west": {"uv": [0, 0, 0.68036, 0.75], "texture": "#6"},
				"up": {"uv": [0, 0, 9.07143, 0.5625], "texture": "#6"},
				"down": {"uv": [0, 0, 9.07143, 0.5625], "texture": "#6"}
			}
		},
		{
			"from": [7.525, 5.375, 3],
			"to": [7.675, 5.925, 3.075],
			"rotation": {"angle": 0, "axis": "y", "origin": [3.25, 0, 10]},
			"faces": {
				"north": {"uv": [0, 0, 1.36071, 4.125], "texture": "#6"},
				"east": {"uv": [0, 0, 0.68036, 4.125], "texture": "#6"},
				"south": {"uv": [0, 0, 1.36071, 4.125], "texture": "#6"},
				"west": {"uv": [0, 0, 0.68036, 4.125], "texture": "#6"},
				"up": {"uv": [0, 0, 1.36071, 0.5625], "texture": "#6"},
				"down": {"uv": [0, 0, 1.36071, 0.5625], "texture": "#6"}
			}
		},
		{
			"from": [2.45, 6.375, 3],
			"to": [2.55, 6.925, 3.075],
			"rotation": {"angle": -45, "axis": "z", "origin": [3.25, 0, 10]},
			"faces": {
				"north": {"uv": [0, 0, 0.90714, 4.125], "texture": "#6"},
				"east": {"uv": [0, 0, 0.68036, 4.125], "texture": "#6"},
				"south": {"uv": [0, 0, 0.90714, 4.125], "texture": "#6"},
				"west": {"uv": [0, 0, 0.68036, 4.125], "texture": "#6"},
				"up": {"uv": [0, 0, 0.90714, 0.5625], "texture": "#6"},
				"down": {"uv": [0, 0, 0.90714, 0.5625], "texture": "#6"}
			}
		},
		{
			"from": [10.525, -0.7, 3],
			"to": [10.625, -0.15, 3.075],
			"rotation": {"angle": 45, "axis": "z", "origin": [2.75, 0, 10]},
			"faces": {
				"north": {"uv": [0, 0, 0.90714, 4.125], "texture": "#6"},
				"east": {"uv": [0, 0, 0.68036, 4.125], "texture": "#6"},
				"south": {"uv": [0, 0, 0.90714, 4.125], "texture": "#6"},
				"west": {"uv": [0, 0, 0.68036, 4.125], "texture": "#6"},
				"up": {"uv": [0, 0, 0.90714, 0.5625], "texture": "#6"},
				"down": {"uv": [0, 0, 0.90714, 0.5625], "texture": "#6"}
			}
		},
		{
			"from": [8.3, 5.375, 3],
			"to": [8.45, 5.925, 3.075],
			"rotation": {"angle": 0, "axis": "y", "origin": [2.75, 0, 10]},
			"faces": {
				"north": {"uv": [0, 0, 1.36071, 4.125], "texture": "#6"},
				"east": {"uv": [0, 0, 0.68036, 4.125], "texture": "#6"},
				"south": {"uv": [0, 0, 1.36071, 4.125], "texture": "#6"},
				"west": {"uv": [0, 0, 0.68036, 4.125], "texture": "#6"},
				"up": {"uv": [0, 0, 1.36071, 0.5625], "texture": "#6"},
				"down": {"uv": [0, 0, 1.36071, 0.5625], "texture": "#6"}
			}
		},
		{
			"from": [6, 5, 3],
			"to": [7, 5.1, 3.075],
			"faces": {
				"north": {"uv": [0, 0, 9.07143, 0.75], "texture": "#6"},
				"east": {"uv": [0, 0, 0.68036, 0.75], "texture": "#6"},
				"south": {"uv": [0, 0, 9.07143, 0.75], "texture": "#6"},
				"west": {"uv": [0, 0, 0.68036, 0.75], "texture": "#6"},
				"up": {"uv": [0, 0, 9.07143, 0.5625], "texture": "#6"},
				"down": {"uv": [0, 0, 9.07143, 0.5625], "texture": "#6"}
			}
		},
		{
			"from": [8.75, 5, 3],
			"to": [9.75, 5.1, 3.075],
			"rotation": {"angle": 0, "axis": "y", "origin": [-0.25, 0, 0]},
			"faces": {
				"north": {"uv": [0, 0, 9.07143, 0.75], "texture": "#6"},
				"east": {"uv": [0, 0, 0.68036, 0.75], "texture": "#6"},
				"south": {"uv": [0, 0, 9.07143, 0.75], "texture": "#6"},
				"west": {"uv": [0, 0, 0.68036, 0.75], "texture": "#6"},
				"up": {"uv": [0, 0, 9.07143, 0.5625], "texture": "#6"},
				"down": {"uv": [0, 0, 9.07143, 0.5625], "texture": "#6"}
			}
		},
		{
			"from": [8.5, 6.025, 3],
			"to": [10.25, 6.275, 3.25],
			"rotation": {"angle": 0, "axis": "y", "origin": [-0.25, 0, 0]},
			"faces": {
				"north": {"uv": [0, 0, 15.875, 1.875], "texture": "#6"},
				"east": {"uv": [0, 0, 2.26786, 1.875], "texture": "#6"},
				"south": {"uv": [0, 0, 15.875, 1.875], "texture": "#6"},
				"west": {"uv": [0, 0, 2.26786, 1.875], "texture": "#6"},
				"up": {"uv": [0, 0, 15.875, 1.875], "texture": "#6"},
				"down": {"uv": [0, 0, 15.875, 1.875], "texture": "#6"}
			}
		},
		{
			"from": [5.4, 5.8, 3.075],
			"to": [5.525, 6.05, 4.325],
			"faces": {
				"north": {"uv": [0, 0, 0.4625, 0.925], "texture": "#6"},
				"east": {"uv": [0, 0, 4.625, 0.925], "texture": "#6"},
				"south": {"uv": [0, 0, 0.4625, 0.925], "texture": "#6"},
				"west": {"uv": [0, 0, 4.625, 0.925], "texture": "#6"},
				"up": {"uv": [0, 0, 0.4625, 4.625], "texture": "#6"},
				"down": {"uv": [0, 0, 0.4625, 4.625], "texture": "#6"}
			}
		},
		{
			"from": [5.425, 5.875, 4.325],
			"to": [5.5, 6.05, 5.575],
			"faces": {
				"north": {"uv": [0, 0, 0.2775, 0.6475], "texture": "#6"},
				"east": {"uv": [0, 0, 4.625, 0.6475], "texture": "#6"},
				"south": {"uv": [0, 0, 0.2775, 0.6475], "texture": "#6"},
				"west": {"uv": [0, 0, 4.625, 0.6475], "texture": "#6"},
				"up": {"uv": [0, 0, 0.2775, 4.625], "texture": "#6"},
				"down": {"uv": [0, 0, 0.2775, 4.625], "texture": "#6"}
			}
		},
		{
			"from": [5.425, 5.8, 5.575],
			"to": [5.5, 6.05, 6.075],
			"faces": {
				"north": {"uv": [0, 0, 0.2775, 0.925], "texture": "#6"},
				"east": {"uv": [0, 0, 1.85, 0.925], "texture": "#6"},
				"south": {"uv": [0, 0, 0.2775, 0.925], "texture": "#6"},
				"west": {"uv": [0, 0, 1.85, 0.925], "texture": "#6"},
				"up": {"uv": [0, 0, 0.2775, 1.85], "texture": "#6"},
				"down": {"uv": [0, 0, 0.2775, 1.85], "texture": "#6"}
			}
		},
		{
			"from": [10.425, 5.8, 3.075],
			"to": [10.55, 6.05, 4.325],
			"faces": {
				"north": {"uv": [0, 0, 0.4625, 0.925], "texture": "#6"},
				"east": {"uv": [0, 0, 4.625, 0.925], "texture": "#6"},
				"south": {"uv": [0, 0, 0.4625, 0.925], "texture": "#6"},
				"west": {"uv": [0, 0, 4.625, 0.925], "texture": "#6"},
				"up": {"uv": [0, 0, 0.4625, 4.625], "texture": "#6"},
				"down": {"uv": [0, 0, 0.4625, 4.625], "texture": "#6"}
			}
		},
		{
			"from": [10.45, 5.875, 4.325],
			"to": [10.525, 6.05, 5.575],
			"faces": {
				"north": {"uv": [0, 0, 0.2775, 0.6475], "texture": "#6"},
				"east": {"uv": [0, 0, 4.625, 0.6475], "texture": "#6"},
				"south": {"uv": [0, 0, 0.2775, 0.6475], "texture": "#6"},
				"west": {"uv": [0, 0, 4.625, 0.6475], "texture": "#6"},
				"up": {"uv": [0, 0, 0.2775, 4.625], "texture": "#6"},
				"down": {"uv": [0, 0, 0.2775, 4.625], "texture": "#6"}
			}
		},
		{
			"from": [10.45, 5.8, 5.575],
			"to": [10.525, 6.05, 6.075],
			"faces": {
				"north": {"uv": [0, 0, 0.2775, 0.925], "texture": "#6"},
				"east": {"uv": [0, 0, 1.85, 0.925], "texture": "#6"},
				"south": {"uv": [0, 0, 0.2775, 0.925], "texture": "#6"},
				"west": {"uv": [0, 0, 1.85, 0.925], "texture": "#6"},
				"up": {"uv": [0, 0, 0.2775, 1.85], "texture": "#6"},
				"down": {"uv": [0, 0, 0.2775, 1.85], "texture": "#6"}
			}
		},
		{
			"from": [8.575, 5.2, 3.05],
			"to": [10.325, 6.025, 3.075],
			"faces": {
				"north": {"uv": [0, 0, 11.875, 5.4125], "texture": "#7"},
				"east": {"uv": [0, 0, 0.16964, 5.4125], "texture": "#7"},
				"south": {"uv": [0, 0, 11.875, 5.4125], "texture": "#7"},
				"west": {"uv": [0, 0, 0.16964, 5.4125], "texture": "#7"},
				"up": {"uv": [0, 0, 11.875, 0], "texture": "#7"},
				"down": {"uv": [0, 0, 11.875, 0], "texture": "#7"}
			}
		},
		{
			"from": [5.7, 5.2, 3.05],
			"to": [7.45, 6.025, 3.075],
			"faces": {
				"north": {"uv": [0, 0, 11.875, 5.4125], "texture": "#7"},
				"east": {"uv": [0, 0, 0.16964, 5.4125], "texture": "#7"},
				"south": {"uv": [0, 0, 11.875, 5.4125], "texture": "#7"},
				"west": {"uv": [0, 0, 0.16964, 5.4125], "texture": "#7"},
				"up": {"uv": [0, 0, 11.875, 0], "texture": "#7"},
				"down": {"uv": [0, 0, 11.875, 0], "texture": "#7"}
			}
		},
		{
			"from": [8.45, 5.3, 3.05],
			"to": [8.575, 6.025, 3.075],
			"faces": {
				"north": {"uv": [0, 0, 0.84821, 4.51402], "texture": "#7"},
				"east": {"uv": [0, 0, 0.16964, 4.51402], "texture": "#7"},
				"south": {"uv": [0, 0, 0.84821, 4.51402], "texture": "#7"},
				"west": {"uv": [0, 0, 0.16964, 4.51402], "texture": "#7"},
				"up": {"uv": [0, 0, 0.84821, 0], "texture": "#7"},
				"down": {"uv": [0, 0, 0.84821, 0], "texture": "#7"}
			}
		},
		{
			"from": [7.4, 5.3, 3.05],
			"to": [7.525, 6.025, 3.075],
			"faces": {
				"north": {"uv": [0, 0, 0.84821, 4.51402], "texture": "#7"},
				"east": {"uv": [0, 0, 0.16964, 4.51402], "texture": "#7"},
				"south": {"uv": [0, 0, 0.84821, 4.51402], "texture": "#7"},
				"west": {"uv": [0, 0, 0.16964, 4.51402], "texture": "#7"},
				"up": {"uv": [0, 0, 0.84821, 0], "texture": "#7"},
				"down": {"uv": [0, 0, 0.84821, 0], "texture": "#7"}
			}
		},
		{
			"from": [8.65, 5.1, 3.05],
			"to": [9.75, 5.2, 3.075],
			"faces": {
				"north": {"uv": [0, 0, 7.46429, 0], "texture": "#7"},
				"east": {"uv": [0, 0, 0.16964, 0], "texture": "#7"},
				"south": {"uv": [0, 0, 7.46429, 0], "texture": "#7"},
				"west": {"uv": [0, 0, 0.16964, 0], "texture": "#7"},
				"up": {"uv": [0, 0, 7.46429, 0], "texture": "#7"},
				"down": {"uv": [0, 0, 7.46429, 0], "texture": "#7"}
			}
		},
		{
			"from": [6.225, 5.1, 3.05],
			"to": [7.325, 5.2, 3.075],
			"faces": {
				"north": {"uv": [0, 0, 7.46429, 0], "texture": "#7"},
				"east": {"uv": [0, 0, 0.16964, 0], "texture": "#7"},
				"south": {"uv": [0, 0, 7.46429, 0], "texture": "#7"},
				"west": {"uv": [0, 0, 0.16964, 0], "texture": "#7"},
				"up": {"uv": [0, 0, 7.46429, 0], "texture": "#7"},
				"down": {"uv": [0, 0, 7.46429, 0], "texture": "#7"}
			}
		},
		{
			"from": [7.575, 4.75, 2.75],
			"to": [8.425, 5.25, 3.25],
			"faces": {
				"north": {"uv": [2, 0, 6.425, 4.76613], "texture": "#5"},
				"east": {"uv": [2, 0, 3.36765, 4.76613], "texture": "#5"},
				"south": {"uv": [2, 0, 6.425, 4.76613], "texture": "#5"},
				"west": {"uv": [2, 0, 3.36765, 4.76613], "texture": "#5"},
				"up": {"uv": [2, 0, 6.425, 4.76613], "texture": "#5"},
				"down": {"uv": [2, 0, 6.425, 4.76613], "texture": "#5"}
			}
		},
		{
			"from": [7.75, 4.75, 2.525],
			"to": [8.25, 5.525, 3.25],
			"faces": {
				"north": {"uv": [1, 0, 6.36765, 7.3875], "texture": "#5"},
				"east": {"uv": [2, 0, 5.33309, 7.3875], "texture": "#5"},
				"south": {"uv": [2, 0, 3.36765, 7.3875], "texture": "#5"},
				"west": {"uv": [2, 0, 5.33309, 7.3875], "texture": "#5"},
				"up": {"uv": [2, 0, 3.36765, 6.91089], "texture": "#5"},
				"down": {"uv": [2, 0, 3.36765, 6.91089], "texture": "#5"}
			}
		},
		{
			"from": [7.875, 5.475, 2.7],
			"to": [8.125, 5.95, 3.25],
			"faces": {
				"north": {"uv": [2, 0, 1.18382, 4.52782], "texture": "#5"},
				"east": {"uv": [2, 0, 3.80441, 4.52782], "texture": "#5"},
				"south": {"uv": [2, 0, 1.18382, 4.52782], "texture": "#5"},
				"west": {"uv": [2, 0, 3.80441, 4.52782], "texture": "#5"},
				"up": {"uv": [2, 0, 1.18382, 5.24274], "texture": "#5"},
				"down": {"uv": [2, 0, 1.18382, 5.24274], "texture": "#5"}
			}
		},
		{
			"from": [7.125, 4.425, 2.8],
			"to": [8.875, 4.75, 3.15],
			"faces": {
				"north": {"uv": [0, 0, 16, 1.94821], "texture": "#4"},
				"east": {"uv": [0, 0, 7.575, 1.94821], "texture": "#4"},
				"south": {"uv": [0, 0, 16, 1.94821], "texture": "#4"},
				"west": {"uv": [0, 0, 7.575, 1.94821], "texture": "#4"},
				"up": {"uv": [0, 0, 16, 2.175], "texture": "#4"},
				"down": {"uv": [0, 0, 16, 2.175], "texture": "#4"}
			}
		},
		{
			"from": [8.5, 4.25, 2.85],
			"to": [9.3, 4.5, 3.15],
			"faces": {
				"north": {"uv": [0, 0, 10.88571, 1.26786], "texture": "#4"},
				"east": {"uv": [0, 0, 7.20714, 1.26786], "texture": "#4"},
				"south": {"uv": [0, 0, 10.88571, 1.26786], "texture": "#4"},
				"west": {"uv": [0, 0, 7.20714, 1.26786], "texture": "#4"},
				"up": {"uv": [0, 0, 10.88571, 1.72143], "texture": "#4"},
				"down": {"uv": [0, 0, 10.88571, 1.72143], "texture": "#4"}
			}
		},
		{
			"from": [6.7, 4.275, 2.85],
			"to": [7.5, 4.5, 3.15],
			"faces": {
				"north": {"uv": [0, 0, 10.88571, 1.04107], "texture": "#4"},
				"east": {"uv": [0, 0, 7.20714, 1.04107], "texture": "#4"},
				"south": {"uv": [0, 0, 10.88571, 1.04107], "texture": "#4"},
				"west": {"uv": [0, 0, 7.20714, 1.04107], "texture": "#4"},
				"up": {"uv": [0, 0, 10.88571, 1.72143], "texture": "#4"},
				"down": {"uv": [0, 0, 10.88571, 1.72143], "texture": "#4"}
			}
		},
		{
			"from": [6.175, 4.275, 2.85],
			"to": [6.7, 4.375, 3.15],
			"faces": {
				"north": {"uv": [0, 0, 8.8625, 0], "texture": "#4"},
				"east": {"uv": [0, 0, 7.20714, 0], "texture": "#4"},
				"south": {"uv": [0, 0, 8.8625, 0], "texture": "#4"},
				"west": {"uv": [0, 0, 7.20714, 0], "texture": "#4"},
				"up": {"uv": [0, 0, 8.8625, 1.72143], "texture": "#4"},
				"down": {"uv": [0, 0, 8.8625, 1.72143], "texture": "#4"}
			}
		},
		{
			"from": [9.3, 4.275, 2.85],
			"to": [9.825, 4.375, 3.15],
			"faces": {
				"north": {"uv": [0, 0, 8.8625, 0], "texture": "#4"},
				"east": {"uv": [0, 0, 7.20714, 0], "texture": "#4"},
				"south": {"uv": [0, 0, 8.8625, 0], "texture": "#4"},
				"west": {"uv": [0, 0, 7.20714, 0], "texture": "#4"},
				"up": {"uv": [0, 0, 8.8625, 1.72143], "texture": "#4"},
				"down": {"uv": [0, 0, 8.8625, 1.72143], "texture": "#4"}
			}
		},
		{
			"from": [9.675, 4.375, 2.925],
			"to": [10.025, 4.45, 3.075],
			"faces": {
				"north": {"uv": [0, 0, 7.575, 0], "texture": "#4"},
				"east": {"uv": [0, 0, 6.10357, 0], "texture": "#4"},
				"south": {"uv": [0, 0, 7.575, 0], "texture": "#4"},
				"west": {"uv": [0, 0, 6.10357, 0], "texture": "#4"},
				"up": {"uv": [0, 0, 7.575, 0.36071], "texture": "#4"},
				"down": {"uv": [0, 0, 7.575, 0.36071], "texture": "#4"}
			}
		},
		{
			"from": [5.975, 4.375, 2.925],
			"to": [6.325, 4.45, 3.075],
			"faces": {
				"north": {"uv": [0, 0, 7.575, 0], "texture": "#4"},
				"east": {"uv": [0, 0, 6.10357, 0], "texture": "#4"},
				"south": {"uv": [0, 0, 7.575, 0], "texture": "#4"},
				"west": {"uv": [0, 0, 6.10357, 0], "texture": "#4"},
				"up": {"uv": [0, 0, 7.575, 0.36071], "texture": "#4"},
				"down": {"uv": [0, 0, 7.575, 0.36071], "texture": "#4"}
			}
		},
		{
			"from": [7.5, 4.325, 2.825],
			"to": [7.7, 4.425, 3.15],
			"faces": {
				"north": {"uv": [0, 0, 6.47143, 0], "texture": "#4"},
				"east": {"uv": [0, 0, 7.39107, 0], "texture": "#4"},
				"south": {"uv": [0, 0, 6.47143, 0], "texture": "#4"},
				"west": {"uv": [0, 0, 7.39107, 0], "texture": "#4"},
				"up": {"uv": [0, 0, 6.47143, 1.94821], "texture": "#4"},
				"down": {"uv": [0, 0, 6.47143, 1.94821], "texture": "#4"}
			}
		},
		{
			"from": [8.3, 4.325, 2.825],
			"to": [8.5, 4.425, 3.15],
			"faces": {
				"north": {"uv": [0, 0, 6.47143, 0], "texture": "#4"},
				"east": {"uv": [0, 0, 7.39107, 0], "texture": "#4"},
				"south": {"uv": [0, 0, 6.47143, 0], "texture": "#4"},
				"west": {"uv": [0, 0, 7.39107, 0], "texture": "#4"},
				"up": {"uv": [0, 0, 6.47143, 1.94821], "texture": "#4"},
				"down": {"uv": [0, 0, 6.47143, 1.94821], "texture": "#4"}
			}
		},
		{
			"from": [6.925, 4.5, 2.825],
			"to": [7.125, 4.6, 3.15],
			"faces": {
				"north": {"uv": [0, 0, 6.47143, 0], "texture": "#4"},
				"east": {"uv": [0, 0, 7.39107, 0], "texture": "#4"},
				"south": {"uv": [0, 0, 6.47143, 0], "texture": "#4"},
				"west": {"uv": [0, 0, 7.39107, 0], "texture": "#4"},
				"up": {"uv": [0, 0, 6.47143, 1.94821], "texture": "#4"},
				"down": {"uv": [0, 0, 6.47143, 1.94821], "texture": "#4"}
			}
		},
		{
			"from": [6.425, 4.2, 2.875],
			"to": [7.125, 4.275, 3.15],
			"faces": {
				"north": {"uv": [0, 0, 10.15, 0], "texture": "#4"},
				"east": {"uv": [0, 0, 7.02321, 0], "texture": "#4"},
				"south": {"uv": [0, 0, 10.15, 0], "texture": "#4"},
				"west": {"uv": [0, 0, 7.02321, 0], "texture": "#4"},
				"up": {"uv": [0, 0, 10.15, 1.49464], "texture": "#4"},
				"down": {"uv": [0, 0, 10.15, 1.49464], "texture": "#4"}
			}
		},
		{
			"from": [8.75, 4.5, 2.825],
			"to": [8.95, 4.6, 3.15],
			"faces": {
				"north": {"uv": [0, 0, 6.47143, 0], "texture": "#4"},
				"east": {"uv": [0, 0, 7.39107, 0], "texture": "#4"},
				"south": {"uv": [0, 0, 6.47143, 0], "texture": "#4"},
				"west": {"uv": [0, 0, 7.39107, 0], "texture": "#4"},
				"up": {"uv": [0, 0, 6.47143, 1.94821], "texture": "#4"},
				"down": {"uv": [0, 0, 6.47143, 1.94821], "texture": "#4"}
			}
		},
		{
			"from": [8.775, 4.2, 2.875],
			"to": [9.475, 4.275, 3.15],
			"faces": {
				"north": {"uv": [0, 0, 10.15, 0], "texture": "#4"},
				"east": {"uv": [0, 0, 7.02321, 0], "texture": "#4"},
				"south": {"uv": [0, 0, 10.15, 0], "texture": "#4"},
				"west": {"uv": [0, 0, 7.02321, 0], "texture": "#4"},
				"up": {"uv": [0, 0, 10.15, 1.49464], "texture": "#4"},
				"down": {"uv": [0, 0, 10.15, 1.49464], "texture": "#4"}
			}
		},
		{
			"from": [6.05, 6.775, 2.85],
			"to": [6.575, 6.925, 3.15],
			"faces": {
				"north": {"uv": [0, 0, 8.8625, 0], "texture": "#4"},
				"east": {"uv": [0, 0, 7.20714, 0], "texture": "#4"},
				"south": {"uv": [0, 0, 8.8625, 0], "texture": "#4"},
				"west": {"uv": [0, 0, 7.20714, 0], "texture": "#4"},
				"up": {"uv": [0, 0, 8.8625, 1.72143], "texture": "#4"},
				"down": {"uv": [0, 0, 8.8625, 1.72143], "texture": "#4"}
			}
		},
		{
			"from": [6.3, 6.9, 2.875],
			"to": [7.2, 7, 3.15],
			"faces": {
				"north": {"uv": [0, 0, 10.15, 0], "texture": "#4"},
				"east": {"uv": [0, 0, 7.02321, 0], "texture": "#4"},
				"south": {"uv": [0, 0, 10.15, 0], "texture": "#4"},
				"west": {"uv": [0, 0, 7.02321, 0], "texture": "#4"},
				"up": {"uv": [0, 0, 10.15, 1.49464], "texture": "#4"},
				"down": {"uv": [0, 0, 10.15, 1.49464], "texture": "#4"}
			}
		},
		{
			"from": [6.575, 6.725, 2.85],
			"to": [7.375, 7.025, 3.15],
			"faces": {
				"north": {"uv": [0, 0, 10.88571, 1.04107], "texture": "#4"},
				"east": {"uv": [0, 0, 7.20714, 1.04107], "texture": "#4"},
				"south": {"uv": [0, 0, 10.88571, 1.04107], "texture": "#4"},
				"west": {"uv": [0, 0, 7.20714, 1.04107], "texture": "#4"},
				"up": {"uv": [0, 0, 10.88571, 1.72143], "texture": "#4"},
				"down": {"uv": [0, 0, 10.88571, 1.72143], "texture": "#4"}
			}
		},
		{
			"from": [7.1, 6.675, 2.825],
			"to": [7.5, 6.8, 3.15],
			"faces": {
				"north": {"uv": [0, 0, 6.47143, 0], "texture": "#4"},
				"east": {"uv": [0, 0, 7.39107, 0], "texture": "#4"},
				"south": {"uv": [0, 0, 6.47143, 0], "texture": "#4"},
				"west": {"uv": [0, 0, 7.39107, 0], "texture": "#4"},
				"up": {"uv": [0, 0, 6.47143, 1.94821], "texture": "#4"},
				"down": {"uv": [0, 0, 6.47143, 1.94821], "texture": "#4"}
			}
		},
		{
			"from": [7.375, 6.575, 2.825],
			"to": [7.575, 6.7, 3.15],
			"faces": {
				"north": {"uv": [0, 0, 6.47143, 0], "texture": "#4"},
				"east": {"uv": [0, 0, 7.39107, 0], "texture": "#4"},
				"south": {"uv": [0, 0, 6.47143, 0], "texture": "#4"},
				"west": {"uv": [0, 0, 7.39107, 0], "texture": "#4"},
				"up": {"uv": [0, 0, 6.47143, 1.94821], "texture": "#4"},
				"down": {"uv": [0, 0, 6.47143, 1.94821], "texture": "#4"}
			}
		},
		{
			"from": [7.25, 6.8, 2.825],
			"to": [7.45, 6.9, 3.15],
			"faces": {
				"north": {"uv": [0, 0, 6.47143, 0], "texture": "#4"},
				"east": {"uv": [0, 0, 7.39107, 0], "texture": "#4"},
				"south": {"uv": [0, 0, 6.47143, 0], "texture": "#4"},
				"west": {"uv": [0, 0, 7.39107, 0], "texture": "#4"},
				"up": {"uv": [0, 0, 6.47143, 1.94821], "texture": "#4"},
				"down": {"uv": [0, 0, 6.47143, 1.94821], "texture": "#4"}
			}
		},
		{
			"from": [5.725, 6.65, 2.925],
			"to": [6.2, 6.8, 3.075],
			"faces": {
				"north": {"uv": [0, 0, 7.575, 0], "texture": "#4"},
				"east": {"uv": [0, 0, 6.10357, 0], "texture": "#4"},
				"south": {"uv": [0, 0, 7.575, 0], "texture": "#4"},
				"west": {"uv": [0, 0, 6.10357, 0], "texture": "#4"},
				"up": {"uv": [0, 0, 7.575, 0.36071], "texture": "#4"},
				"down": {"uv": [0, 0, 7.575, 0.36071], "texture": "#4"}
			}
		},
		{
			"from": [9.425, 6.9, 2.85],
			"to": [9.95, 7.05, 3.15],
			"faces": {
				"north": {"uv": [0, 0, 8.8625, 0], "rotation": 180, "texture": "#4"},
				"east": {"uv": [0, 0, 7.20714, 0], "rotation": 180, "texture": "#4"},
				"south": {"uv": [0, 0, 8.8625, 0], "rotation": 180, "texture": "#4"},
				"west": {"uv": [0, 0, 7.20714, 0], "rotation": 180, "texture": "#4"},
				"up": {"uv": [0, 0, 8.8625, 1.72143], "rotation": 180, "texture": "#4"},
				"down": {"uv": [0, 0, 8.8625, 1.72143], "rotation": 180, "texture": "#4"}
			}
		},
		{
			"from": [9.8, 7.025, 2.925],
			"to": [10.275, 7.175, 3.075],
			"faces": {
				"north": {"uv": [0, 0, 7.575, 0], "rotation": 180, "texture": "#4"},
				"east": {"uv": [0, 0, 6.10357, 0], "rotation": 180, "texture": "#4"},
				"south": {"uv": [0, 0, 7.575, 0], "rotation": 180, "texture": "#4"},
				"west": {"uv": [0, 0, 6.10357, 0], "rotation": 180, "texture": "#4"},
				"up": {"uv": [0, 0, 7.575, 0.36071], "rotation": 180, "texture": "#4"},
				"down": {"uv": [0, 0, 7.575, 0.36071], "rotation": 180, "texture": "#4"}
			}
		},
		{
			"from": [8.8, 6.825, 2.875],
			"to": [9.7, 6.925, 3.15],
			"faces": {
				"north": {"uv": [0, 0, 10.15, 0], "rotation": 180, "texture": "#4"},
				"east": {"uv": [0, 0, 7.02321, 0], "rotation": 180, "texture": "#4"},
				"south": {"uv": [0, 0, 10.15, 0], "rotation": 180, "texture": "#4"},
				"west": {"uv": [0, 0, 7.02321, 0], "rotation": 180, "texture": "#4"},
				"up": {"uv": [0, 0, 10.15, 1.49464], "rotation": 180, "texture": "#4"},
				"down": {"uv": [0, 0, 10.15, 1.49464], "rotation": 180, "texture": "#4"}
			}
		},
		{
			"from": [8.625, 6.8, 2.85],
			"to": [9.425, 7.1, 3.15],
			"faces": {
				"north": {"uv": [0, 0, 10.88571, 1.04107], "rotation": 180, "texture": "#4"},
				"east": {"uv": [0, 0, 7.20714, 1.04107], "rotation": 180, "texture": "#4"},
				"south": {"uv": [0, 0, 10.88571, 1.04107], "rotation": 180, "texture": "#4"},
				"west": {"uv": [0, 0, 7.20714, 1.04107], "rotation": 180, "texture": "#4"},
				"up": {"uv": [0, 0, 10.88571, 1.72143], "rotation": 180, "texture": "#4"},
				"down": {"uv": [0, 0, 10.88571, 1.72143], "rotation": 180, "texture": "#4"}
			}
		},
		{
			"from": [8.5, 7.025, 2.825],
			"to": [8.9, 7.15, 3.15],
			"faces": {
				"north": {"uv": [0, 0, 6.47143, 0], "rotation": 180, "texture": "#4"},
				"east": {"uv": [0, 0, 7.39107, 0], "rotation": 180, "texture": "#4"},
				"south": {"uv": [0, 0, 6.47143, 0], "rotation": 180, "texture": "#4"},
				"west": {"uv": [0, 0, 7.39107, 0], "rotation": 180, "texture": "#4"},
				"up": {"uv": [0, 0, 6.47143, 1.94821], "rotation": 180, "texture": "#4"},
				"down": {"uv": [0, 0, 6.47143, 1.94821], "rotation": 180, "texture": "#4"}
			}
		},
		{
			"from": [8.55, 6.925, 2.825],
			"to": [8.75, 7.025, 3.15],
			"faces": {
				"north": {"uv": [0, 0, 6.47143, 0], "rotation": 180, "texture": "#4"},
				"east": {"uv": [0, 0, 7.39107, 0], "rotation": 180, "texture": "#4"},
				"south": {"uv": [0, 0, 6.47143, 0], "rotation": 180, "texture": "#4"},
				"west": {"uv": [0, 0, 7.39107, 0], "rotation": 180, "texture": "#4"},
				"up": {"uv": [0, 0, 6.47143, 1.94821], "rotation": 180, "texture": "#4"},
				"down": {"uv": [0, 0, 6.47143, 1.94821], "rotation": 180, "texture": "#4"}
			}
		},
		{
			"from": [8.425, 7.125, 2.825],
			"to": [8.625, 7.25, 3.15],
			"faces": {
				"north": {"uv": [0, 0, 6.47143, 0], "rotation": 180, "texture": "#4"},
				"east": {"uv": [0, 0, 7.39107, 0], "rotation": 180, "texture": "#4"},
				"south": {"uv": [0, 0, 6.47143, 0], "rotation": 180, "texture": "#4"},
				"west": {"uv": [0, 0, 7.39107, 0], "rotation": 180, "texture": "#4"},
				"up": {"uv": [0, 0, 6.47143, 1.94821], "rotation": 180, "texture": "#4"},
				"down": {"uv": [0, 0, 6.47143, 1.94821], "rotation": 180, "texture": "#4"}
			}
		}
	],
	"display": {
		"thirdperson_righthand": {
			"rotation": [90, 0, 0],
			"translation": [0, -4.75, 3.5]
		},
		"thirdperson_lefthand": {
			"rotation": [90, 0, 0],
			"translation": [0, -4.75, 4.75]
		},
		"firstperson_righthand": {
			"translation": [0, 5, 5],
			"scale": [1.5, 1.5, 1.5]
		},
		"firstperson_lefthand": {
			"translation": [0, 5, 5],
			"scale": [1.5, 1.5, 1.5]
		},
		"ground": {
			"translation": [0, 3.75, 7.75],
			"scale": [2, 2, 2]
		},
		"gui": {
			"rotation": [-24, 25, 0],
			"translation": [3.75, 7, 0],
			"scale": [2.2, 2.2, 2.22]
		},
		"head": {
			"translation": [0, 6.25, 6],
			"scale": [2.6, 2.6, 2.6]
		},
		"fixed": {
			"translation": [0, 8.25, 14.25],
			"scale": [3, 3, 3]
		}
	},
	"groups": [
		{
			"name": "glasses",
			"origin": [0, 0, 0],
			"color": 0,
			"children": [
				0,
				1,
				2,
				3,
				4,
				5,
				6,
				7,
				8,
				9,
				10,
				11,
				12,
				13,
				{
					"name": "glasses (sides)",
					"origin": [0, 0, 0],
					"color": 0,
					"children": [14, 15, 16, 17, 18, 19]
				},
				{
					"name": "lenses",
					"origin": [0, 0, 0],
					"color": 9,
					"children": [20, 21, 22, 23, 24, 25]
				}
			]
		},
		{
			"name": "nose",
			"origin": [0, 0, 0],
			"color": 0,
			"children": [26, 27, 28]
		},
		{
			"name": "fantasic moustache",
			"origin": [0, 0, 0],
			"color": 0,
			"children": [29, 30, 31, 32, 33, 34, 35, 36, 37, 38, 39, 40, 41]
		},
		{
			"name": "eyebrows",
			"origin": [0, 0, 0],
			"color": 0,
			"children": [
				{
					"name": "right",
					"origin": [0, 0, 0],
					"color": 0,
					"children": [42, 43, 44, 45, 46, 47, 48]
				},
				{
					"name": "left",
					"origin": [0, 0, 0],
					"color": 0,
					"children": [49, 50, 51, 52, 53, 54, 55]
				}
			]
		}
	]
}