{
	"format_version": "1.9.0",
	"credit": "Made with Blockbench",
	"texture_size": [32, 32],
	"textures": {
		"0": "item/flatnet_headphonesrobella",
		"particle": "item/flatnet_headphonesrobella"
	},
	"elements": [
		{
			"from": [13, 8, 6],
			"to": [14.5, 9, 9.5],
			"rotation": {"angle": 0, "axis": "y", "origin": [13, 3, 6]},
			"faces": {
				"north": {"uv": [9.516, 4.516, 10.484, 4.984], "texture": "#0"},
				"east": {"uv": [10.516, 7.516, 12.484, 7.984], "texture": "#0"},
				"south": {"uv": [11.016, 8.516, 11.984, 8.984], "texture": "#0"},
				"west": {"uv": [2.016, 11.016, 3.984, 11.484], "texture": "#0"},
				"up": {"uv": [9.984, 10.984, 9.016, 9.016], "texture": "#0"},
				"down": {"uv": [10.484, 2.516, 9.516, 4.484], "texture": "#0"}
			}
		},
		{
			"from": [1.5, 9, 6],
			"to": [14.5, 10.5, 9.5],
			"rotation": {"angle": 0, "axis": "y", "origin": [14, 9, 6]},
			"faces": {
				"north": {"uv": [0.016, 4.016, 6.484, 4.984], "texture": "#0"},
				"east": {"uv": [9.016, 1.516, 10.984, 2.484], "texture": "#0"},
				"south": {"uv": [0.016, 5.016, 6.484, 5.984], "texture": "#0"},
				"west": {"uv": [9.016, 8.016, 10.984, 8.984], "texture": "#0"},
				"up": {"uv": [6.484, 1.984, 0.016, 0.016], "texture": "#0"},
				"down": {"uv": [6.484, 2.016, 0.016, 3.984], "texture": "#0"}
			}
		},
		{
			"from": [1.5, 8, 6],
			"to": [3, 9, 9.5],
			"rotation": {"angle": 0, "axis": "y", "origin": [1, 3, 6]},
			"faces": {
				"north": {"uv": [3.016, 11.516, 3.984, 11.984], "texture": "#0"},
				"east": {"uv": [4.016, 11.016, 5.984, 11.484], "texture": "#0"},
				"south": {"uv": [4.016, 11.516, 4.984, 11.984], "texture": "#0"},
				"west": {"uv": [11.016, 8.016, 12.984, 8.484], "texture": "#0"},
				"up": {"uv": [6.984, 11.984, 6.016, 10.016], "texture": "#0"},
				"down": {"uv": [7.984, 10.016, 7.016, 11.984], "texture": "#0"}
			}
		},
		{
			"from": [13, 1.25, 5.25],
			"to": [15.5, 6, 10.25],
			"rotation": {"angle": 0, "axis": "y", "origin": [15, 0, 6]},
			"faces": {
				"north": {"uv": [6.516, 2.516, 7.984, 4.984], "texture": "#0"},
				"east": {"uv": [0.016, 6.016, 2.484, 8.484], "texture": "#0"},
				"south": {"uv": [7.516, 5.016, 8.984, 7.484], "texture": "#0"},
				"west": {"uv": [2.516, 6.016, 4.984, 8.484], "texture": "#0"},
				"up": {"uv": [8.984, 9.984, 7.516, 7.516], "texture": "#0"},
				"down": {"uv": [9.484, 2.516, 8.016, 4.984], "texture": "#0"}
			}
		},
		{
			"from": [0.5, 1.25, 5.25],
			"to": [3, 6, 10.25],
			"rotation": {"angle": 0, "axis": "y", "origin": [1, 0, 6]},
			"faces": {
				"north": {"uv": [7.984, 2.516, 6.516, 4.984], "texture": "#0"},
				"east": {"uv": [4.984, 6.016, 2.516, 8.484], "texture": "#0"},
				"south": {"uv": [8.984, 5.016, 7.516, 7.484], "texture": "#0"},
				"west": {"uv": [2.484, 6.016, 0.016, 8.484], "texture": "#0"},
				"up": {"uv": [7.516, 9.984, 8.984, 7.516], "texture": "#0"},
				"down": {"uv": [8.016, 2.516, 9.484, 4.984], "texture": "#0"}
			}
		},
		{
			"from": [15.5, 2.4, 6.45],
			"to": [15.75, 4.85, 9.05],
			"rotation": {"angle": 0, "axis": "y", "origin": [15.5, 0, 6]},
			"faces": {
				"north": {"uv": [11.016, 11.016, 11.484, 12.484], "texture": "#0"},
				"east": {"uv": [9.016, 5.016, 10.484, 6.484], "texture": "#0"},
				"south": {"uv": [11.516, 0.016, 11.984, 1.484], "texture": "#0"},
				"west": {"uv": [9.016, 6.516, 10.484, 7.984], "texture": "#0"},
				"up": {"uv": [2.484, 12.984, 2.016, 11.516], "texture": "#0"},
				"down": {"uv": [2.984, 11.516, 2.516, 12.984], "texture": "#0"}
			}
		},
		{
			"from": [0.25, 2.4, 6.45],
			"to": [0.5, 4.85, 9.05],
			"rotation": {"angle": 0, "axis": "y", "origin": [0.5, 0, 6]},
			"faces": {
				"north": {"uv": [11.484, 11.016, 11.016, 12.484], "texture": "#0"},
				"east": {"uv": [10.484, 6.516, 9.016, 7.984], "texture": "#0"},
				"south": {"uv": [11.984, 0.016, 11.516, 1.484], "texture": "#0"},
				"west": {"uv": [10.484, 5.016, 9.016, 6.484], "texture": "#0"},
				"up": {"uv": [2.016, 12.984, 2.484, 11.516], "texture": "#0"},
				"down": {"uv": [2.516, 11.516, 2.984, 12.984], "texture": "#0"}
			}
		},
		{
			"from": [1.5, 6, 6.5],
			"to": [3, 8, 9],
			"rotation": {"angle": 0, "axis": "y", "origin": [1, 3, 6]},
			"faces": {
				"north": {"uv": [6.516, 5.016, 7.484, 5.984], "texture": "#0"},
				"east": {"uv": [10.016, 9.016, 11.484, 9.984], "texture": "#0"},
				"south": {"uv": [0.016, 11.016, 0.984, 11.984], "texture": "#0"},
				"west": {"uv": [10.016, 10.016, 11.484, 10.984], "texture": "#0"},
				"up": {"uv": [8.984, 11.484, 8.016, 10.016], "texture": "#0"},
				"down": {"uv": [11.484, 0.016, 10.516, 1.484], "texture": "#0"}
			}
		},
		{
			"from": [13, 6, 6.5],
			"to": [14.5, 8, 9],
			"rotation": {"angle": 0, "axis": "y", "origin": [13, 3, 6]},
			"faces": {
				"north": {"uv": [1.016, 11.016, 1.984, 11.984], "texture": "#0"},
				"east": {"uv": [10.516, 2.516, 11.984, 3.484], "texture": "#0"},
				"south": {"uv": [11.016, 1.516, 11.984, 2.484], "texture": "#0"},
				"west": {"uv": [10.516, 3.516, 11.984, 4.484], "texture": "#0"},
				"up": {"uv": [11.484, 5.984, 10.516, 4.516], "texture": "#0"},
				"down": {"uv": [11.484, 6.016, 10.516, 7.484], "texture": "#0"}
			}
		}
	],
	"display": {
		"thirdperson_righthand": {
			"translation": [0, -1, -0.75],
			"scale": [0.5, 0.5, 0.5]
		},
		"thirdperson_lefthand": {
			"translation": [0, -1, -0.75],
			"scale": [0.5, 0.5, 0.5]
		},
		"firstperson_righthand": {
			"translation": [0, -1, -0.75],
			"scale": [0.5, 0.5, 0.5]
		},
		"firstperson_lefthand": {
			"translation": [0, -1, -0.75],
			"scale": [0.5, 0.5, 0.5]
		},
		"ground": {
			"translation": [0, 4, 0],
			"scale": [0.75, 0.75, 0.75]
		},
		"gui": {
			"rotation": [25, -30, 0],
			"translation": [0, 1.5, 0],
			"scale": [0.85, 0.85, 0.85]
		},
		"head": {
			"translation": [0, 5, 0],
			"scale": [1.25, 1.25, 1.25]
		},
		"fixed": {
			"translation": [0, 3.5, -3.25],
			"scale": [1.5, 1.5, 1.5]
		}
	},
	"groups": [
		{
			"name": "head band",
			"origin": [1, 3, 6],
			"color": 0,
			"children": [0, 1, 2]
		},
		{
			"name": "big speaker",
			"origin": [1, 0, 6],
			"color": 0,
			"children": [3, 4]
		},
		{
			"name": "detail speaker",
			"origin": [15.5, 0, 6],
			"color": 0,
			"children": [5, 6]
		},
		{
			"name": "metal",
			"origin": [13, 3, 6],
			"color": 0,
			"children": [7, 8]
		}
	]
}