{
	"format_version": "1.9.0",
	"credit": "Made with Blockbench",
	"texture_size": [64, 64],
	"textures": {
		"0": "item/flatnet_juice",
		"particle": "item/flatnet_juice"
	},
	"elements": [
		{
			"name": "straw",
			"from": [7, 10.56393, 5.50296],
			"to": [9, 18.31393, 7.50296],
			"rotation": {"angle": 22.5, "axis": "x", "origin": [8, 10.32651, 7.88042]},
			"faces": {
				"north": {"uv": [6.258, 0.508, 6.742, 2.492], "texture": "#0"},
				"east": {"uv": [6.258, 2.508, 6.742, 4.492], "texture": "#0"},
				"south": {"uv": [6.258, 4.508, 6.742, 6.492], "texture": "#0"},
				"west": {"uv": [0.008, 6.508, 0.492, 8.492], "texture": "#0"},
				"up": {"uv": [0.992, 6.992, 0.508, 6.508], "texture": "#0"},
				"down": {"uv": [1.492, 6.508, 1.008, 6.992], "texture": "#0"}
			}
		},
		{
			"name": "cup",
			"from": [4, 0, 3.57926],
			"to": [12, 11, 11.57926],
			"rotation": {"angle": 0, "axis": "y", "origin": [8, 10.32651, 7.88042]},
			"faces": {
				"north": {"uv": [2.258, 0.008, 4.242, 2.492], "texture": "#0"},
				"east": {"uv": [2.258, 2.508, 4.242, 4.992], "texture": "#0"},
				"south": {"uv": [4.258, 0.008, 6.242, 2.492], "texture": "#0"},
				"west": {"uv": [4.258, 2.508, 6.242, 4.992], "texture": "#0"},
				"up": {"uv": [1.992, 6.492, 0.008, 4.508], "texture": "#0"},
				"down": {"uv": [3.992, 5.008, 2.008, 6.992], "texture": "#0"}
			}
		},
		{
			"name": "lid",
			"from": [3.5, 11, 3.07926],
			"to": [12.5, 13, 12.07926],
			"rotation": {"angle": 0, "axis": "y", "origin": [8, 10.32651, 7.88042]},
			"faces": {
				"north": {"uv": [4.008, 5.008, 6.242, 5.492], "texture": "#0"},
				"east": {"uv": [4.008, 5.508, 6.242, 5.992], "texture": "#0"},
				"south": {"uv": [4.008, 6.008, 6.242, 6.492], "texture": "#0"},
				"west": {"uv": [6.258, 0.008, 8.492, 0.492], "texture": "#0"},
				"up": {"uv": [2.242, 2.242, 0.008, 0.008], "texture": "#0"},
				"down": {"uv": [2.242, 2.258, 0.008, 4.492], "texture": "#0"}
			}
		}
	],
	"display": {
		"thirdperson_righthand": {
			"translation": [0, 0, -1.75],
			"scale": [0.5, 0.5, 0.5]
		},
		"thirdperson_lefthand": {
			"translation": [0, 0, -1.75],
			"scale": [0.5, 0.5, 0.5]
		},
		"firstperson_righthand": {
			"translation": [0, 0, -1.75],
			"scale": [0.5, 0.5, 0.5]
		},
		"firstperson_lefthand": {
			"translation": [0, 0, -1.75],
			"scale": [0.5, 0.5, 0.5]
		},
		"ground": {
			"translation": [0, 4, 0],
			"scale": [0.75, 0.75, 0.75]
		},
		"gui": {
			"rotation": [-160, -45, -180],
			"translation": [-0.25, -0.25, 0],
			"scale": [0.75, 0.75, 0.75]
		},
		"head": {
			"translation": [0, 12.25, 0],
			"scale": [0.75, 0.75, 0.75]
		},
		"fixed": {
			"rotation": [-90, 0, 0],
			"translation": [0, 0, -11.75],
			"scale": [1.5, 1.5, 1.5]
		}
	},
	"groups": [
		{
			"name": "flat juice",
			"origin": [4, 11, 5.57926],
			"color": 0,
			"children": [0, 1, 2]
		}
	]
}