{
	"credit": "Made with Blockbench",
	"parent": "minecraft:carved_pumpkin",
	"texture_size": [32, 32],
	"textures": {
		"3": "block/white_stained_glass",
		"4": "block/pink_terracotta",
		"5": "block/red_concrete",
		"6": "block/raw_gold_block",
		"7": "block/stripped_dark_oak_log",
		"9": "block/brain_coral_block",
		"10": "block/pink_wool",
		"11": "block/birch_log",
		"particle": "block/birch_log"
	},
	"elements": [
		{
			"name": "nose",
			"from": [12, 5, -6],
			"to": [13, 6, -5],
			"rotation": {"angle": 0, "axis": "y", "origin": [0, -1, 0]},
			"faces": {
				"north": {"uv": [0, 0, 0.5, 0.5], "texture": "#4"},
				"east": {"uv": [0, 0, 0.5, 0.5], "texture": "#4"},
				"south": {"uv": [0, 0, 0.5, 0.5], "texture": "#4"},
				"west": {"uv": [0, 0, 0.5, 0.5], "texture": "#4"},
				"up": {"uv": [0, 0, 0.5, 0.5], "texture": "#4"},
				"down": {"uv": [0, 0, 0.5, 0.5], "texture": "#4"}
			}
		},
		{
			"from": [11, 0, -5],
			"to": [14, 0.01, -5],
			"rotation": {"angle": 22.5, "axis": "z", "origin": [0, -1, 0]},
			"color": 0,
			"faces": {
				"north": {"uv": [0, 0, 1.5, 0.005], "texture": "#missing"},
				"east": {"uv": [0, 0, 0, 0.005], "texture": "#missing"},
				"south": {"uv": [0, 0, 1.5, 0.005], "texture": "#missing"},
				"west": {"uv": [0, 0, 0, 0.005], "texture": "#missing"},
				"up": {"uv": [0, 0, 1.5, 0], "texture": "#missing"},
				"down": {"uv": [0, 0, 1.5, 0], "texture": "#missing"}
			}
		},
		{
			"from": [14, 0, -5],
			"to": [17, 0.01, -5],
			"rotation": {"angle": 22.5, "axis": "z", "origin": [0, -1, 0]},
			"color": 0,
			"faces": {
				"north": {"uv": [0, 0, 1.5, 0.005], "texture": "#missing"},
				"east": {"uv": [0, 0, 0, 0.005], "texture": "#missing"},
				"south": {"uv": [0, 0, 1.5, 0.005], "texture": "#missing"},
				"west": {"uv": [0, 0, 0, 0.005], "texture": "#missing"},
				"up": {"uv": [0, 0, 1.5, 0], "texture": "#missing"},
				"down": {"uv": [0, 0, 1.5, 0], "texture": "#missing"}
			}
		},
		{
			"from": [6, 9, -5],
			"to": [9, 9.01, -5],
			"rotation": {"angle": -22.5, "axis": "z", "origin": [0, -1, 0]},
			"color": 0,
			"faces": {
				"north": {"uv": [0, 0, 1.5, 0.005], "texture": "#missing"},
				"east": {"uv": [0, 0, 0, 0.005], "texture": "#missing"},
				"south": {"uv": [0, 0, 1.5, 0.005], "texture": "#missing"},
				"west": {"uv": [0, 0, 0, 0.005], "texture": "#missing"},
				"up": {"uv": [0, 0, 1.5, 0], "texture": "#missing"},
				"down": {"uv": [0, 0, 1.5, 0], "texture": "#missing"}
			}
		},
		{
			"from": [10, 9, -5],
			"to": [13, 9.01, -5],
			"rotation": {"angle": -22.5, "axis": "z", "origin": [0, -1, 0]},
			"color": 0,
			"faces": {
				"north": {"uv": [0, 0, 1.5, 0.005], "texture": "#missing"},
				"east": {"uv": [0, 0, 0, 0.005], "texture": "#missing"},
				"south": {"uv": [0, 0, 1.5, 0.005], "texture": "#missing"},
				"west": {"uv": [0, 0, 0, 0.005], "texture": "#missing"},
				"up": {"uv": [0, 0, 1.5, 0], "texture": "#missing"},
				"down": {"uv": [0, 0, 1.5, 0], "texture": "#missing"}
			}
		},
		{
			"from": [12, 6, 15],
			"to": [13, 7, 19],
			"faces": {
				"north": {"uv": [0, 0, 0.5, 0.5], "texture": "#4"},
				"east": {"uv": [0, 0, 2, 0.5], "texture": "#4"},
				"south": {"uv": [0, 0, 0.5, 0.5], "texture": "#4"},
				"west": {"uv": [0, 0, 2, 0.5], "texture": "#4"},
				"up": {"uv": [0, 0, 0.5, 2], "texture": "#4"},
				"down": {"uv": [0, 0, 0.5, 2], "texture": "#4"}
			}
		},
		{
			"from": [12, -1.8, 20],
			"to": [13, -0.8, 24],
			"rotation": {"angle": -22.5, "axis": "x", "origin": [0, 0, 0]},
			"faces": {
				"north": {"uv": [0, 0, 0.5, 0.5], "texture": "#4"},
				"east": {"uv": [0, 0, 2, 0.5], "texture": "#4"},
				"south": {"uv": [0, 0, 0.5, 0.5], "texture": "#4"},
				"west": {"uv": [0, 0, 2, 0.5], "texture": "#4"},
				"up": {"uv": [0, 0, 0.5, 2], "texture": "#4"},
				"down": {"uv": [0, 0, 0.5, 2], "texture": "#4"}
			}
		},
		{
			"from": [12, -1.8, 24],
			"to": [13, -0.8, 28],
			"rotation": {"angle": -22.5, "axis": "x", "origin": [0, 0, 0]},
			"faces": {
				"north": {"uv": [0, 0, 0.5, 0.5], "texture": "#4"},
				"east": {"uv": [0, 0, 2, 0.5], "texture": "#4"},
				"south": {"uv": [0, 0, 0.5, 0.5], "texture": "#4"},
				"west": {"uv": [0, 0, 2, 0.5], "texture": "#4"},
				"up": {"uv": [0, 0, 0.5, 2], "texture": "#4"},
				"down": {"uv": [0, 0, 0.5, 2], "texture": "#4"}
			}
		},
		{
			"from": [9, 3, 7],
			"to": [16, 10, 15],
			"faces": {
				"north": {"uv": [0, 0, 3.5, 3.5], "texture": "#11"},
				"east": {"uv": [0, 0, 4, 3.5], "texture": "#11"},
				"south": {"uv": [0, 0, 3.5, 3.5], "texture": "#11"},
				"west": {"uv": [0, 0, 4, 3.5], "texture": "#11"},
				"up": {"uv": [0, 0, 3.5, 4], "texture": "#11"},
				"down": {"uv": [0, 0, 3.5, 4], "texture": "#11"}
			}
		},
		{
			"from": [10, 3, 1],
			"to": [15, 8, 7],
			"rotation": {"angle": 0, "axis": "y", "origin": [0, -1, 0]},
			"faces": {
				"north": {"uv": [0, 0, 2.5, 2.5], "texture": "#11"},
				"east": {"uv": [0, 0, 3, 2.5], "texture": "#11"},
				"south": {"uv": [0, 0, 2.5, 2.5], "texture": "#11"},
				"west": {"uv": [0, 0, 3, 2.5], "texture": "#11"},
				"up": {"uv": [0, 0, 2.5, 3], "texture": "#11"},
				"down": {"uv": [0, 0, 2.5, 3], "texture": "#11"}
			}
		},
		{
			"from": [11, 4, -3],
			"to": [14, 7, 1],
			"rotation": {"angle": 0, "axis": "y", "origin": [0, -1, 0]},
			"faces": {
				"north": {"uv": [0, 0, 1.5, 1.5], "texture": "#11"},
				"east": {"uv": [0, 0, 2, 1.5], "texture": "#11"},
				"south": {"uv": [0, 0, 1.5, 1.5], "texture": "#11"},
				"west": {"uv": [0, 0, 2, 1.5], "texture": "#11"},
				"up": {"uv": [0, 0, 1.5, 2], "texture": "#11"},
				"down": {"uv": [0, 0, 1.5, 2], "texture": "#11"}
			}
		},
		{
			"from": [11, 4, -5],
			"to": [14, 6, -3],
			"rotation": {"angle": 0, "axis": "y", "origin": [0, -1, 0]},
			"faces": {
				"north": {"uv": [0, 0, 1.5, 1], "texture": "#11"},
				"east": {"uv": [0, 0, 1, 1], "texture": "#11"},
				"south": {"uv": [0, 0, 1.5, 1], "texture": "#11"},
				"west": {"uv": [0, 0, 1, 1], "texture": "#11"},
				"up": {"uv": [0, 0, 1.5, 1], "texture": "#11"},
				"down": {"uv": [0, 0, 1.5, 1], "texture": "#11"}
			}
		},
		{
			"from": [8.5, 7, 4.4],
			"to": [10.5, 9, 4.4],
			"rotation": {"angle": 22.5, "axis": "y", "origin": [0, -1, 0]},
			"faces": {
				"north": {"uv": [0, 0, 1, 1], "texture": "#11"},
				"east": {"uv": [0, 0, 0, 1], "texture": "#11"},
				"south": {"uv": [0, 0, 1, 1], "texture": "#11"},
				"west": {"uv": [0, 0, 0, 1], "texture": "#11"},
				"up": {"uv": [0, 0, 1, 0], "texture": "#11"},
				"down": {"uv": [0, 0, 1, 0], "texture": "#11"}
			}
		},
		{
			"from": [13, 7, -5],
			"to": [15, 9, -5],
			"rotation": {"angle": -22.5, "axis": "y", "origin": [0, -1, 0]},
			"faces": {
				"north": {"uv": [0, 0, 1, 1], "texture": "#11"},
				"east": {"uv": [0, 0, 0, 1], "texture": "#11"},
				"south": {"uv": [0, 0, 1, 1], "texture": "#11"},
				"west": {"uv": [0, 0, 0, 1], "texture": "#11"},
				"up": {"uv": [0, 0, 1, 0], "texture": "#11"},
				"down": {"uv": [0, 0, 1, 0], "texture": "#11"}
			}
		},
		{
			"from": [8, 2, 12],
			"to": [9, 4, 14],
			"faces": {
				"north": {"uv": [0, 0, 0.5, 1], "texture": "#11"},
				"east": {"uv": [0, 0, 1, 1], "texture": "#11"},
				"south": {"uv": [0, 0, 0.5, 1], "texture": "#11"},
				"west": {"uv": [0, 0, 1, 1], "texture": "#11"},
				"up": {"uv": [0, 0, 0.5, 1], "texture": "#11"},
				"down": {"uv": [0, 0, 0.5, 1], "texture": "#11"}
			}
		},
		{
			"from": [9, 2, 3],
			"to": [10, 4, 5],
			"faces": {
				"north": {"uv": [0, 0, 0.5, 1], "texture": "#11"},
				"east": {"uv": [0, 0, 1, 1], "texture": "#11"},
				"south": {"uv": [0, 0, 0.5, 1], "texture": "#11"},
				"west": {"uv": [0, 0, 1, 1], "texture": "#11"},
				"up": {"uv": [0, 0, 0.5, 1], "texture": "#11"},
				"down": {"uv": [0, 0, 0.5, 1], "texture": "#11"}
			}
		},
		{
			"from": [15.05, 1.75, 3],
			"to": [16.05, 3.75, 5],
			"rotation": {"angle": 0, "axis": "y", "origin": [0, -1, 0]},
			"faces": {
				"north": {"uv": [0, 0, 0.5, 1], "texture": "#11"},
				"east": {"uv": [0, 0, 1, 1], "texture": "#11"},
				"south": {"uv": [0, 0, 0.5, 1], "texture": "#11"},
				"west": {"uv": [0, 0, 1, 1], "texture": "#11"},
				"up": {"uv": [0, 0, 0.5, 1], "texture": "#11"},
				"down": {"uv": [0, 0, 0.5, 1], "texture": "#11"}
			}
		},
		{
			"from": [16, 2, 12],
			"to": [17, 4, 14],
			"faces": {
				"north": {"uv": [0, 0, 0.5, 1], "texture": "#11"},
				"east": {"uv": [0, 0, 1, 1], "texture": "#11"},
				"south": {"uv": [0, 0, 0.5, 1], "texture": "#11"},
				"west": {"uv": [0, 0, 1, 1], "texture": "#11"},
				"up": {"uv": [0, 0, 0.5, 1], "texture": "#11"},
				"down": {"uv": [0, 0, 0.5, 1], "texture": "#11"}
			}
		},
		{
			"from": [9, 1, 2],
			"to": [10, 2, 4],
			"rotation": {"angle": 0, "axis": "y", "origin": [0, -1, 0]},
			"faces": {
				"north": {"uv": [0, 0, 0.5, 0.5], "texture": "#11"},
				"east": {"uv": [0, 0, 1, 0.5], "texture": "#11"},
				"south": {"uv": [0, 0, 0.5, 0.5], "texture": "#11"},
				"west": {"uv": [0, 0, 1, 0.5], "texture": "#11"},
				"up": {"uv": [0, 0, 0.5, 1], "texture": "#11"},
				"down": {"uv": [0, 0, 0.5, 1], "texture": "#11"}
			}
		},
		{
			"from": [15.5, 0.75, 1.5],
			"to": [16.5, 1.75, 3.5],
			"rotation": {"angle": 0, "axis": "y", "origin": [0, -1, 0]},
			"faces": {
				"north": {"uv": [0, 0, 0.5, 0.5], "texture": "#11"},
				"east": {"uv": [0, 0, 1, 0.5], "texture": "#11"},
				"south": {"uv": [0, 0, 0.5, 0.5], "texture": "#11"},
				"west": {"uv": [0, 0, 1, 0.5], "texture": "#11"},
				"up": {"uv": [0, 0, 0.5, 1], "texture": "#11"},
				"down": {"uv": [0, 0, 0.5, 1], "texture": "#11"}
			}
		},
		{
			"from": [16, 1, 11],
			"to": [17, 2, 13],
			"rotation": {"angle": 0, "axis": "y", "origin": [0, -1, 0]},
			"faces": {
				"north": {"uv": [0, 0, 0.5, 0.5], "texture": "#11"},
				"east": {"uv": [0, 0, 1, 0.5], "texture": "#11"},
				"south": {"uv": [0, 0, 0.5, 0.5], "texture": "#11"},
				"west": {"uv": [0, 0, 1, 0.5], "texture": "#11"},
				"up": {"uv": [0, 0, 0.5, 1], "texture": "#11"},
				"down": {"uv": [0, 0, 0.5, 1], "texture": "#11"}
			}
		},
		{
			"from": [8, 1, 11],
			"to": [9, 2, 13],
			"faces": {
				"north": {"uv": [0, 0, 0.5, 0.5], "texture": "#11"},
				"east": {"uv": [0, 0, 1, 0.5], "texture": "#11"},
				"south": {"uv": [0, 0, 0.5, 0.5], "texture": "#11"},
				"west": {"uv": [0, 0, 1, 0.5], "texture": "#11"},
				"up": {"uv": [0, 0, 0.5, 1], "texture": "#11"},
				"down": {"uv": [0, 0, 0.5, 1], "texture": "#11"}
			}
		},
		{
			"from": [10.85, 6.25, -1.5],
			"to": [11.35, 6.75, -1],
			"faces": {
				"north": {"uv": [0, 0, 0.25, 0.25], "texture": "#5"},
				"east": {"uv": [0, 0, 0.25, 0.25], "texture": "#5"},
				"south": {"uv": [0, 0, 0.25, 0.25], "texture": "#5"},
				"west": {"uv": [0, 0, 0.25, 0.25], "texture": "#5"},
				"up": {"uv": [0, 0, 0.25, 0.25], "texture": "#5"},
				"down": {"uv": [0, 0, 0.25, 0.25], "texture": "#5"}
			}
		},
		{
			"from": [13.9, 6.25, -1.5],
			"to": [14.4, 6.75, -1],
			"faces": {
				"north": {"uv": [0, 0, 0.25, 0.25], "texture": "#5"},
				"east": {"uv": [0, 0, 0.25, 0.25], "texture": "#5"},
				"south": {"uv": [0, 0, 0.25, 0.25], "texture": "#5"},
				"west": {"uv": [0, 0, 0.25, 0.25], "texture": "#5"},
				"up": {"uv": [0, 0, 0.25, 0.25], "texture": "#5"},
				"down": {"uv": [0, 0, 0.25, 0.25], "texture": "#5"}
			}
		},
		{
			"from": [5, 5, 8],
			"to": [6, 6, 8],
			"faces": {
				"north": {"uv": [0, 0, 0.5, 0.5], "texture": "#3"},
				"east": {"uv": [0, 0, 0, 0.5], "texture": "#3"},
				"south": {"uv": [0, 0, 0.5, 0.5], "texture": "#3"},
				"west": {"uv": [0, 0, 0, 0.5], "texture": "#3"},
				"up": {"uv": [0, 0, 0, 0.5], "rotation": 90, "texture": "#3"},
				"down": {"uv": [0, 0, 0, 0.5], "rotation": 270, "texture": "#3"}
			}
		},
		{
			"from": [4, 5, 8],
			"to": [5, 6, 8],
			"faces": {
				"north": {"uv": [0, 0, 0.5, 0.5], "texture": "#3"},
				"east": {"uv": [0, 0, 0, 0.5], "texture": "#3"},
				"south": {"uv": [0, 0, 0.5, 0.5], "texture": "#3"},
				"west": {"uv": [0, 0, 0, 0.5], "texture": "#3"},
				"up": {"uv": [0, 0, 0, 0.5], "rotation": 90, "texture": "#3"},
				"down": {"uv": [0, 0, 0, 0.5], "rotation": 270, "texture": "#3"}
			}
		},
		{
			"from": [3, 5, 8],
			"to": [4, 6, 8],
			"faces": {
				"north": {"uv": [0, 0, 0.5, 0.5], "texture": "#3"},
				"east": {"uv": [0, 0, 0, 0.5], "texture": "#3"},
				"south": {"uv": [0, 0, 0.5, 0.5], "texture": "#3"},
				"west": {"uv": [0, 0, 0, 0.5], "texture": "#3"},
				"up": {"uv": [0, 0, 0, 0.5], "rotation": 90, "texture": "#3"},
				"down": {"uv": [0, 0, 0, 0.5], "rotation": 270, "texture": "#3"}
			}
		},
		{
			"from": [4, 6, 8],
			"to": [5, 7, 8],
			"faces": {
				"north": {"uv": [0, 0, 0.5, 0.5], "texture": "#3"},
				"east": {"uv": [0, 0, 0, 0.5], "texture": "#3"},
				"south": {"uv": [0, 0, 0.5, 0.5], "texture": "#3"},
				"west": {"uv": [0, 0, 0, 0.5], "texture": "#3"},
				"up": {"uv": [0, 0, 0, 0.5], "rotation": 90, "texture": "#3"},
				"down": {"uv": [0, 0, 0, 0.5], "rotation": 270, "texture": "#3"}
			}
		},
		{
			"from": [3, 7, 8],
			"to": [4, 8, 8],
			"faces": {
				"north": {"uv": [0, 0, 0.5, 0.5], "texture": "#3"},
				"east": {"uv": [0, 0, 0, 0.5], "texture": "#3"},
				"south": {"uv": [0, 0, 0.5, 0.5], "texture": "#3"},
				"west": {"uv": [0, 0, 0, 0.5], "texture": "#3"},
				"up": {"uv": [0, 0, 0, 0.5], "rotation": 90, "texture": "#3"},
				"down": {"uv": [0, 0, 0, 0.5], "rotation": 270, "texture": "#3"}
			}
		},
		{
			"from": [2, 7, 8],
			"to": [3, 8, 8],
			"faces": {
				"north": {"uv": [0, 0, 0.5, 0.5], "texture": "#3"},
				"east": {"uv": [0, 0, 0, 0.5], "texture": "#3"},
				"south": {"uv": [0, 0, 0.5, 0.5], "texture": "#3"},
				"west": {"uv": [0, 0, 0, 0.5], "texture": "#3"},
				"up": {"uv": [0, 0, 0, 0.5], "rotation": 90, "texture": "#3"},
				"down": {"uv": [0, 0, 0, 0.5], "rotation": 270, "texture": "#3"}
			}
		},
		{
			"from": [1, 7, 8],
			"to": [2, 8, 8],
			"faces": {
				"north": {"uv": [0, 0, 0.5, 0.5], "texture": "#3"},
				"east": {"uv": [0, 0, 0, 0.5], "texture": "#3"},
				"south": {"uv": [0, 0, 0.5, 0.5], "texture": "#3"},
				"west": {"uv": [0, 0, 0, 0.5], "texture": "#3"},
				"up": {"uv": [0, 0, 0, 0.5], "rotation": 90, "texture": "#3"},
				"down": {"uv": [0, 0, 0, 0.5], "rotation": 270, "texture": "#3"}
			}
		},
		{
			"from": [4, 7, 8],
			"to": [5, 8, 8],
			"faces": {
				"north": {"uv": [0, 0, 0.5, 0.5], "texture": "#3"},
				"east": {"uv": [0, 0, 0, 0.5], "texture": "#3"},
				"south": {"uv": [0, 0, 0.5, 0.5], "texture": "#3"},
				"west": {"uv": [0, 0, 0, 0.5], "texture": "#3"},
				"up": {"uv": [0, 0, 0, 0.5], "rotation": 90, "texture": "#3"},
				"down": {"uv": [0, 0, 0, 0.5], "rotation": 270, "texture": "#3"}
			}
		},
		{
			"from": [5, 7, 8],
			"to": [6, 8, 8],
			"faces": {
				"north": {"uv": [0, 0, 0.5, 0.5], "texture": "#3"},
				"east": {"uv": [0, 0, 0, 0.5], "texture": "#3"},
				"south": {"uv": [0, 0, 0.5, 0.5], "texture": "#3"},
				"west": {"uv": [0, 0, 0, 0.5], "texture": "#3"},
				"up": {"uv": [0, 0, 0, 0.5], "rotation": 90, "texture": "#3"},
				"down": {"uv": [0, 0, 0, 0.5], "rotation": 270, "texture": "#3"}
			}
		},
		{
			"from": [3, 6, 8],
			"to": [4, 7, 8],
			"faces": {
				"north": {"uv": [0, 0, 0.5, 0.5], "texture": "#3"},
				"east": {"uv": [0, 0, 0, 0.5], "texture": "#3"},
				"south": {"uv": [0, 0, 0.5, 0.5], "texture": "#3"},
				"west": {"uv": [0, 0, 0, 0.5], "texture": "#3"},
				"up": {"uv": [0, 0, 0, 0.5], "rotation": 90, "texture": "#3"},
				"down": {"uv": [0, 0, 0, 0.5], "rotation": 270, "texture": "#3"}
			}
		},
		{
			"from": [2, 6, 8],
			"to": [3, 7, 8],
			"faces": {
				"north": {"uv": [0, 0, 0.5, 0.5], "texture": "#3"},
				"east": {"uv": [0, 0, 0, 0.5], "texture": "#3"},
				"south": {"uv": [0, 0, 0.5, 0.5], "texture": "#3"},
				"west": {"uv": [0, 0, 0, 0.5], "texture": "#3"},
				"up": {"uv": [0, 0, 0, 0.5], "rotation": 90, "texture": "#3"},
				"down": {"uv": [0, 0, 0, 0.5], "rotation": 270, "texture": "#3"}
			}
		},
		{
			"from": [5, 6, 8],
			"to": [6, 7, 8],
			"faces": {
				"north": {"uv": [0, 0, 0.5, 0.5], "texture": "#3"},
				"east": {"uv": [0, 0, 0, 0.5], "texture": "#3"},
				"south": {"uv": [0, 0, 0.5, 0.5], "texture": "#3"},
				"west": {"uv": [0, 0, 0, 0.5], "texture": "#3"},
				"up": {"uv": [0, 0, 0, 0.5], "rotation": 90, "texture": "#3"},
				"down": {"uv": [0, 0, 0, 0.5], "rotation": 270, "texture": "#3"}
			}
		},
		{
			"from": [6, 6, 8],
			"to": [7, 7, 8],
			"faces": {
				"north": {"uv": [0, 0, 0.5, 0.5], "texture": "#3"},
				"east": {"uv": [0, 0, 0, 0.5], "texture": "#3"},
				"south": {"uv": [0, 0, 0.5, 0.5], "texture": "#3"},
				"west": {"uv": [0, 0, 0, 0.5], "texture": "#3"},
				"up": {"uv": [0, 0, 0, 0.5], "rotation": 90, "texture": "#3"},
				"down": {"uv": [0, 0, 0, 0.5], "rotation": 270, "texture": "#3"}
			}
		},
		{
			"from": [7, 6, 8],
			"to": [8, 7, 8],
			"faces": {
				"north": {"uv": [0, 0, 0.5, 0.5], "texture": "#3"},
				"east": {"uv": [0, 0, 0, 0.5], "texture": "#3"},
				"south": {"uv": [0, 0, 0.5, 0.5], "texture": "#3"},
				"west": {"uv": [0, 0, 0, 0.5], "texture": "#3"},
				"up": {"uv": [0, 0, 0, 0.5], "rotation": 90, "texture": "#3"},
				"down": {"uv": [0, 0, 0, 0.5], "rotation": 270, "texture": "#3"}
			}
		},
		{
			"from": [7, 5, 8],
			"to": [8, 6, 8],
			"faces": {
				"north": {"uv": [0, 0, 0.5, 0.5], "texture": "#3"},
				"east": {"uv": [0, 0, 0, 0.5], "texture": "#3"},
				"south": {"uv": [0, 0, 0.5, 0.5], "texture": "#3"},
				"west": {"uv": [0, 0, 0, 0.5], "texture": "#3"},
				"up": {"uv": [0, 0, 0, 0.5], "rotation": 90, "texture": "#3"},
				"down": {"uv": [0, 0, 0, 0.5], "rotation": 270, "texture": "#3"}
			}
		},
		{
			"from": [8, 5, 8],
			"to": [9, 6, 8],
			"faces": {
				"north": {"uv": [0, 0, 0.5, 0.5], "texture": "#3"},
				"east": {"uv": [0, 0, 0, 0.5], "texture": "#3"},
				"south": {"uv": [0, 0, 0.5, 0.5], "texture": "#3"},
				"west": {"uv": [0, 0, 0, 0.5], "texture": "#3"},
				"up": {"uv": [0, 0, 0, 0.5], "rotation": 90, "texture": "#3"},
				"down": {"uv": [0, 0, 0, 0.5], "rotation": 270, "texture": "#3"}
			}
		},
		{
			"from": [6, 5, 8],
			"to": [7, 6, 8],
			"faces": {
				"north": {"uv": [0, 0, 0.5, 0.5], "texture": "#3"},
				"east": {"uv": [0, 0, 0, 0.5], "texture": "#3"},
				"south": {"uv": [0, 0, 0.5, 0.5], "texture": "#3"},
				"west": {"uv": [0, 0, 0, 0.5], "texture": "#3"},
				"up": {"uv": [0, 0, 0, 0.5], "rotation": 90, "texture": "#3"},
				"down": {"uv": [0, 0, 0, 0.5], "rotation": 270, "texture": "#3"}
			}
		},
		{
			"from": [19, 5, 8],
			"to": [20, 6, 8],
			"rotation": {"angle": 0, "axis": "y", "origin": [16, 0, 0]},
			"faces": {
				"north": {"uv": [0.5, 0, 1, 0.5], "texture": "#3"},
				"east": {"uv": [0, 0, 0, 0.5], "texture": "#3"},
				"south": {"uv": [0.5, 0, 1, 0.5], "texture": "#3"},
				"west": {"uv": [0, 0, 0, 0.5], "texture": "#3"},
				"up": {"uv": [0, 0.5, 0, 1], "rotation": 90, "texture": "#3"},
				"down": {"uv": [0, 0.5, 0, 1], "rotation": 270, "texture": "#3"}
			}
		},
		{
			"from": [20, 5, 8],
			"to": [21, 6, 8],
			"rotation": {"angle": 0, "axis": "y", "origin": [16, 0, 0]},
			"faces": {
				"north": {"uv": [0.5, 0, 1, 0.5], "texture": "#3"},
				"east": {"uv": [0, 0, 0, 0.5], "texture": "#3"},
				"south": {"uv": [0.5, 0, 1, 0.5], "texture": "#3"},
				"west": {"uv": [0, 0, 0, 0.5], "texture": "#3"},
				"up": {"uv": [0, 0.5, 0, 1], "rotation": 90, "texture": "#3"},
				"down": {"uv": [0, 0.5, 0, 1], "rotation": 270, "texture": "#3"}
			}
		},
		{
			"from": [21, 5, 8],
			"to": [22, 6, 8],
			"rotation": {"angle": 0, "axis": "y", "origin": [16, 0, 0]},
			"faces": {
				"north": {"uv": [0.5, 0, 1, 0.5], "texture": "#3"},
				"east": {"uv": [0, 0, 0, 0.5], "texture": "#3"},
				"south": {"uv": [0.5, 0, 1, 0.5], "texture": "#3"},
				"west": {"uv": [0, 0, 0, 0.5], "texture": "#3"},
				"up": {"uv": [0, 0.5, 0, 1], "rotation": 90, "texture": "#3"},
				"down": {"uv": [0, 0.5, 0, 1], "rotation": 270, "texture": "#3"}
			}
		},
		{
			"from": [20, 6, 8],
			"to": [21, 7, 8],
			"rotation": {"angle": 0, "axis": "y", "origin": [16, 0, 0]},
			"faces": {
				"north": {"uv": [0.5, 0, 1, 0.5], "texture": "#3"},
				"east": {"uv": [0, 0, 0, 0.5], "texture": "#3"},
				"south": {"uv": [0.5, 0, 1, 0.5], "texture": "#3"},
				"west": {"uv": [0, 0, 0, 0.5], "texture": "#3"},
				"up": {"uv": [0, 0.5, 0, 1], "rotation": 90, "texture": "#3"},
				"down": {"uv": [0, 0.5, 0, 1], "rotation": 270, "texture": "#3"}
			}
		},
		{
			"from": [21, 7, 8],
			"to": [22, 8, 8],
			"rotation": {"angle": 0, "axis": "y", "origin": [16, 0, 0]},
			"faces": {
				"north": {"uv": [0.5, 0, 1, 0.5], "texture": "#3"},
				"east": {"uv": [0, 0, 0, 0.5], "texture": "#3"},
				"south": {"uv": [0.5, 0, 1, 0.5], "texture": "#3"},
				"west": {"uv": [0, 0, 0, 0.5], "texture": "#3"},
				"up": {"uv": [0, 0.5, 0, 1], "rotation": 90, "texture": "#3"},
				"down": {"uv": [0, 0.5, 0, 1], "rotation": 270, "texture": "#3"}
			}
		},
		{
			"from": [22, 7, 8],
			"to": [23, 8, 8],
			"rotation": {"angle": 0, "axis": "y", "origin": [16, 0, 0]},
			"faces": {
				"north": {"uv": [0.5, 0, 1, 0.5], "texture": "#3"},
				"east": {"uv": [0, 0, 0, 0.5], "texture": "#3"},
				"south": {"uv": [0.5, 0, 1, 0.5], "texture": "#3"},
				"west": {"uv": [0, 0, 0, 0.5], "texture": "#3"},
				"up": {"uv": [0, 0.5, 0, 1], "rotation": 90, "texture": "#3"},
				"down": {"uv": [0, 0.5, 0, 1], "rotation": 270, "texture": "#3"}
			}
		},
		{
			"from": [23, 7, 8],
			"to": [24, 8, 8],
			"rotation": {"angle": 0, "axis": "y", "origin": [16, 0, 0]},
			"faces": {
				"north": {"uv": [0.5, 0, 1, 0.5], "texture": "#3"},
				"east": {"uv": [0, 0, 0, 0.5], "texture": "#3"},
				"south": {"uv": [0.5, 0, 1, 0.5], "texture": "#3"},
				"west": {"uv": [0, 0, 0, 0.5], "texture": "#3"},
				"up": {"uv": [0, 0.5, 0, 1], "rotation": 90, "texture": "#3"},
				"down": {"uv": [0, 0.5, 0, 1], "rotation": 270, "texture": "#3"}
			}
		},
		{
			"from": [20, 7, 8],
			"to": [21, 8, 8],
			"rotation": {"angle": 0, "axis": "y", "origin": [16, 0, 0]},
			"faces": {
				"north": {"uv": [0.5, 0, 1, 0.5], "texture": "#3"},
				"east": {"uv": [0, 0, 0, 0.5], "texture": "#3"},
				"south": {"uv": [0.5, 0, 1, 0.5], "texture": "#3"},
				"west": {"uv": [0, 0, 0, 0.5], "texture": "#3"},
				"up": {"uv": [0, 0.5, 0, 1], "rotation": 90, "texture": "#3"},
				"down": {"uv": [0, 0.5, 0, 1], "rotation": 270, "texture": "#3"}
			}
		},
		{
			"from": [19, 7, 8],
			"to": [20, 8, 8],
			"rotation": {"angle": 0, "axis": "y", "origin": [16, 0, 0]},
			"faces": {
				"north": {"uv": [0.5, 0, 1, 0.5], "texture": "#3"},
				"east": {"uv": [0, 0, 0, 0.5], "texture": "#3"},
				"south": {"uv": [0.5, 0, 1, 0.5], "texture": "#3"},
				"west": {"uv": [0, 0, 0, 0.5], "texture": "#3"},
				"up": {"uv": [0, 0.5, 0, 1], "rotation": 90, "texture": "#3"},
				"down": {"uv": [0, 0.5, 0, 1], "rotation": 270, "texture": "#3"}
			}
		},
		{
			"from": [21, 6, 8],
			"to": [22, 7, 8],
			"rotation": {"angle": 0, "axis": "y", "origin": [16, 0, 0]},
			"faces": {
				"north": {"uv": [0.5, 0, 1, 0.5], "texture": "#3"},
				"east": {"uv": [0, 0, 0, 0.5], "texture": "#3"},
				"south": {"uv": [0.5, 0, 1, 0.5], "texture": "#3"},
				"west": {"uv": [0, 0, 0, 0.5], "texture": "#3"},
				"up": {"uv": [0, 0.5, 0, 1], "rotation": 90, "texture": "#3"},
				"down": {"uv": [0, 0.5, 0, 1], "rotation": 270, "texture": "#3"}
			}
		},
		{
			"from": [22, 6, 8],
			"to": [23, 7, 8],
			"rotation": {"angle": 0, "axis": "y", "origin": [16, 0, 0]},
			"faces": {
				"north": {"uv": [0.5, 0, 1, 0.5], "texture": "#3"},
				"east": {"uv": [0, 0, 0, 0.5], "texture": "#3"},
				"south": {"uv": [0.5, 0, 1, 0.5], "texture": "#3"},
				"west": {"uv": [0, 0, 0, 0.5], "texture": "#3"},
				"up": {"uv": [0, 0.5, 0, 1], "rotation": 90, "texture": "#3"},
				"down": {"uv": [0, 0.5, 0, 1], "rotation": 270, "texture": "#3"}
			}
		},
		{
			"from": [19, 6, 8],
			"to": [20, 7, 8],
			"rotation": {"angle": 0, "axis": "y", "origin": [16, 0, 0]},
			"faces": {
				"north": {"uv": [0.5, 0, 1, 0.5], "texture": "#3"},
				"east": {"uv": [0, 0, 0, 0.5], "texture": "#3"},
				"south": {"uv": [0.5, 0, 1, 0.5], "texture": "#3"},
				"west": {"uv": [0, 0, 0, 0.5], "texture": "#3"},
				"up": {"uv": [0, 0.5, 0, 1], "rotation": 90, "texture": "#3"},
				"down": {"uv": [0, 0.5, 0, 1], "rotation": 270, "texture": "#3"}
			}
		},
		{
			"from": [18, 6, 8],
			"to": [19, 7, 8],
			"rotation": {"angle": 0, "axis": "y", "origin": [16, 0, 0]},
			"faces": {
				"north": {"uv": [0.5, 0, 1, 0.5], "texture": "#3"},
				"east": {"uv": [0, 0, 0, 0.5], "texture": "#3"},
				"south": {"uv": [0.5, 0, 1, 0.5], "texture": "#3"},
				"west": {"uv": [0, 0, 0, 0.5], "texture": "#3"},
				"up": {"uv": [0, 0.5, 0, 1], "rotation": 90, "texture": "#3"},
				"down": {"uv": [0, 0.5, 0, 1], "rotation": 270, "texture": "#3"}
			}
		},
		{
			"from": [17, 6, 8],
			"to": [18, 7, 8],
			"rotation": {"angle": 0, "axis": "y", "origin": [16, 0, 0]},
			"faces": {
				"north": {"uv": [0.5, 0, 1, 0.5], "texture": "#3"},
				"east": {"uv": [0, 0, 0, 0.5], "texture": "#3"},
				"south": {"uv": [0.5, 0, 1, 0.5], "texture": "#3"},
				"west": {"uv": [0, 0, 0, 0.5], "texture": "#3"},
				"up": {"uv": [0, 0.5, 0, 1], "rotation": 90, "texture": "#3"},
				"down": {"uv": [0, 0.5, 0, 1], "rotation": 270, "texture": "#3"}
			}
		},
		{
			"from": [17, 5, 8],
			"to": [18, 6, 8],
			"rotation": {"angle": 0, "axis": "y", "origin": [16, 0, 0]},
			"faces": {
				"north": {"uv": [0.5, 0, 1, 0.5], "texture": "#3"},
				"east": {"uv": [0, 0, 0, 0.5], "texture": "#3"},
				"south": {"uv": [0.5, 0, 1, 0.5], "texture": "#3"},
				"west": {"uv": [0, 0, 0, 0.5], "texture": "#3"},
				"up": {"uv": [0, 0.5, 0, 1], "rotation": 90, "texture": "#3"},
				"down": {"uv": [0, 0.5, 0, 1], "rotation": 270, "texture": "#3"}
			}
		},
		{
			"from": [16, 5, 8],
			"to": [17, 6, 8],
			"rotation": {"angle": 0, "axis": "y", "origin": [16, 0, 0]},
			"faces": {
				"north": {"uv": [0.5, 0, 1, 0.5], "texture": "#3"},
				"east": {"uv": [0, 0, 0, 0.5], "texture": "#3"},
				"south": {"uv": [0.5, 0, 1, 0.5], "texture": "#3"},
				"west": {"uv": [0, 0, 0, 0.5], "texture": "#3"},
				"up": {"uv": [0, 0.5, 0, 1], "rotation": 90, "texture": "#3"},
				"down": {"uv": [0, 0.5, 0, 1], "rotation": 270, "texture": "#3"}
			}
		},
		{
			"from": [18, 5, 8],
			"to": [19, 6, 8],
			"rotation": {"angle": 0, "axis": "y", "origin": [16, 0, 0]},
			"faces": {
				"north": {"uv": [0.5, 0, 1, 0.5], "texture": "#3"},
				"east": {"uv": [0, 0, 0, 0.5], "texture": "#3"},
				"south": {"uv": [0.5, 0, 1, 0.5], "texture": "#3"},
				"west": {"uv": [0, 0, 0, 0.5], "texture": "#3"},
				"up": {"uv": [0, 0.5, 0, 1], "rotation": 90, "texture": "#3"},
				"down": {"uv": [0, 0.5, 0, 1], "rotation": 270, "texture": "#3"}
			}
		},
		{
			"from": [11, 11, -3],
			"to": [12, 12, -2],
			"faces": {
				"north": {"uv": [0, 0, 0.5, 0.5], "texture": "#6"},
				"east": {"uv": [0, 0, 0.5, 0.5], "texture": "#6"},
				"south": {"uv": [0, 0, 0.5, 0.5], "texture": "#6"},
				"west": {"uv": [0, 0, 0.5, 0.5], "texture": "#6"},
				"up": {"uv": [0, 0, 0.5, 0.5], "texture": "#6"},
				"down": {"uv": [0, 0, 0.5, 0.5], "texture": "#6"}
			}
		},
		{
			"from": [10, 11, -3],
			"to": [11, 12, -2],
			"faces": {
				"north": {"uv": [0, 0, 0.5, 0.5], "texture": "#6"},
				"east": {"uv": [0, 0, 0.5, 0.5], "texture": "#6"},
				"south": {"uv": [0, 0, 0.5, 0.5], "texture": "#6"},
				"west": {"uv": [0, 0, 0.5, 0.5], "texture": "#6"},
				"up": {"uv": [0, 0, 0.5, 0.5], "texture": "#6"},
				"down": {"uv": [0, 0, 0.5, 0.5], "texture": "#6"}
			}
		},
		{
			"from": [13, 11, -3],
			"to": [14, 12, -2],
			"faces": {
				"north": {"uv": [0, 0, 0.5, 0.5], "texture": "#6"},
				"east": {"uv": [0, 0, 0.5, 0.5], "texture": "#6"},
				"south": {"uv": [0, 0, 0.5, 0.5], "texture": "#6"},
				"west": {"uv": [0, 0, 0.5, 0.5], "texture": "#6"},
				"up": {"uv": [0, 0, 0.5, 0.5], "texture": "#6"},
				"down": {"uv": [0, 0, 0.5, 0.5], "texture": "#6"}
			}
		},
		{
			"from": [9, 11, -1],
			"to": [10, 12, 0],
			"faces": {
				"north": {"uv": [0, 0, 0.5, 0.5], "texture": "#6"},
				"east": {"uv": [0, 0, 0.5, 0.5], "texture": "#6"},
				"south": {"uv": [0, 0, 0.5, 0.5], "texture": "#6"},
				"west": {"uv": [0, 0, 0.5, 0.5], "texture": "#6"},
				"up": {"uv": [0, 0, 0.5, 0.5], "texture": "#6"},
				"down": {"uv": [0, 0, 0.5, 0.5], "texture": "#6"}
			}
		},
		{
			"from": [9, 11, 0],
			"to": [10, 12, 1],
			"faces": {
				"north": {"uv": [0, 0, 0.5, 0.5], "texture": "#6"},
				"east": {"uv": [0, 0, 0.5, 0.5], "texture": "#6"},
				"south": {"uv": [0, 0, 0.5, 0.5], "texture": "#6"},
				"west": {"uv": [0, 0, 0.5, 0.5], "texture": "#6"},
				"up": {"uv": [0, 0, 0.5, 0.5], "texture": "#6"},
				"down": {"uv": [0, 0, 0.5, 0.5], "texture": "#6"}
			}
		},
		{
			"from": [9, 11, 1],
			"to": [10, 12, 2],
			"faces": {
				"north": {"uv": [0, 0, 0.5, 0.5], "texture": "#6"},
				"east": {"uv": [0, 0, 0.5, 0.5], "texture": "#6"},
				"south": {"uv": [0, 0, 0.5, 0.5], "texture": "#6"},
				"west": {"uv": [0, 0, 0.5, 0.5], "texture": "#6"},
				"up": {"uv": [0, 0, 0.5, 0.5], "texture": "#6"},
				"down": {"uv": [0, 0, 0.5, 0.5], "texture": "#6"}
			}
		},
		{
			"from": [9, 11, -2],
			"to": [10, 12, -1],
			"faces": {
				"north": {"uv": [0, 0, 0.5, 0.5], "texture": "#6"},
				"east": {"uv": [0, 0, 0.5, 0.5], "texture": "#6"},
				"south": {"uv": [0, 0, 0.5, 0.5], "texture": "#6"},
				"west": {"uv": [0, 0, 0.5, 0.5], "texture": "#6"},
				"up": {"uv": [0, 0, 0.5, 0.5], "texture": "#6"},
				"down": {"uv": [0, 0, 0.5, 0.5], "texture": "#6"}
			}
		},
		{
			"from": [14, 11, -1],
			"to": [15, 12, 0],
			"faces": {
				"north": {"uv": [0, 0, 0.5, 0.5], "texture": "#6"},
				"east": {"uv": [0, 0, 0.5, 0.5], "texture": "#6"},
				"south": {"uv": [0, 0, 0.5, 0.5], "texture": "#6"},
				"west": {"uv": [0, 0, 0.5, 0.5], "texture": "#6"},
				"up": {"uv": [0, 0, 0.5, 0.5], "texture": "#6"},
				"down": {"uv": [0, 0, 0.5, 0.5], "texture": "#6"}
			}
		},
		{
			"from": [14, 11, 0],
			"to": [15, 12, 1],
			"faces": {
				"north": {"uv": [0, 0, 0.5, 0.5], "texture": "#6"},
				"east": {"uv": [0, 0, 0.5, 0.5], "texture": "#6"},
				"south": {"uv": [0, 0, 0.5, 0.5], "texture": "#6"},
				"west": {"uv": [0, 0, 0.5, 0.5], "texture": "#6"},
				"up": {"uv": [0, 0, 0.5, 0.5], "texture": "#6"},
				"down": {"uv": [0, 0, 0.5, 0.5], "texture": "#6"}
			}
		},
		{
			"from": [12, 11, 2],
			"to": [13, 12, 3],
			"faces": {
				"north": {"uv": [0, 0, 0.5, 0.5], "texture": "#6"},
				"east": {"uv": [0, 0, 0.5, 0.5], "texture": "#6"},
				"south": {"uv": [0, 0, 0.5, 0.5], "texture": "#6"},
				"west": {"uv": [0, 0, 0.5, 0.5], "texture": "#6"},
				"up": {"uv": [0, 0, 0.5, 0.5], "texture": "#6"},
				"down": {"uv": [0, 0, 0.5, 0.5], "texture": "#6"}
			}
		},
		{
			"from": [11, 11, 2],
			"to": [12, 12, 3],
			"faces": {
				"north": {"uv": [0, 0, 0.5, 0.5], "texture": "#6"},
				"east": {"uv": [0, 0, 0.5, 0.5], "texture": "#6"},
				"south": {"uv": [0, 0, 0.5, 0.5], "texture": "#6"},
				"west": {"uv": [0, 0, 0.5, 0.5], "texture": "#6"},
				"up": {"uv": [0, 0, 0.5, 0.5], "texture": "#6"},
				"down": {"uv": [0, 0, 0.5, 0.5], "texture": "#6"}
			}
		},
		{
			"from": [10, 11, 2],
			"to": [11, 12, 3],
			"faces": {
				"north": {"uv": [0, 0, 0.5, 0.5], "texture": "#6"},
				"east": {"uv": [0, 0, 0.5, 0.5], "texture": "#6"},
				"south": {"uv": [0, 0, 0.5, 0.5], "texture": "#6"},
				"west": {"uv": [0, 0, 0.5, 0.5], "texture": "#6"},
				"up": {"uv": [0, 0, 0.5, 0.5], "texture": "#6"},
				"down": {"uv": [0, 0, 0.5, 0.5], "texture": "#6"}
			}
		},
		{
			"from": [14, 11, 1],
			"to": [15, 12, 2],
			"faces": {
				"north": {"uv": [0, 0, 0.5, 0.5], "texture": "#6"},
				"east": {"uv": [0, 0, 0.5, 0.5], "texture": "#6"},
				"south": {"uv": [0, 0, 0.5, 0.5], "texture": "#6"},
				"west": {"uv": [0, 0, 0.5, 0.5], "texture": "#6"},
				"up": {"uv": [0, 0, 0.5, 0.5], "texture": "#6"},
				"down": {"uv": [0, 0, 0.5, 0.5], "texture": "#6"}
			}
		},
		{
			"from": [13, 11, 2],
			"to": [14, 12, 3],
			"faces": {
				"north": {"uv": [0, 0, 0.5, 0.5], "texture": "#6"},
				"east": {"uv": [0, 0, 0.5, 0.5], "texture": "#6"},
				"south": {"uv": [0, 0, 0.5, 0.5], "texture": "#6"},
				"west": {"uv": [0, 0, 0.5, 0.5], "texture": "#6"},
				"up": {"uv": [0, 0, 0.5, 0.5], "texture": "#6"},
				"down": {"uv": [0, 0, 0.5, 0.5], "texture": "#6"}
			}
		},
		{
			"from": [12, 11, -3],
			"to": [13, 12, -2],
			"faces": {
				"north": {"uv": [0, 0, 0.5, 0.5], "texture": "#6"},
				"east": {"uv": [0, 0, 0.5, 0.5], "texture": "#6"},
				"south": {"uv": [0, 0, 0.5, 0.5], "texture": "#6"},
				"west": {"uv": [0, 0, 0.5, 0.5], "texture": "#6"},
				"up": {"uv": [0, 0, 0.5, 0.5], "texture": "#6"},
				"down": {"uv": [0, 0, 0.5, 0.5], "texture": "#6"}
			}
		},
		{
			"from": [14, 11, -2],
			"to": [15, 12, -1],
			"faces": {
				"north": {"uv": [0, 0, 0.5, 0.5], "texture": "#6"},
				"east": {"uv": [0, 0, 0.5, 0.5], "texture": "#6"},
				"south": {"uv": [0, 0, 0.5, 0.5], "texture": "#6"},
				"west": {"uv": [0, 0, 0.5, 0.5], "texture": "#6"},
				"up": {"uv": [0, 0, 0.5, 0.5], "texture": "#6"},
				"down": {"uv": [0, 0, 0.5, 0.5], "texture": "#6"}
			}
		},
		{
			"from": [8, 0, 2],
			"to": [9, 1, 3],
			"faces": {
				"north": {"uv": [0, 0, 0.5, 0.5], "rotation": 90, "texture": "#10"},
				"east": {"uv": [0, 0, 0.5, 0.5], "rotation": 270, "texture": "#10"},
				"south": {"uv": [0, 0, 0.5, 0.5], "rotation": 270, "texture": "#10"},
				"west": {"uv": [0, 0, 0.5, 0.5], "rotation": 270, "texture": "#10"},
				"up": {"uv": [0, 0, 0.5, 0.5], "rotation": 270, "texture": "#10"},
				"down": {"uv": [0, 0, 0.5, 0.5], "rotation": 270, "texture": "#10"}
			}
		},
		{
			"from": [8, -1, 2],
			"to": [9, 0, 3],
			"faces": {
				"north": {"uv": [0, 0, 0.5, 0.5], "rotation": 90, "texture": "#10"},
				"east": {"uv": [0, 0, 0.5, 0.5], "rotation": 270, "texture": "#10"},
				"south": {"uv": [0, 0, 0.5, 0.5], "rotation": 270, "texture": "#10"},
				"west": {"uv": [0, 0, 0.5, 0.5], "rotation": 270, "texture": "#10"},
				"up": {"uv": [0, 0, 0.5, 0.5], "rotation": 270, "texture": "#10"},
				"down": {"uv": [0, 0, 0.5, 0.5], "rotation": 270, "texture": "#10"}
			}
		},
		{
			"from": [8, 0, 3],
			"to": [9, 1, 4],
			"faces": {
				"north": {"uv": [0, 0, 0.5, 0.5], "rotation": 90, "texture": "#10"},
				"east": {"uv": [0, 0, 0.5, 0.5], "rotation": 270, "texture": "#10"},
				"south": {"uv": [0, 0, 0.5, 0.5], "rotation": 270, "texture": "#10"},
				"west": {"uv": [0, 0, 0.5, 0.5], "rotation": 270, "texture": "#10"},
				"up": {"uv": [0, 0, 0.5, 0.5], "rotation": 270, "texture": "#10"},
				"down": {"uv": [0, 0, 0.5, 0.5], "rotation": 270, "texture": "#10"}
			}
		},
		{
			"from": [8, 2, 0],
			"to": [9, 3, 1],
			"faces": {
				"north": {"uv": [0, 0, 0.5, 0.5], "rotation": 90, "texture": "#7"},
				"east": {"uv": [0, 0, 0.5, 0.5], "rotation": 270, "texture": "#7"},
				"south": {"uv": [0, 0, 0.5, 0.5], "rotation": 270, "texture": "#7"},
				"west": {"uv": [0, 0, 0.5, 0.5], "rotation": 270, "texture": "#7"},
				"up": {"uv": [0, 0, 0.5, 0.5], "rotation": 270, "texture": "#7"},
				"down": {"uv": [0, 0, 0.5, 0.5], "rotation": 270, "texture": "#7"}
			}
		},
		{
			"from": [8, 3, -1],
			"to": [9, 4, 0],
			"faces": {
				"north": {"uv": [0, 0, 0.5, 0.5], "rotation": 90, "texture": "#7"},
				"east": {"uv": [0, 0, 0.5, 0.5], "rotation": 270, "texture": "#7"},
				"south": {"uv": [0, 0, 0.5, 0.5], "rotation": 270, "texture": "#7"},
				"west": {"uv": [0, 0, 0.5, 0.5], "rotation": 270, "texture": "#7"},
				"up": {"uv": [0, 0, 0.5, 0.5], "rotation": 270, "texture": "#7"},
				"down": {"uv": [0, 0, 0.5, 0.5], "rotation": 270, "texture": "#7"}
			}
		},
		{
			"from": [8, 1, 1],
			"to": [9, 2, 2],
			"faces": {
				"north": {"uv": [0, 0, 0.5, 0.5], "rotation": 90, "texture": "#7"},
				"east": {"uv": [0, 0, 0.5, 0.5], "rotation": 270, "texture": "#7"},
				"south": {"uv": [0, 0, 0.5, 0.5], "rotation": 270, "texture": "#7"},
				"west": {"uv": [0, 0, 0.5, 0.5], "rotation": 270, "texture": "#7"},
				"up": {"uv": [0, 0, 0.5, 0.5], "rotation": 270, "texture": "#7"},
				"down": {"uv": [0, 0, 0.5, 0.5], "rotation": 270, "texture": "#7"}
			}
		},
		{
			"from": [8, 4, -1],
			"to": [9, 5, 0],
			"faces": {
				"north": {"uv": [0, 0, 0.5, 0.5], "rotation": 90, "texture": "#7"},
				"east": {"uv": [0, 0, 0.5, 0.5], "rotation": 270, "texture": "#7"},
				"south": {"uv": [0, 0, 0.5, 0.5], "rotation": 270, "texture": "#7"},
				"west": {"uv": [0, 0, 0.5, 0.5], "rotation": 270, "texture": "#7"},
				"up": {"uv": [0, 0, 0.5, 0.5], "rotation": 270, "texture": "#7"},
				"down": {"uv": [0, 0, 0.5, 0.5], "rotation": 270, "texture": "#7"}
			}
		},
		{
			"from": [8, 4, 0],
			"to": [9, 5, 1],
			"faces": {
				"north": {"uv": [0, 0, 0.5, 0.5], "rotation": 90, "texture": "#7"},
				"east": {"uv": [0, 0, 0.5, 0.5], "rotation": 270, "texture": "#7"},
				"south": {"uv": [0, 0, 0.5, 0.5], "rotation": 270, "texture": "#7"},
				"west": {"uv": [0, 0, 0.5, 0.5], "rotation": 270, "texture": "#7"},
				"up": {"uv": [0, 0, 0.5, 0.5], "rotation": 270, "texture": "#7"},
				"down": {"uv": [0, 0, 0.5, 0.5], "rotation": 270, "texture": "#7"}
			}
		},
		{
			"from": [8, 3, 0],
			"to": [9, 4, 1],
			"faces": {
				"north": {"uv": [0, 0, 0.5, 0.5], "rotation": 90, "texture": "#7"},
				"east": {"uv": [0, 0, 0.5, 0.5], "rotation": 270, "texture": "#7"},
				"south": {"uv": [0, 0, 0.5, 0.5], "rotation": 270, "texture": "#7"},
				"west": {"uv": [0, 0, 0.5, 0.5], "rotation": 270, "texture": "#7"},
				"up": {"uv": [0, 0, 0.5, 0.5], "rotation": 270, "texture": "#7"},
				"down": {"uv": [0, 0, 0.5, 0.5], "rotation": 270, "texture": "#7"}
			}
		},
		{
			"from": [8, 2, 1],
			"to": [9, 3, 2],
			"faces": {
				"north": {"uv": [0, 0, 0.5, 0.5], "rotation": 90, "texture": "#7"},
				"east": {"uv": [0, 0, 0.5, 0.5], "rotation": 270, "texture": "#7"},
				"south": {"uv": [0, 0, 0.5, 0.5], "rotation": 270, "texture": "#7"},
				"west": {"uv": [0, 0, 0.5, 0.5], "rotation": 270, "texture": "#7"},
				"up": {"uv": [0, 0, 0.5, 0.5], "rotation": 270, "texture": "#7"},
				"down": {"uv": [0, 0, 0.5, 0.5], "rotation": 270, "texture": "#7"}
			}
		},
		{
			"from": [8, 1, 2],
			"to": [9, 2, 3],
			"faces": {
				"north": {"uv": [0, 0, 0.5, 0.5], "rotation": 90, "texture": "#7"},
				"east": {"uv": [0, 0, 0.5, 0.5], "rotation": 270, "texture": "#7"},
				"south": {"uv": [0, 0, 0.5, 0.5], "rotation": 270, "texture": "#7"},
				"west": {"uv": [0, 0, 0.5, 0.5], "rotation": 270, "texture": "#7"},
				"up": {"uv": [0, 0, 0.5, 0.5], "rotation": 270, "texture": "#7"},
				"down": {"uv": [0, 0, 0.5, 0.5], "rotation": 270, "texture": "#7"}
			}
		},
		{
			"from": [8, 4, -2],
			"to": [9, 5, -1],
			"faces": {
				"north": {"uv": [0, 0, 0.5, 0.5], "rotation": 90, "texture": "#9"},
				"east": {"uv": [0, 0, 0.5, 0.5], "rotation": 270, "texture": "#9"},
				"south": {"uv": [0, 0, 0.5, 0.5], "rotation": 270, "texture": "#9"},
				"west": {"uv": [0, 0, 0.5, 0.5], "rotation": 270, "texture": "#9"},
				"up": {"uv": [0, 0, 0.5, 0.5], "rotation": 270, "texture": "#9"},
				"down": {"uv": [0, 0, 0.5, 0.5], "rotation": 270, "texture": "#9"}
			}
		},
		{
			"from": [8, 5, -2],
			"to": [9, 6, -1],
			"faces": {
				"north": {"uv": [0, 0, 0.5, 0.5], "rotation": 90, "texture": "#9"},
				"east": {"uv": [0, 0, 0.5, 0.5], "rotation": 270, "texture": "#9"},
				"south": {"uv": [0, 0, 0.5, 0.5], "rotation": 270, "texture": "#9"},
				"west": {"uv": [0, 0, 0.5, 0.5], "rotation": 270, "texture": "#9"},
				"up": {"uv": [0, 0, 0.5, 0.5], "rotation": 270, "texture": "#9"},
				"down": {"uv": [0, 0, 0.5, 0.5], "rotation": 270, "texture": "#9"}
			}
		},
		{
			"from": [8, 5, -1],
			"to": [9, 6, 0],
			"faces": {
				"north": {"uv": [0, 0, 0.5, 0.5], "rotation": 90, "texture": "#9"},
				"east": {"uv": [0, 0, 0.5, 0.5], "rotation": 270, "texture": "#9"},
				"south": {"uv": [0, 0, 0.5, 0.5], "rotation": 270, "texture": "#9"},
				"west": {"uv": [0, 0, 0.5, 0.5], "rotation": 270, "texture": "#9"},
				"up": {"uv": [0, 0, 0.5, 0.5], "rotation": 270, "texture": "#9"},
				"down": {"uv": [0, 0, 0.5, 0.5], "rotation": 270, "texture": "#9"}
			}
		},
		{
			"from": [8, 3, -2],
			"to": [9, 4, -1],
			"faces": {
				"north": {"uv": [0, 0, 0.5, 0.5], "rotation": 90, "texture": "#9"},
				"east": {"uv": [0, 0, 0.5, 0.5], "rotation": 270, "texture": "#9"},
				"south": {"uv": [0, 0, 0.5, 0.5], "rotation": 270, "texture": "#9"},
				"west": {"uv": [0, 0, 0.5, 0.5], "rotation": 270, "texture": "#9"},
				"up": {"uv": [0, 0, 0.5, 0.5], "rotation": 270, "texture": "#9"},
				"down": {"uv": [0, 0, 0.5, 0.5], "rotation": 270, "texture": "#9"}
			}
		},
		{
			"from": [8, 6, -2],
			"to": [9, 7, -1],
			"faces": {
				"north": {"uv": [0, 0, 0.5, 0.5], "rotation": 90, "texture": "#9"},
				"east": {"uv": [0, 0, 0.5, 0.5], "rotation": 270, "texture": "#9"},
				"south": {"uv": [0, 0, 0.5, 0.5], "rotation": 270, "texture": "#9"},
				"west": {"uv": [0, 0, 0.5, 0.5], "rotation": 270, "texture": "#9"},
				"up": {"uv": [0, 0, 0.5, 0.5], "rotation": 270, "texture": "#9"},
				"down": {"uv": [0, 0, 0.5, 0.5], "rotation": 270, "texture": "#9"}
			}
		},
		{
			"from": [8, 5, 1],
			"to": [9, 6, 2],
			"faces": {
				"north": {"uv": [0, 0, 0.5, 0.5], "rotation": 90, "texture": "#9"},
				"east": {"uv": [0, 0, 0.5, 0.5], "rotation": 270, "texture": "#9"},
				"south": {"uv": [0, 0, 0.5, 0.5], "rotation": 270, "texture": "#9"},
				"west": {"uv": [0, 0, 0.5, 0.5], "rotation": 270, "texture": "#9"},
				"up": {"uv": [0, 0, 0.5, 0.5], "rotation": 270, "texture": "#9"},
				"down": {"uv": [0, 0, 0.5, 0.5], "rotation": 270, "texture": "#9"}
			}
		},
		{
			"from": [8, 6, -1],
			"to": [9, 7, 0],
			"faces": {
				"north": {"uv": [0, 0, 0.5, 0.5], "rotation": 90, "texture": "#9"},
				"east": {"uv": [0, 0, 0.5, 0.5], "rotation": 270, "texture": "#9"},
				"south": {"uv": [0, 0, 0.5, 0.5], "rotation": 270, "texture": "#9"},
				"west": {"uv": [0, 0, 0.5, 0.5], "rotation": 270, "texture": "#9"},
				"up": {"uv": [0, 0, 0.5, 0.5], "rotation": 270, "texture": "#9"},
				"down": {"uv": [0, 0, 0.5, 0.5], "rotation": 270, "texture": "#9"}
			}
		},
		{
			"from": [8, 2, -2],
			"to": [9, 3, -1],
			"faces": {
				"north": {"uv": [0, 0, 0.5, 0.5], "rotation": 90, "texture": "#9"},
				"east": {"uv": [0, 0, 0.5, 0.5], "rotation": 270, "texture": "#9"},
				"south": {"uv": [0, 0, 0.5, 0.5], "rotation": 270, "texture": "#9"},
				"west": {"uv": [0, 0, 0.5, 0.5], "rotation": 270, "texture": "#9"},
				"up": {"uv": [0, 0, 0.5, 0.5], "rotation": 270, "texture": "#9"},
				"down": {"uv": [0, 0, 0.5, 0.5], "rotation": 270, "texture": "#9"}
			}
		},
		{
			"from": [8, 3, -2],
			"to": [9, 4, -1],
			"faces": {
				"north": {"uv": [0, 0, 0.5, 0.5], "rotation": 90, "texture": "#9"},
				"east": {"uv": [0, 0, 0.5, 0.5], "rotation": 270, "texture": "#9"},
				"south": {"uv": [0, 0, 0.5, 0.5], "rotation": 270, "texture": "#9"},
				"west": {"uv": [0, 0, 0.5, 0.5], "rotation": 270, "texture": "#9"},
				"up": {"uv": [0, 0, 0.5, 0.5], "rotation": 270, "texture": "#9"},
				"down": {"uv": [0, 0, 0.5, 0.5], "rotation": 270, "texture": "#9"}
			}
		},
		{
			"from": [8, 6, -3],
			"to": [9, 7, -2],
			"faces": {
				"north": {"uv": [0, 0, 0.5, 0.5], "rotation": 90, "texture": "#9"},
				"east": {"uv": [0, 0, 0.5, 0.5], "rotation": 270, "texture": "#9"},
				"south": {"uv": [0, 0, 0.5, 0.5], "rotation": 270, "texture": "#9"},
				"west": {"uv": [0, 0, 0.5, 0.5], "rotation": 270, "texture": "#9"},
				"up": {"uv": [0, 0, 0.5, 0.5], "rotation": 270, "texture": "#9"},
				"down": {"uv": [0, 0, 0.5, 0.5], "rotation": 270, "texture": "#9"}
			}
		},
		{
			"from": [8, 5, 0],
			"to": [9, 6, 1],
			"faces": {
				"north": {"uv": [0, 0, 0.5, 0.5], "rotation": 90, "texture": "#9"},
				"east": {"uv": [0, 0, 0.5, 0.5], "rotation": 270, "texture": "#9"},
				"south": {"uv": [0, 0, 0.5, 0.5], "rotation": 270, "texture": "#9"},
				"west": {"uv": [0, 0, 0.5, 0.5], "rotation": 270, "texture": "#9"},
				"up": {"uv": [0, 0, 0.5, 0.5], "rotation": 270, "texture": "#9"},
				"down": {"uv": [0, 0, 0.5, 0.5], "rotation": 270, "texture": "#9"}
			}
		},
		{
			"from": [8, 5, -3],
			"to": [9, 6, -2],
			"faces": {
				"north": {"uv": [0, 0, 0.5, 0.5], "rotation": 90, "texture": "#9"},
				"east": {"uv": [0, 0, 0.5, 0.5], "rotation": 270, "texture": "#9"},
				"south": {"uv": [0, 0, 0.5, 0.5], "rotation": 270, "texture": "#9"},
				"west": {"uv": [0, 0, 0.5, 0.5], "rotation": 270, "texture": "#9"},
				"up": {"uv": [0, 0, 0.5, 0.5], "rotation": 270, "texture": "#9"},
				"down": {"uv": [0, 0, 0.5, 0.5], "rotation": 270, "texture": "#9"}
			}
		},
		{
			"from": [8, 4, -3],
			"to": [9, 5, -2],
			"faces": {
				"north": {"uv": [0, 0, 0.5, 0.5], "rotation": 90, "texture": "#9"},
				"east": {"uv": [0, 0, 0.5, 0.5], "rotation": 270, "texture": "#9"},
				"south": {"uv": [0, 0, 0.5, 0.5], "rotation": 270, "texture": "#9"},
				"west": {"uv": [0, 0, 0.5, 0.5], "rotation": 270, "texture": "#9"},
				"up": {"uv": [0, 0, 0.5, 0.5], "rotation": 270, "texture": "#9"},
				"down": {"uv": [0, 0, 0.5, 0.5], "rotation": 270, "texture": "#9"}
			}
		},
		{
			"from": [8, 4, -3],
			"to": [9, 5, -2],
			"faces": {
				"north": {"uv": [0, 0, 0.5, 0.5], "rotation": 90, "texture": "#9"},
				"east": {"uv": [0, 0, 0.5, 0.5], "rotation": 270, "texture": "#9"},
				"south": {"uv": [0, 0, 0.5, 0.5], "rotation": 270, "texture": "#9"},
				"west": {"uv": [0, 0, 0.5, 0.5], "rotation": 270, "texture": "#9"},
				"up": {"uv": [0, 0, 0.5, 0.5], "rotation": 270, "texture": "#9"},
				"down": {"uv": [0, 0, 0.5, 0.5], "rotation": 270, "texture": "#9"}
			}
		},
		{
			"from": [11, 4, -7],
			"to": [12, 5, -6],
			"rotation": {"angle": 0, "axis": "y", "origin": [16, 0, 0]},
			"faces": {
				"north": {"uv": [0, 0.5, 0.5, 1], "texture": "#7"},
				"east": {"uv": [0.5, 0, 1, 0.5], "rotation": 180, "texture": "#7"},
				"south": {"uv": [0, 0.5, 0.5, 1], "texture": "#7"},
				"west": {"uv": [0.5, 0, 1, 0.5], "rotation": 180, "texture": "#7"},
				"up": {"uv": [0.5, 0, 1, 0.5], "rotation": 270, "texture": "#7"},
				"down": {"uv": [0.5, 0, 1, 0.5], "rotation": 90, "texture": "#7"}
			}
		},
		{
			"from": [10, 4, -7],
			"to": [11, 5, -6],
			"rotation": {"angle": 0, "axis": "y", "origin": [16, 0, 0]},
			"faces": {
				"north": {"uv": [0, 0.5, 0.5, 1], "texture": "#7"},
				"east": {"uv": [0.5, 0, 1, 0.5], "rotation": 180, "texture": "#7"},
				"south": {"uv": [0, 0.5, 0.5, 1], "texture": "#7"},
				"west": {"uv": [0.5, 0, 1, 0.5], "rotation": 180, "texture": "#7"},
				"up": {"uv": [0.5, 0, 1, 0.5], "rotation": 270, "texture": "#7"},
				"down": {"uv": [0.5, 0, 1, 0.5], "rotation": 90, "texture": "#7"}
			}
		},
		{
			"from": [9, 4, -6],
			"to": [10, 5, -5],
			"rotation": {"angle": 0, "axis": "y", "origin": [16, 0, 0]},
			"faces": {
				"north": {"uv": [0, 0.5, 0.5, 1], "texture": "#7"},
				"east": {"uv": [0.5, 0, 1, 0.5], "rotation": 180, "texture": "#7"},
				"south": {"uv": [0, 0.5, 0.5, 1], "texture": "#7"},
				"west": {"uv": [0.5, 0, 1, 0.5], "rotation": 180, "texture": "#7"},
				"up": {"uv": [0.5, 0, 1, 0.5], "rotation": 270, "texture": "#7"},
				"down": {"uv": [0.5, 0, 1, 0.5], "rotation": 90, "texture": "#7"}
			}
		},
		{
			"from": [8, 4, -5],
			"to": [9, 5, -4],
			"rotation": {"angle": 0, "axis": "y", "origin": [16, 0, 0]},
			"faces": {
				"north": {"uv": [0, 0.5, 0.5, 1], "texture": "#7"},
				"east": {"uv": [0.5, 0, 1, 0.5], "rotation": 180, "texture": "#7"},
				"south": {"uv": [0, 0.5, 0.5, 1], "texture": "#7"},
				"west": {"uv": [0.5, 0, 1, 0.5], "rotation": 180, "texture": "#7"},
				"up": {"uv": [0.5, 0, 1, 0.5], "rotation": 270, "texture": "#7"},
				"down": {"uv": [0.5, 0, 1, 0.5], "rotation": 90, "texture": "#7"}
			}
		},
		{
			"from": [13, 4, -7],
			"to": [14, 5, -6],
			"rotation": {"angle": 0, "axis": "y", "origin": [16, 0, 0]},
			"faces": {
				"north": {"uv": [0, 0.5, 0.5, 1], "texture": "#7"},
				"east": {"uv": [0.5, 0, 1, 0.5], "rotation": 180, "texture": "#7"},
				"south": {"uv": [0, 0.5, 0.5, 1], "texture": "#7"},
				"west": {"uv": [0.5, 0, 1, 0.5], "rotation": 180, "texture": "#7"},
				"up": {"uv": [0.5, 0, 1, 0.5], "rotation": 270, "texture": "#7"},
				"down": {"uv": [0.5, 0, 1, 0.5], "rotation": 90, "texture": "#7"}
			}
		},
		{
			"from": [12, 4, -7],
			"to": [13, 5, -6],
			"rotation": {"angle": 0, "axis": "y", "origin": [16, 0, 0]},
			"faces": {
				"north": {"uv": [0, 0.5, 0.5, 1], "texture": "#7"},
				"east": {"uv": [0.5, 0, 1, 0.5], "rotation": 180, "texture": "#7"},
				"south": {"uv": [0, 0.5, 0.5, 1], "texture": "#7"},
				"west": {"uv": [0.5, 0, 1, 0.5], "rotation": 180, "texture": "#7"},
				"up": {"uv": [0.5, 0, 1, 0.5], "rotation": 270, "texture": "#7"},
				"down": {"uv": [0.5, 0, 1, 0.5], "rotation": 90, "texture": "#7"}
			}
		},
		{
			"from": [14, 4, -7],
			"to": [15, 5, -6],
			"rotation": {"angle": 0, "axis": "y", "origin": [16, 0, 0]},
			"faces": {
				"north": {"uv": [0, 0.5, 0.5, 1], "texture": "#7"},
				"east": {"uv": [0.5, 0, 1, 0.5], "rotation": 180, "texture": "#7"},
				"south": {"uv": [0, 0.5, 0.5, 1], "texture": "#7"},
				"west": {"uv": [0.5, 0, 1, 0.5], "rotation": 180, "texture": "#7"},
				"up": {"uv": [0.5, 0, 1, 0.5], "rotation": 270, "texture": "#7"},
				"down": {"uv": [0.5, 0, 1, 0.5], "rotation": 90, "texture": "#7"}
			}
		},
		{
			"from": [15, 4, -6],
			"to": [16, 5, -5],
			"rotation": {"angle": 0, "axis": "y", "origin": [16, 0, 0]},
			"faces": {
				"north": {"uv": [0, 0.5, 0.5, 1], "texture": "#7"},
				"east": {"uv": [0.5, 0, 1, 0.5], "rotation": 180, "texture": "#7"},
				"south": {"uv": [0, 0.5, 0.5, 1], "texture": "#7"},
				"west": {"uv": [0.5, 0, 1, 0.5], "rotation": 180, "texture": "#7"},
				"up": {"uv": [0.5, 0, 1, 0.5], "rotation": 270, "texture": "#7"},
				"down": {"uv": [0.5, 0, 1, 0.5], "rotation": 90, "texture": "#7"}
			}
		},
		{
			"from": [16, 4, -5],
			"to": [17, 5, -4],
			"rotation": {"angle": 0, "axis": "y", "origin": [16, 0, 0]},
			"faces": {
				"north": {"uv": [0, 0.5, 0.5, 1], "texture": "#7"},
				"east": {"uv": [0.5, 0, 1, 0.5], "rotation": 180, "texture": "#7"},
				"south": {"uv": [0, 0.5, 0.5, 1], "texture": "#7"},
				"west": {"uv": [0.5, 0, 1, 0.5], "rotation": 180, "texture": "#7"},
				"up": {"uv": [0.5, 0, 1, 0.5], "rotation": 270, "texture": "#7"},
				"down": {"uv": [0.5, 0, 1, 0.5], "rotation": 90, "texture": "#7"}
			}
		},
		{
			"from": [11, 4, -4.55],
			"to": [12, 5, -4.25],
			"rotation": {"angle": 0, "axis": "y", "origin": [16, 0, 0]},
			"faces": {
				"north": {"uv": [0, 0.5, 0.5, 1], "texture": "#3"},
				"east": {"uv": [0.15, 0, 0.3, 0.5], "rotation": 180, "texture": "#3"},
				"south": {"uv": [0, 0.5, 0.5, 1], "texture": "#3"},
				"west": {"uv": [0.15, 0, 0.3, 0.5], "rotation": 180, "texture": "#3"},
				"up": {"uv": [0.15, 0, 0.3, 0.5], "rotation": 270, "texture": "#3"},
				"down": {"uv": [0.15, 0, 0.3, 0.5], "rotation": 90, "texture": "#3"}
			}
		},
		{
			"from": [12, 4, -4.55],
			"to": [13, 5, -4.25],
			"rotation": {"angle": 0, "axis": "y", "origin": [16, 0, 0]},
			"faces": {
				"north": {"uv": [0, 0.5, 0.5, 1], "texture": "#3"},
				"east": {"uv": [0.15, 0, 0.3, 0.5], "rotation": 180, "texture": "#3"},
				"south": {"uv": [0, 0.5, 0.5, 1], "texture": "#3"},
				"west": {"uv": [0.15, 0, 0.3, 0.5], "rotation": 180, "texture": "#3"},
				"up": {"uv": [0.15, 0, 0.3, 0.5], "rotation": 270, "texture": "#3"},
				"down": {"uv": [0.15, 0, 0.3, 0.5], "rotation": 90, "texture": "#3"}
			}
		},
		{
			"from": [13.1, 4, -4.55],
			"to": [14.1, 5, -4.25],
			"rotation": {"angle": 0, "axis": "y", "origin": [16, 0, 0]},
			"faces": {
				"north": {"uv": [0, 0.5, 0.5, 1], "texture": "#3"},
				"east": {"uv": [0.15, 0, 0.3, 0.5], "rotation": 180, "texture": "#3"},
				"south": {"uv": [0, 0.5, 0.5, 1], "texture": "#3"},
				"west": {"uv": [0.15, 0, 0.3, 0.5], "rotation": 180, "texture": "#3"},
				"up": {"uv": [0.15, 0, 0.3, 0.5], "rotation": 270, "texture": "#3"},
				"down": {"uv": [0.15, 0, 0.3, 0.5], "rotation": 90, "texture": "#3"}
			}
		},
		{
			"from": [14.2, 4, -4.55],
			"to": [15.2, 5, -4.25],
			"rotation": {"angle": 0, "axis": "y", "origin": [16, 0, 0]},
			"faces": {
				"north": {"uv": [0, 0.5, 0.5, 1], "texture": "#3"},
				"east": {"uv": [0.15, 0, 0.3, 0.5], "rotation": 180, "texture": "#3"},
				"south": {"uv": [0, 0.5, 0.5, 1], "texture": "#3"},
				"west": {"uv": [0.15, 0, 0.3, 0.5], "rotation": 180, "texture": "#3"},
				"up": {"uv": [0.15, 0, 0.3, 0.5], "rotation": 270, "texture": "#3"},
				"down": {"uv": [0.15, 0, 0.3, 0.5], "rotation": 90, "texture": "#3"}
			}
		},
		{
			"from": [15.2, 4, -4.55],
			"to": [16.2, 5, -4.25],
			"rotation": {"angle": 0, "axis": "y", "origin": [16, 0, 0]},
			"faces": {
				"north": {"uv": [0, 0.5, 0.5, 1], "texture": "#3"},
				"east": {"uv": [0.15, 0, 0.3, 0.5], "rotation": 180, "texture": "#3"},
				"south": {"uv": [0, 0.5, 0.5, 1], "texture": "#3"},
				"west": {"uv": [0.15, 0, 0.3, 0.5], "rotation": 180, "texture": "#3"},
				"up": {"uv": [0.15, 0, 0.3, 0.5], "rotation": 270, "texture": "#3"},
				"down": {"uv": [0.15, 0, 0.3, 0.5], "rotation": 90, "texture": "#3"}
			}
		},
		{
			"from": [9, 4, -4.55],
			"to": [10, 5, -4.25],
			"rotation": {"angle": 0, "axis": "y", "origin": [16, 0, 0]},
			"faces": {
				"north": {"uv": [0, 0.5, 0.5, 1], "texture": "#3"},
				"east": {"uv": [0.15, 0, 0.3, 0.5], "rotation": 180, "texture": "#3"},
				"south": {"uv": [0, 0.5, 0.5, 1], "texture": "#3"},
				"west": {"uv": [0.15, 0, 0.3, 0.5], "rotation": 180, "texture": "#3"},
				"up": {"uv": [0.15, 0, 0.3, 0.5], "rotation": 270, "texture": "#3"},
				"down": {"uv": [0.15, 0, 0.3, 0.5], "rotation": 90, "texture": "#3"}
			}
		},
		{
			"from": [10, 4, -4.55],
			"to": [11, 5, -4.25],
			"rotation": {"angle": 0, "axis": "y", "origin": [16, 0, 0]},
			"faces": {
				"north": {"uv": [0, 0.5, 0.5, 1], "texture": "#3"},
				"east": {"uv": [0.15, 0, 0.3, 0.5], "rotation": 180, "texture": "#3"},
				"south": {"uv": [0, 0.5, 0.5, 1], "texture": "#3"},
				"west": {"uv": [0.15, 0, 0.3, 0.5], "rotation": 180, "texture": "#3"},
				"up": {"uv": [0.15, 0, 0.3, 0.5], "rotation": 270, "texture": "#3"},
				"down": {"uv": [0.15, 0, 0.3, 0.5], "rotation": 90, "texture": "#3"}
			}
		}
	],
	"display": {
		"thirdperson_righthand": {
			"rotation": [76, -2, 0],
			"translation": [0, 0, -8.5],
			"scale": [0.5, 0.5, 0.51]
		},
		"thirdperson_lefthand": {
			"rotation": [90, -2, 0],
			"translation": [3.25, 0, -8.5],
			"scale": [0.5, 0.5, 0.51]
		},
		"firstperson_lefthand": {
			"translation": [6, 0, 0]
		},
		"ground": {
			"translation": [-2.5, 1.25, 0],
			"scale": [0.5, 0.5, 0.5]
		},
		"gui": {
			"rotation": [-171.26, 29.74, -177.9],
			"translation": [3.25, 1.5, 0],
			"scale": [0.8, 0.8, 0.8]
		},
		"head": {
			"rotation": [13, 12, 0],
			"translation": [-4.5, 12, -2.75],
			"scale": [0.61, 0.66, 0.58]
		},
		"fixed": {
			"rotation": [90, 1, -180],
			"translation": [3.5, 0, -7.25]
		}
	},
	"groups": [
		0,
		{
			"name": "Whisters",
			"origin": [0, -1, 0],
			"color": 0,
			"children": [1, 2, 3, 4]
		},
		{
			"name": "Tail",
			"origin": [0, 0, 0],
			"color": 0,
			"children": [5, 6, 7]
		},
		{
			"name": "Body",
			"origin": [8, 8, 8],
			"color": 0,
			"children": [8, 9, 10, 11, 12, 13, 14, 15, 16, 17, 18, 19, 20, 21]
		},
		{
			"name": "Eyes",
			"origin": [0, 0, 0],
			"color": 0,
			"children": [22, 23]
		},
		{
			"name": "wing1",
			"origin": [0, 0, 0],
			"color": 0,
			"children": [24, 25, 26, 27, 28, 29, 30, 31, 32, 33, 34, 35, 36, 37, 38, 39, 40]
		},
		{
			"name": "wing2",
			"origin": [0, 0, 0],
			"color": 0,
			"children": [41, 42, 43, 44, 45, 46, 47, 48, 49, 50, 51, 52, 53, 54, 55, 56, 57]
		},
		{
			"name": "halo",
			"origin": [8, 8, 8],
			"color": 0,
			"children": [58, 59, 60, 61, 62, 63, 64, 65, 66, 67, 68, 69, 70, 71, 72, 73]
		},
		{
			"name": "arrow",
			"origin": [0, 0, 0],
			"color": 0,
			"children": [
				{
					"name": "arrow tail",
					"origin": [0, 0, 0],
					"color": 8,
					"children": [74, 75, 76]
				},
				{
					"name": "arrow body",
					"origin": [8, 8, 8],
					"color": 0,
					"children": [77, 78, 79, 80, 81, 82, 83, 84]
				},
				{
					"name": "arrow tip",
					"origin": [0, 0, 0],
					"color": 4,
					"children": [85, 86, 87, 88, 89, 90, 91, 92, 93, 94, 95, 96, 97, 98]
				}
			]
		},
		{
			"name": "bow",
			"origin": [8, 8, 8],
			"color": 0,
			"children": [
				{
					"name": "bow frame",
					"origin": [8, 8, 8],
					"color": 0,
					"children": [99, 100, 101, 102, 103, 104, 105, 106, 107]
				},
				{
					"name": "bow string",
					"origin": [8, 8, 8],
					"color": 0,
					"children": [108, 109, 110, 111, 112, 113, 114]
				}
			]
		}
	]
}