{
	"credit": "Made with Blockbench",
	"textures": {
		"0": "item/skeleton",
		"particle": "item/skeleton"
	},
	"elements": [
		{
			"from": [4, 7, 4],
			"to": [12, 15, 12],
			"rotation": {"angle": 0, "axis": "y", "origin": [0, 0.75, -1]},
			"faces": {
				"north": {"uv": [2, 4, 4, 8], "texture": "#0"},
				"east": {"uv": [0, 4, 2, 8], "texture": "#0"},
				"south": {"uv": [6, 4, 8, 8], "texture": "#0"},
				"west": {"uv": [4, 3.5, 6, 8], "texture": "#0"},
				"up": {"uv": [2, 0, 4, 4], "texture": "#0"},
				"down": {"uv": [2, 0, 4, 4], "rotation": 90, "texture": "#0"}
			}
		},
		{
			"from": [5.5, 0, 5.5],
			"to": [10.5, 7, 10.5],
			"rotation": {"angle": 0, "axis": "y", "origin": [0, 0.75, -1]},
			"faces": {
				"north": {"uv": [0, 12, 1.75, 14], "rotation": 90, "texture": "#0"},
				"east": {"uv": [0, 12, 1.75, 14], "rotation": 90, "texture": "#0"},
				"south": {"uv": [0, 12, 1.75, 14], "rotation": 90, "texture": "#0"},
				"west": {"uv": [0, 12, 1.75, 14], "rotation": 90, "texture": "#0"},
				"up": {"uv": [0, 0, 5, 5], "texture": "#0"},
				"down": {"uv": [2, 0, 4, 2.75], "texture": "#0"}
			}
		},
		{
			"from": [4.25, 0.0005, 1.75],
			"to": [6.25, 2.0005, 6.75],
			"rotation": {"angle": 22.5, "axis": "y", "origin": [6, 1, 3.5]},
			"faces": {
				"north": {"uv": [10, 9, 10.5, 10], "texture": "#0"},
				"east": {"uv": [10, 9, 10.5, 12.5], "rotation": 90, "texture": "#0"},
				"south": {"uv": [2, 0, 4, 2], "texture": "#0"},
				"west": {"uv": [10, 9, 10.5, 12.5], "rotation": 90, "texture": "#0"},
				"up": {"uv": [10, 9, 10.5, 12.5], "texture": "#0"},
				"down": {"uv": [10, 9, 10.5, 12.5], "texture": "#0"}
			}
		},
		{
			"from": [9.75, 0.0005, 1.75],
			"to": [11.75, 2.0005, 6.75],
			"rotation": {"angle": -22.5, "axis": "y", "origin": [10, 1, 3.5]},
			"faces": {
				"north": {"uv": [10, 9, 10.5, 10], "texture": "#0"},
				"east": {"uv": [10, 9, 10.5, 12.5], "rotation": 90, "texture": "#0"},
				"south": {"uv": [10, 9, 10.5, 12.5], "texture": "#0"},
				"west": {"uv": [10, 9, 10.5, 12.5], "rotation": 90, "texture": "#0"},
				"up": {"uv": [10, 9, 10.5, 12.5], "texture": "#0"},
				"down": {"uv": [10, 9, 10.5, 12.5], "texture": "#0"}
			}
		},
		{
			"from": [9, 3.75, 6.75],
			"to": [14.5, 6, 9.25],
			"rotation": {"angle": -45, "axis": "z", "origin": [12, 6, 8]},
			"faces": {
				"north": {"uv": [12, 10.75, 10, 11.75], "rotation": 180, "texture": "#0"},
				"east": {"uv": [10.5, 8, 11.25, 9], "texture": "#0"},
				"south": {"uv": [12, 10.75, 10, 11.75], "rotation": 180, "texture": "#0"},
				"west": {"uv": [0, 0, 2.5, 2.25], "texture": "#0"},
				"up": {"uv": [12, 10.75, 10, 11.75], "rotation": 180, "texture": "#0"},
				"down": {"uv": [12, 10.75, 10, 11.75], "rotation": 180, "texture": "#0"}
			}
		},
		{
			"from": [1.5, 3.75, 6.75],
			"to": [7, 6, 9.25],
			"rotation": {"angle": 45, "axis": "z", "origin": [4, 6, 8]},
			"faces": {
				"north": {"uv": [12, 10.75, 10, 11.75], "rotation": 180, "texture": "#0"},
				"east": {"uv": [2.5, 0, 0, 2.25], "texture": "#0"},
				"south": {"uv": [12, 10.75, 10, 11.75], "rotation": 180, "texture": "#0"},
				"west": {"uv": [10.5, 8, 11.25, 9], "texture": "#0"},
				"up": {"uv": [12, 10.75, 10, 11.75], "rotation": 180, "texture": "#0"},
				"down": {"uv": [12, 10.75, 10, 11.75], "rotation": 180, "texture": "#0"}
			}
		}
	],
	"display": {
		"thirdperson_righthand": {
			"translation": [1, 1.75, 0],
			"scale": [0.5, 0.5, 0.5]
		},
		"thirdperson_lefthand": {
			"translation": [1, 1.75, 0],
			"scale": [0.5, 0.5, 0.5]
		},
		"firstperson_righthand": {
			"translation": [1, 1.75, 0],
			"scale": [0.5, 0.5, 0.5]
		},
		"firstperson_lefthand": {
			"translation": [1, 1.75, 0],
			"scale": [0.5, 0.5, 0.5]
		},
		"ground": {
			"translation": [0, 5, 0]
		},
		"gui": {
			"rotation": [-154.25, -33, 180],
			"translation": [0, 0.25, 0],
			"scale": [0.75, 0.75, 0.75]
		},
		"head": {
			"translation": [0, 14.5, 1.5]
		}
	}
}