{
	"format_version": "1.9.0",
	"credit": "Created with Blockbench [Exported as resourcepack with the \"resourcepack_packager\" plugin]",
	"texture_size": [64, 64],
	"textures": {
		"0": "item/skull_slime_hat",
		"particle": "item/skull_slime_hat"
	},
	"elements": [
		{
			"from": [-1, 7, 0],
			"to": [15, 23, 16],
			"rotation": {"angle": 0, "axis": "y", "origin": [-1, 2, 0]},
			"faces": {
				"north": {"uv": [0, 0, 4, 4], "texture": "#0"},
				"east": {"uv": [0, 4, 4, 8], "texture": "#0"},
				"south": {"uv": [4, 0, 8, 4], "texture": "#0"},
				"west": {"uv": [4, 4, 8, 8], "texture": "#0"},
				"up": {"uv": [4, 12, 0, 8], "texture": "#0"},
				"down": {"uv": [12, 0, 8, 4], "texture": "#0"}
			}
		},
		{
			"from": [2.5, 8.75, 1.75],
			"to": [13.5, 19.75, 12.75],
			"rotation": {"angle": -22.5, "axis": "y", "origin": [5.5, 8.75, 3.75]},
			"faces": {
				"north": {"uv": [12.25, 6.75, 9.5, 9.5], "texture": "#0"},
				"east": {"uv": [4, 8, 6.75, 10.75], "texture": "#0"},
				"south": {"uv": [8, 4, 10.75, 6.75], "texture": "#0"},
				"west": {"uv": [6.75, 8, 9.5, 10.75], "texture": "#0"},
				"up": {"uv": [12.25, 12.25, 9.5, 9.5], "rotation": 90, "texture": "#0"},
				"down": {"uv": [6.75, 10.75, 4, 13.5], "rotation": 270, "texture": "#0"}
			}
		}
	],
	"display": {
		"thirdperson_righthand": {
			"rotation": [67.96, -42.31, -8.63],
			"translation": [0.5, 2, 0],
			"scale": [0.24023, 0.24023, 0.24023]
		},
		"thirdperson_lefthand": {
			"rotation": [94.56, 83.19, -11.73],
			"translation": [0.25, 2.75, 0],
			"scale": [0.24023, 0.24023, 0.24023]
		},
		"firstperson_righthand": {
			"rotation": [0, 73.75, 0],
			"translation": [9.75, -3.25, -12.5],
			"scale": [0.72461, 0.72461, 0.72461]
		},
		"firstperson_lefthand": {
			"rotation": [-174.17, -18.97, -165.18],
			"translation": [14.25, -6, -16.25],
			"scale": [0.67773, 0.67773, 0.67773]
		},
		"ground": {
			"scale": [0.38086, 0.38086, 0.38086]
		},
		"gui": {
			"rotation": [171.5, 50.75, -180],
			"translation": [0, -3.75, 0],
			"scale": [0.60352, 0.60352, 0.60352]
		},
		"head": {
			"rotation": [0, -66.5, 0],
			"translation": [0.75, 7, 0],
			"scale": [0.57227, 0.57227, 0.57227]
		},
		"fixed": {
			"rotation": [0, -90, 0],
			"translation": [0, -6, 1.75],
			"scale": [0.89258, 0.89258, 0.89258]
		}
	}
}