{
	"format_version": "1.21.6",
	"credit": "Made with Blockbench",
	"texture_size": [32, 32],
	"textures": {
		"0": "item/spooky_candy_1",
		"particle": "item/spooky_candy_1"
	},
	"elements": [
		{
			"from": [7, 1, 9],
			"to": [9, 7, 10],
			"rotation": {"angle": 0, "axis": "y", "origin": [7, 0, 8]},
			"faces": {
				"north": {"uv": [8, 8, 9, 11], "texture": "#0"},
				"east": {"uv": [10.5, 5, 11, 8], "texture": "#0"},
				"south": {"uv": [9, 0, 10, 3], "texture": "#0"},
				"west": {"uv": [10.5, 8, 11, 11], "texture": "#0"},
				"up": {"uv": [14, 6.5, 13, 6], "texture": "#0"},
				"down": {"uv": [14, 6.5, 13, 7], "texture": "#0"}
			}
		},
		{
			"from": [10, 2, 9],
			"to": [11, 6, 10],
			"rotation": {"angle": 0, "axis": "y", "origin": [9, 0, 8]},
			"faces": {
				"north": {"uv": [7, 12, 7.5, 14], "texture": "#0"},
				"east": {"uv": [7.5, 12, 8, 14], "texture": "#0"},
				"south": {"uv": [9, 12, 9.5, 14], "texture": "#0"},
				"west": {"uv": [12, 9, 12.5, 11], "texture": "#0"},
				"up": {"uv": [14, 4.5, 13.5, 4], "texture": "#0"},
				"down": {"uv": [14, 4.5, 13.5, 5], "texture": "#0"}
			}
		},
		{
			"from": [5, 2, 9],
			"to": [6, 6, 10],
			"rotation": {"angle": 0, "axis": "y", "origin": [5, 0, 8]},
			"faces": {
				"north": {"uv": [9.5, 12, 10, 14], "texture": "#0"},
				"east": {"uv": [11, 12, 11.5, 14], "texture": "#0"},
				"south": {"uv": [12, 11, 12.5, 13], "texture": "#0"},
				"west": {"uv": [11.5, 12, 12, 14], "texture": "#0"},
				"up": {"uv": [14, 5.5, 13.5, 5], "texture": "#0"},
				"down": {"uv": [14, 5.5, 13.5, 6], "texture": "#0"}
			}
		},
		{
			"from": [6, 1.25, 9],
			"to": [7, 6.75, 10],
			"rotation": {"angle": 0, "axis": "y", "origin": [6, 0, 8]},
			"faces": {
				"north": {"uv": [10.5, 11, 11, 13.75], "texture": "#0"},
				"east": {"uv": [11.5, 0, 12, 2.75], "texture": "#0"},
				"south": {"uv": [11.5, 3, 12, 5.75], "texture": "#0"},
				"west": {"uv": [11.5, 6, 12, 8.75], "texture": "#0"},
				"up": {"uv": [14, 7.5, 13.5, 7], "texture": "#0"},
				"down": {"uv": [14, 7.5, 13.5, 8], "texture": "#0"}
			}
		},
		{
			"from": [9, 1.25, 9],
			"to": [10, 6.75, 10],
			"rotation": {"angle": 0, "axis": "y", "origin": [9, 0, 8]},
			"faces": {
				"north": {"uv": [11.5, 9, 12, 11.75], "texture": "#0"},
				"east": {"uv": [12, 0, 12.5, 2.75], "texture": "#0"},
				"south": {"uv": [2, 12, 2.5, 14.75], "texture": "#0"},
				"west": {"uv": [2.5, 12, 3, 14.75], "texture": "#0"},
				"up": {"uv": [14, 8.5, 13.5, 8], "texture": "#0"},
				"down": {"uv": [14, 8.5, 13.5, 9], "texture": "#0"}
			}
		},
		{
			"from": [7, 0, 7],
			"to": [9, 8, 9],
			"rotation": {"angle": 0, "axis": "y", "origin": [7, 0, 7]},
			"faces": {
				"north": {"uv": [6, 0, 7, 4], "texture": "#0"},
				"east": {"uv": [6, 4, 7, 8], "texture": "#0"},
				"south": {"uv": [7, 0, 8, 4], "texture": "#0"},
				"west": {"uv": [7, 4, 8, 8], "texture": "#0"},
				"up": {"uv": [13.5, 1, 12.5, 0], "texture": "#0"},
				"down": {"uv": [13.5, 1, 12.5, 2], "texture": "#0"}
			}
		},
		{
			"from": [10, 1, 7],
			"to": [11, 7, 9],
			"rotation": {"angle": 0, "axis": "y", "origin": [9, 0, 7]},
			"faces": {
				"north": {"uv": [11, 0, 11.5, 3], "texture": "#0"},
				"east": {"uv": [9, 3, 10, 6], "texture": "#0"},
				"south": {"uv": [11, 3, 11.5, 6], "texture": "#0"},
				"west": {"uv": [9, 6, 10, 9], "texture": "#0"},
				"up": {"uv": [13.5, 8, 13, 7], "texture": "#0"},
				"down": {"uv": [13.5, 8, 13, 9], "texture": "#0"}
			}
		},
		{
			"from": [5, 1, 7],
			"to": [6, 7, 9],
			"rotation": {"angle": 0, "axis": "y", "origin": [5, 0, 7]},
			"faces": {
				"north": {"uv": [11, 6, 11.5, 9], "texture": "#0"},
				"east": {"uv": [9, 9, 10, 12], "texture": "#0"},
				"south": {"uv": [8, 11, 8.5, 14], "texture": "#0"},
				"west": {"uv": [0, 10, 1, 13], "texture": "#0"},
				"up": {"uv": [13.5, 10, 13, 9], "texture": "#0"},
				"down": {"uv": [10.5, 13, 10, 14], "texture": "#0"}
			}
		},
		{
			"from": [6, 0.25, 7],
			"to": [7, 7.75, 9],
			"rotation": {"angle": 0, "axis": "y", "origin": [6, 0, 7]},
			"faces": {
				"north": {"uv": [5, 10, 5.5, 13.75], "texture": "#0"},
				"east": {"uv": [8, 0, 9, 3.75], "texture": "#0"},
				"south": {"uv": [10, 5, 10.5, 8.75], "texture": "#0"},
				"west": {"uv": [8, 4, 9, 7.75], "texture": "#0"},
				"up": {"uv": [13.5, 11, 13, 10], "texture": "#0"},
				"down": {"uv": [13.5, 11, 13, 12], "texture": "#0"}
			}
		},
		{
			"from": [9, 0.25, 7],
			"to": [10, 7.75, 9],
			"rotation": {"angle": 0, "axis": "y", "origin": [9, 0, 7]},
			"faces": {
				"north": {"uv": [5.5, 10, 6, 13.75], "texture": "#0"},
				"east": {"uv": [6, 8, 7, 11.75], "texture": "#0"},
				"south": {"uv": [10, 9, 10.5, 12.75], "texture": "#0"},
				"west": {"uv": [7, 8, 8, 11.75], "texture": "#0"},
				"up": {"uv": [12.5, 14, 12, 13], "texture": "#0"},
				"down": {"uv": [13.5, 12, 13, 13], "texture": "#0"}
			}
		},
		{
			"from": [11, 2, 7],
			"to": [12, 6, 9],
			"rotation": {"angle": 0, "axis": "y", "origin": [11, 0, 7]},
			"faces": {
				"north": {"uv": [12.5, 2, 13, 4], "texture": "#0"},
				"east": {"uv": [2, 10, 3, 12], "texture": "#0"},
				"south": {"uv": [12.5, 4, 13, 6], "texture": "#0"},
				"west": {"uv": [3, 10, 4, 12], "texture": "#0"},
				"up": {"uv": [13.5, 14, 13, 13], "texture": "#0"},
				"down": {"uv": [14, 0, 13.5, 1], "texture": "#0"}
			}
		},
		{
			"from": [12, -1, 8],
			"to": [18, 9, 8],
			"rotation": {"angle": 0, "axis": "y", "origin": [12, 0, 7]},
			"faces": {
				"north": {"uv": [0, 5, 3, 10], "texture": "#0"},
				"east": {"uv": [0, 0, 0, 5], "texture": "#0"},
				"south": {"uv": [3, 5, 6, 10], "texture": "#0"},
				"west": {"uv": [0, 0, 0, 5], "texture": "#0"},
				"up": {"uv": [3, 0, 0, 0], "texture": "#0"},
				"down": {"uv": [3, 0, 0, 0], "texture": "#0"}
			}
		},
		{
			"from": [-2, -1, 8],
			"to": [4, 9, 8],
			"rotation": {"angle": 0, "axis": "y", "origin": [-2, 0, 7]},
			"faces": {
				"north": {"uv": [0, 0, 3, 5], "texture": "#0"},
				"east": {"uv": [0, 0, 0, 5], "texture": "#0"},
				"south": {"uv": [3, 0, 6, 5], "texture": "#0"},
				"west": {"uv": [0, 0, 0, 5], "texture": "#0"},
				"up": {"uv": [3, 0, 0, 0], "texture": "#0"},
				"down": {"uv": [3, 0, 0, 0], "texture": "#0"}
			}
		},
		{
			"from": [4, 2, 7],
			"to": [5, 6, 9],
			"rotation": {"angle": 0, "axis": "y", "origin": [4, 0, 7]},
			"faces": {
				"north": {"uv": [12.5, 6, 13, 8], "texture": "#0"},
				"east": {"uv": [10, 3, 11, 5], "texture": "#0"},
				"south": {"uv": [12.5, 8, 13, 10], "texture": "#0"},
				"west": {"uv": [4, 10, 5, 12], "texture": "#0"},
				"up": {"uv": [14, 2, 13.5, 1], "texture": "#0"},
				"down": {"uv": [14, 2, 13.5, 3], "texture": "#0"}
			}
		},
		{
			"from": [7, 1, 6],
			"to": [9, 7, 7],
			"rotation": {"angle": 0, "axis": "y", "origin": [7, 0, 5]},
			"faces": {
				"north": {"uv": [10, 0, 11, 3], "texture": "#0"},
				"east": {"uv": [8.5, 11, 9, 14], "texture": "#0"},
				"south": {"uv": [1, 10, 2, 13], "texture": "#0"},
				"west": {"uv": [11, 9, 11.5, 12], "texture": "#0"},
				"up": {"uv": [14.5, 3.5, 13.5, 3], "texture": "#0"},
				"down": {"uv": [14.5, 3.5, 13.5, 4], "texture": "#0"}
			}
		},
		{
			"from": [10, 2, 6],
			"to": [11, 6, 7],
			"rotation": {"angle": 0, "axis": "y", "origin": [9, 0, 5]},
			"faces": {
				"north": {"uv": [12.5, 10, 13, 12], "texture": "#0"},
				"east": {"uv": [12.5, 12, 13, 14], "texture": "#0"},
				"south": {"uv": [0, 13, 0.5, 15], "texture": "#0"},
				"west": {"uv": [0.5, 13, 1, 15], "texture": "#0"},
				"up": {"uv": [14, 9.5, 13.5, 9], "texture": "#0"},
				"down": {"uv": [14, 9.5, 13.5, 10], "texture": "#0"}
			}
		},
		{
			"from": [5, 2, 6],
			"to": [6, 6, 7],
			"rotation": {"angle": 0, "axis": "y", "origin": [5, 0, 5]},
			"faces": {
				"north": {"uv": [1, 13, 1.5, 15], "texture": "#0"},
				"east": {"uv": [1.5, 13, 2, 15], "texture": "#0"},
				"south": {"uv": [13, 2, 13.5, 4], "texture": "#0"},
				"west": {"uv": [13, 4, 13.5, 6], "texture": "#0"},
				"up": {"uv": [14, 10.5, 13.5, 10], "texture": "#0"},
				"down": {"uv": [14, 10.5, 13.5, 11], "texture": "#0"}
			}
		},
		{
			"from": [6, 1.25, 6],
			"to": [7, 6.75, 7],
			"rotation": {"angle": 0, "axis": "y", "origin": [6, 0, 5]},
			"faces": {
				"north": {"uv": [3, 12, 3.5, 14.75], "texture": "#0"},
				"east": {"uv": [12, 3, 12.5, 5.75], "texture": "#0"},
				"south": {"uv": [3.5, 12, 4, 14.75], "texture": "#0"},
				"west": {"uv": [4, 12, 4.5, 14.75], "texture": "#0"},
				"up": {"uv": [14, 11.5, 13.5, 11], "texture": "#0"},
				"down": {"uv": [14, 11.5, 13.5, 12], "texture": "#0"}
			}
		},
		{
			"from": [9, 1.25, 6],
			"to": [10, 6.75, 7],
			"rotation": {"angle": 0, "axis": "y", "origin": [9, 0, 5]},
			"faces": {
				"north": {"uv": [4.5, 12, 5, 14.75], "texture": "#0"},
				"east": {"uv": [6, 12, 6.5, 14.75], "texture": "#0"},
				"south": {"uv": [12, 6, 12.5, 8.75], "texture": "#0"},
				"west": {"uv": [6.5, 12, 7, 14.75], "texture": "#0"},
				"up": {"uv": [14, 12.5, 13.5, 12], "texture": "#0"},
				"down": {"uv": [14, 12.5, 13.5, 13], "texture": "#0"}
			}
		}
	],
	"display": {
		"thirdperson_righthand": {
			"rotation": [54.25, -2.42, -11.76],
			"translation": [0, 1.5, 0.75],
			"scale": [0.29883, 0.29883, 0.29883]
		},
		"thirdperson_lefthand": {
			"rotation": [102.5, 13.7, 18.66],
			"scale": [0.33203, 0.33203, 0.33203]
		},
		"firstperson_righthand": {
			"rotation": [-44.26, -50.25, -26.42],
			"translation": [-3, 7, 5],
			"scale": [0.27344, 0.27344, 0.27344]
		},
		"firstperson_lefthand": {
			"rotation": [148.57, 54.73, -143.17],
			"translation": [0, 5.75, 2],
			"scale": [0.35938, 0.35938, 0.35938]
		},
		"ground": {
			"rotation": [18.41, -2.63, -10.73],
			"translation": [0, 1.75, 0],
			"scale": [0.42969, 0.42969, 0.42969]
		},
		"gui": {
			"rotation": [-23, 29.5, 0],
			"translation": [0, 2, 0],
			"scale": [0.68359, 0.68359, 0.68359]
		},
		"head": {
			"translation": [0, -6.75, -4.25],
			"scale": [0.51563, 0.51563, 0.51563]
		},
		"fixed": {
			"translation": [0, 4, 0],
			"scale": [0.74023, 0.74023, 0.74023]
		}
	},
	"groups": [
		{
			"name": "group",
			"origin": [7, 0, 7],
			"color": 0,
			"children": [
				{
					"name": "group",
					"origin": [7, 0, 7],
					"color": 0,
					"children": [0, 1, 2, 3, 4]
				},
				{
					"name": "group",
					"origin": [7, 0, 7],
					"color": 0,
					"children": [5, 6, 7, 8, 9, 10, 11, 12, 13]
				},
				{
					"name": "group",
					"origin": [7, 0, 7],
					"color": 0,
					"children": [14, 15, 16, 17, 18]
				}
			]
		}
	]
}