{
	"format_version": "1.21.6",
	"credit": "Made with Blockbench",
	"texture_size": [32, 32],
	"textures": {
		"0": "item/spooky_candy_3",
		"particle": "item/spooky_candy_3"
	},
	"elements": [
		{
			"from": [14, 1, 5.5],
			"to": [16, 1, 10.5],
			"rotation": {"angle": 0, "axis": "y", "origin": [16, 1, 6]},
			"faces": {
				"north": {"uv": [0, 0, 1, 0], "texture": "#0"},
				"east": {"uv": [0, 0, 3, 0], "texture": "#0"},
				"south": {"uv": [0, 0, 1, 0], "texture": "#0"},
				"west": {"uv": [0, 0, 3, 0], "texture": "#0"},
				"up": {"uv": [7, 4, 6, 1], "texture": "#0"},
				"down": {"uv": [7, 4, 6, 7], "texture": "#0"}
			}
		},
		{
			"from": [2, 0, 5],
			"to": [14, 2, 11],
			"rotation": {"angle": 0, "axis": "y", "origin": [2, 0, 6]},
			"faces": {
				"north": {"uv": [0, 6, 6, 7], "texture": "#0"},
				"east": {"uv": [0, 7, 3, 8], "texture": "#0"},
				"south": {"uv": [6, 0, 12, 1], "texture": "#0"},
				"west": {"uv": [7, 1, 10, 2], "texture": "#0"},
				"up": {"uv": [6, 3, 0, 0], "texture": "#0"},
				"down": {"uv": [6, 3, 0, 6], "texture": "#0"}
			}
		},
		{
			"from": [0, 1, 5.5],
			"to": [2, 1, 10.5],
			"rotation": {"angle": 0, "axis": "y", "origin": [2, 1, 6]},
			"faces": {
				"north": {"uv": [0, 0, 1, 0], "texture": "#0"},
				"east": {"uv": [0, 0, 3, 0], "texture": "#0"},
				"south": {"uv": [0, 0, 1, 0], "texture": "#0"},
				"west": {"uv": [0, 0, 3, 0], "texture": "#0"},
				"up": {"uv": [8, 5, 7, 2], "texture": "#0"},
				"down": {"uv": [4, 7, 3, 10], "texture": "#0"}
			}
		}
	],
	"display": {
		"thirdperson_righthand": {
			"rotation": [135.06, -0.49, 179.89],
			"translation": [0, 3.25, -2.5],
			"scale": [0.5, 0.5, 0.5]
		},
		"thirdperson_lefthand": {
			"rotation": [165.45, 3.54, -179.13],
			"translation": [0, 4.25, -1.25],
			"scale": [0.5, 0.5, 0.5]
		},
		"firstperson_righthand": {
			"rotation": [74.37, -16.16, 44.88],
			"translation": [-0.75, 4.25, 1],
			"scale": [0.53906, 0.53906, 0.53906]
		},
		"firstperson_lefthand": {
			"rotation": [91.86, -16.36, 59.36],
			"translation": [0, 4, 0],
			"scale": [0.46094, 0.46094, 0.46094]
		},
		"ground": {
			"rotation": [76.77, 28.66, -28.29],
			"translation": [0, 3.75, 0],
			"scale": [0.67188, 0.67188, 0.67188]
		},
		"gui": {
			"rotation": [95.58, 13.12, -20.44],
			"translation": [2, 0, 0],
			"scale": [0.84961, 0.84961, 0.84961]
		},
		"head": {
			"rotation": [-180, 25, -180],
			"translation": [0, 14.5, 0]
		},
		"fixed": {
			"rotation": [89.79, 0.1, -180],
			"translation": [0, 0, -6.5]
		}
	},
	"groups": [
		{
			"name": "group",
			"origin": [16, 1, 6],
			"color": 0,
			"children": [0, 1, 2]
		}
	]
}